shape_id,shape_pt_lat,shape_pt_lon,shape_pt_sequence,shape_dist_traveled
394,44.2608699,-76.5073289,0,0
394,44.2594019,-76.5099726,1,266
394,44.2591012,-76.5152113,2,685
394,44.2688051,-76.512669,3,1782
394,44.2678463,-76.5103579,4,1995
394,44.2678382,-76.5078956,5,2191
394,44.2656871,-76.5021851,6,2705
394,44.264191,-76.4985941,7,3036
394,44.259533,-76.5035993,8,3689
648,44.27206,-76.43939,0,0
648,44.27214,-76.43941,1,9
648,44.27217,-76.43918,2,27
648,44.2729,-76.43928,3,106
648,44.27328,-76.43915,4,146
648,44.27397,-76.4385,5,235
648,44.27418,-76.43839,6,259
648,44.27472,-76.43827,7,319
648,44.27488,-76.43829,8,336
648,44.27489,-76.43906,9,405
648,44.27481,-76.43905,10,413
648,44.27467,-76.44144,11,612
648,44.27459,-76.44142,12,620
648,44.27454,-76.44256,13,708
648,44.27363,-76.44281,14,809
648,44.2729,-76.44349,15,903
648,44.27254,-76.44363,16,943
648,44.27176,-76.44352,17,1029
648,44.27166,-76.44477,18,1128
648,44.27172,-76.44525,19,1164
648,44.27186,-76.44563,20,1196
648,44.2722,-76.44609,21,1252
826,44.25498,-76.57283,0,0
826,44.25486,-76.57282,1,13
826,44.25483,-76.57389,2,97
826,44.25485,-76.57399,3,105
826,44.25495,-76.57417,4,120
826,44.25506,-76.57424,5,131
826,44.25637,-76.57432,6,275
826,44.2566,-76.57433,7,300
826,44.25677,-76.57429,8,317
826,44.25722,-76.57395,9,380
826,44.25724,-76.57406,10,388
826,44.25738,-76.574,11,403
826,44.25858,-76.57404,12,535
826,44.26051,-76.57397,13,755
826,44.2605,-76.57405,14,761
826,44.26236,-76.57406,15,967
826,44.26488,-76.57402,16,1250
826,44.26516,-76.5741,17,1286
826,44.26732,-76.57417,18,1527
826,44.26737,-76.57577,19,1661
826,44.2673,-76.57576,20,1668
826,44.26729,-76.57731,21,1791
826,44.26693,-76.579,22,1934
826,44.26667,-76.57969,23,1998
826,44.2666,-76.58018,24,2034
826,44.26662,-76.58315,25,2275
826,44.26657,-76.58332,26,2294
826,44.26669,-76.58623,27,2526
826,44.26709,-76.58865,28,2724
826,44.26722,-76.58913,29,2771
880,44.26722,-76.58913,0,0
880,44.26717,-76.58915,1,6
880,44.26728,-76.58988,2,65
880,44.26608,-76.58989,3,198
880,44.26471,-76.58996,4,356
880,44.26472,-76.58988,5,363
880,44.26314,-76.58984,6,537
880,44.26179,-76.58981,7,686
880,44.26088,-76.58975,8,784
880,44.26065,-76.5898,9,809
880,44.26083,-76.59037,10,866
880,44.26074,-76.59038,11,876
880,44.26152,-76.5955,12,1294
880,44.26175,-76.59624,13,1367
880,44.26164,-76.59627,14,1378
880,44.26219,-76.59906,15,1620
880,44.2621,-76.59909,16,1631
880,44.26212,-76.59926,17,1644
880,44.26309,-76.59928,18,1752
880,44.26319,-76.59934,19,1762
880,44.2633,-76.59947,20,1777
880,44.26343,-76.59976,21,1802
880,44.26355,-76.59989,22,1817
880,44.2637,-76.59994,23,1832
880,44.26508,-76.59989,24,1990
880,44.26507,-76.59997,25,1996
880,44.2667,-76.59999,26,2176
880,44.26732,-76.59998,27,2245
880,44.2673,-76.5955,28,2609
880,44.26736,-76.5955,29,2616
880,44.2674,-76.59097,30,2977
880,44.26726,-76.59041,31,3033
880,44.26736,-76.59038,32,3044
880,44.26709,-76.58865,33,3184
880,44.26669,-76.58623,34,3382
880,44.26656,-76.58411,35,3551
880,44.2665,-76.58353,36,3603
880,44.26656,-76.58353,37,3609
880,44.2666,-76.58077,38,3829
880,44.26657,-76.57993,39,3899
880,44.26662,-76.57994,40,3905
880,44.26704,-76.57847,41,4027
880,44.26724,-76.5778,42,4084
880,44.26723,-76.57657,43,4186
880,44.2673,-76.57658,44,4192
880,44.26732,-76.57417,45,4383
880,44.26659,-76.57426,46,4474
880,44.26659,-76.57415,47,4483
880,44.26516,-76.5741,48,4642
880,44.26333,-76.57423,49,4857
880,44.26332,-76.57407,50,4869
880,44.26236,-76.57406,51,4976
880,44.26134,-76.57406,52,5089
880,44.26038,-76.57417,53,5204
880,44.26037,-76.57405,54,5212
880,44.25858,-76.57404,55,5411
880,44.25738,-76.574,56,5543
880,44.25709,-76.57422,57,5585
880,44.25707,-76.57413,58,5592
880,44.25671,-76.57431,59,5634
880,44.25564,-76.57428,60,5749
880,44.25506,-76.57424,61,5813
880,44.25495,-76.57417,62,5824
880,44.25485,-76.57399,63,5839
880,44.25483,-76.57389,64,5847
880,44.25485,-76.57314,65,5906
880,44.25514,-76.57316,66,5938
880,44.2552,-76.57189,67,6039
880,44.25489,-76.57188,68,6072
880,44.25498,-76.57283,69,6160
881,44.26722,-76.58913,0,0
881,44.26717,-76.58915,1,6
881,44.26728,-76.58988,2,65
881,44.26608,-76.58989,3,198
881,44.26471,-76.58996,4,356
881,44.26472,-76.58988,5,363
881,44.26314,-76.58984,6,537
881,44.26179,-76.58981,7,686
881,44.26088,-76.58975,8,784
881,44.26065,-76.5898,9,809
881,44.26083,-76.59037,10,866
881,44.26074,-76.59038,11,876
881,44.26152,-76.5955,12,1294
881,44.26175,-76.59624,13,1367
881,44.26164,-76.59627,14,1378
881,44.26219,-76.59906,15,1620
881,44.2621,-76.59909,16,1631
881,44.26212,-76.59926,17,1644
881,44.26309,-76.59928,18,1752
881,44.26319,-76.59934,19,1762
881,44.2633,-76.59947,20,1777
881,44.26343,-76.59976,21,1802
881,44.26355,-76.59989,22,1817
881,44.2637,-76.59994,23,1832
881,44.26508,-76.59989,24,1990
881,44.26507,-76.59997,25,1996
881,44.2667,-76.59999,26,2176
881,44.26732,-76.59998,27,2245
881,44.2673,-76.5955,28,2609
881,44.26736,-76.5955,29,2616
881,44.2674,-76.59097,30,2977
881,44.26726,-76.59041,31,3033
881,44.26736,-76.59038,32,3044
881,44.26709,-76.58865,33,3184
881,44.26669,-76.58623,34,3382
881,44.26656,-76.58411,35,3551
881,44.2665,-76.58353,36,3603
881,44.26656,-76.58353,37,3609
881,44.2666,-76.58077,38,3829
881,44.26657,-76.57993,39,3899
881,44.26662,-76.57994,40,3905
881,44.26704,-76.57847,41,4027
881,44.26724,-76.5778,42,4084
881,44.26723,-76.57657,43,4186
881,44.2673,-76.57658,44,4192
881,44.26732,-76.57417,45,4383
881,44.26659,-76.57426,46,4474
881,44.26659,-76.57415,47,4483
881,44.26516,-76.5741,48,4642
881,44.26333,-76.57423,49,4857
881,44.26332,-76.57407,50,4869
881,44.26236,-76.57406,51,4976
881,44.26134,-76.57406,52,5089
881,44.26038,-76.57417,53,5204
881,44.26037,-76.57405,54,5212
881,44.25858,-76.57404,55,5411
881,44.25738,-76.574,56,5543
881,44.25709,-76.57422,57,5585
881,44.25707,-76.57413,58,5592
881,44.25671,-76.57431,59,5634
881,44.25564,-76.57428,60,5749
881,44.25506,-76.57424,61,5813
881,44.25495,-76.57417,62,5824
881,44.25485,-76.57399,63,5839
881,44.25483,-76.57389,64,5847
881,44.25485,-76.57314,65,5906
881,44.25514,-76.57316,66,5938
881,44.25507,-76.57294,67,5963
952,44.26722,-76.58913,0,0
952,44.26717,-76.58915,1,6
952,44.26728,-76.58988,2,65
952,44.26608,-76.58989,3,198
952,44.26471,-76.58996,4,356
952,44.26472,-76.58988,5,363
952,44.26314,-76.58984,6,537
952,44.26179,-76.58981,7,686
952,44.26088,-76.58975,8,784
952,44.26065,-76.5898,9,809
952,44.26083,-76.59037,10,866
952,44.26074,-76.59038,11,876
952,44.26152,-76.5955,12,1294
952,44.26175,-76.59624,13,1367
952,44.26164,-76.59627,14,1378
952,44.26219,-76.59906,15,1620
952,44.2621,-76.59909,16,1631
952,44.26212,-76.59926,17,1644
952,44.26309,-76.59928,18,1752
952,44.26319,-76.59934,19,1762
952,44.2633,-76.59947,20,1777
952,44.26343,-76.59976,21,1802
952,44.26355,-76.59989,22,1817
952,44.2637,-76.59994,23,1832
952,44.26508,-76.59989,24,1990
952,44.26507,-76.59997,25,1996
952,44.2667,-76.59999,26,2176
952,44.26732,-76.59998,27,2245
952,44.2673,-76.5955,28,2609
952,44.26736,-76.5955,29,2616
952,44.2674,-76.59097,30,2977
952,44.26726,-76.59041,31,3033
952,44.26736,-76.59038,32,3044
952,44.26709,-76.58865,33,3184
952,44.26669,-76.58623,34,3382
952,44.26656,-76.58411,35,3551
952,44.2665,-76.58353,36,3603
952,44.26656,-76.58353,37,3609
952,44.2666,-76.58077,38,3829
952,44.26657,-76.57993,39,3899
952,44.26662,-76.57994,40,3905
952,44.26704,-76.57847,41,4027
952,44.26724,-76.5778,42,4084
952,44.26723,-76.57657,43,4186
952,44.2673,-76.57658,44,4192
952,44.26732,-76.57417,45,4383
952,44.26659,-76.57426,46,4474
952,44.26659,-76.57415,47,4483
952,44.26516,-76.5741,48,4642
952,44.26333,-76.57423,49,4857
952,44.26332,-76.57407,50,4869
952,44.26236,-76.57406,51,4976
952,44.26134,-76.57406,52,5089
952,44.26038,-76.57417,53,5204
952,44.26037,-76.57405,54,5212
952,44.25858,-76.57404,55,5411
952,44.25738,-76.574,56,5543
952,44.25709,-76.57422,57,5585
952,44.25707,-76.57413,58,5592
952,44.25671,-76.57431,59,5634
952,44.25564,-76.57428,60,5749
952,44.25506,-76.57424,61,5813
952,44.25495,-76.57417,62,5824
952,44.25485,-76.57399,63,5839
952,44.25483,-76.57389,64,5847
952,44.25485,-76.57314,65,5906
952,44.25514,-76.57316,66,5938
952,44.25508,-76.57271,67,5982
974,44.26722,-76.58913,0,0
974,44.26717,-76.58915,1,6
974,44.26728,-76.58988,2,65
974,44.26608,-76.58989,3,198
974,44.26471,-76.58996,4,356
974,44.26472,-76.58988,5,363
974,44.26314,-76.58984,6,537
974,44.26179,-76.58981,7,686
974,44.26088,-76.58975,8,784
974,44.26065,-76.5898,9,809
974,44.26083,-76.59037,10,866
974,44.26074,-76.59038,11,876
974,44.26152,-76.5955,12,1294
974,44.26175,-76.59624,13,1367
974,44.26164,-76.59627,14,1378
974,44.26219,-76.59906,15,1620
974,44.2621,-76.59909,16,1631
974,44.26212,-76.59926,17,1644
974,44.26309,-76.59928,18,1752
974,44.26319,-76.59934,19,1762
974,44.2633,-76.59947,20,1777
974,44.26343,-76.59976,21,1802
974,44.26355,-76.59989,22,1817
974,44.2637,-76.59994,23,1832
974,44.26508,-76.59989,24,1990
974,44.26507,-76.59997,25,1996
974,44.2667,-76.59999,26,2176
974,44.26732,-76.59998,27,2245
974,44.2673,-76.5955,28,2609
974,44.26736,-76.5955,29,2616
974,44.2674,-76.59097,30,2977
974,44.26726,-76.59041,31,3033
974,44.26736,-76.59038,32,3044
974,44.26709,-76.58865,33,3184
974,44.26669,-76.58623,34,3382
974,44.26656,-76.58411,35,3551
974,44.2665,-76.58353,36,3603
974,44.26656,-76.58353,37,3609
974,44.2666,-76.58077,38,3829
974,44.26657,-76.57993,39,3899
974,44.26662,-76.57994,40,3905
974,44.26704,-76.57847,41,4027
974,44.26724,-76.5778,42,4084
974,44.26723,-76.57657,43,4186
974,44.2673,-76.57658,44,4192
974,44.26732,-76.57417,45,4383
974,44.26659,-76.57426,46,4474
974,44.26659,-76.57415,47,4483
974,44.26516,-76.5741,48,4642
974,44.26333,-76.57423,49,4857
974,44.26332,-76.57407,50,4869
974,44.26236,-76.57406,51,4976
974,44.26134,-76.57406,52,5089
974,44.26038,-76.57417,53,5204
974,44.26037,-76.57405,54,5212
974,44.25858,-76.57404,55,5411
974,44.25738,-76.574,56,5543
974,44.25709,-76.57422,57,5585
974,44.25707,-76.57413,58,5592
974,44.25671,-76.57431,59,5634
974,44.25564,-76.57428,60,5749
974,44.25506,-76.57424,61,5813
974,44.25495,-76.57417,62,5824
974,44.25485,-76.57399,63,5839
974,44.25483,-76.57389,64,5847
974,44.25485,-76.57314,65,5906
974,44.25514,-76.57316,66,5938
974,44.25508,-76.57248,67,6001
981,44.25508,-76.57271,0,0
981,44.25516,-76.57271,1,9
981,44.2552,-76.57189,2,74
981,44.25489,-76.57188,3,107
981,44.25485,-76.57314,4,207
981,44.25483,-76.57389,5,266
981,44.25485,-76.57399,6,274
981,44.25495,-76.57417,7,289
981,44.25506,-76.57424,8,300
981,44.25637,-76.57432,9,444
981,44.2566,-76.57433,10,469
981,44.25677,-76.57429,11,486
981,44.25722,-76.57395,12,549
981,44.25724,-76.57406,13,557
981,44.25738,-76.574,14,572
981,44.25858,-76.57404,15,704
981,44.25847,-76.57154,16,903
981,44.25835,-76.56867,17,1132
981,44.2582,-76.56627,18,1335
981,44.25831,-76.56628,19,1347
981,44.25828,-76.56391,20,1536
981,44.25821,-76.55879,21,1944
981,44.25807,-76.55771,22,2045
981,44.25821,-76.5577,23,2060
981,44.25818,-76.5543,24,2331
981,44.25805,-76.55368,25,2393
981,44.25817,-76.55368,26,2406
981,44.25813,-76.54906,27,2774
981,44.25801,-76.54824,28,2854
981,44.25815,-76.54824,29,2869
981,44.25818,-76.54684,30,2981
981,44.25828,-76.54422,31,3189
981,44.25829,-76.54411,32,3197
981,44.25827,-76.54393,33,3211
981,44.2581,-76.54341,34,3251
981,44.25707,-76.54208,35,3403
981,44.25737,-76.54133,36,3482
981,44.25746,-76.54143,37,3494
981,44.25819,-76.54023,38,3619
981,44.25859,-76.53935,39,3701
981,44.25857,-76.53841,40,3789
981,44.25871,-76.53845,41,3804
981,44.25905,-76.53594,42,4006
981,44.25923,-76.53266,43,4268
981,44.25924,-76.53133,44,4374
981,44.2591,-76.52991,45,4488
981,44.25898,-76.52846,46,4604
981,44.25887,-76.52679,47,4737
981,44.25878,-76.5262,48,4795
981,44.25888,-76.52621,49,4807
981,44.25895,-76.52248,50,5104
981,44.25883,-76.52193,51,5162
981,44.25896,-76.52193,52,5176
981,44.25896,-76.51918,53,5395
981,44.25889,-76.51422,54,5804
981,44.25904,-76.51424,55,5820
981,44.25923,-76.50947,56,6201
981,44.25914,-76.50893,57,6256
981,44.25927,-76.50895,58,6270
981,44.25935,-76.50707,59,6419
981,44.25939,-76.50622,60,6487
981,44.26018,-76.50624,61,6582
993,44.24314,-76.51625,0,0
993,44.24325,-76.51615,1,14
993,44.24264,-76.51476,2,144
993,44.2418,-76.5129,3,319
993,44.24115,-76.51153,4,449
993,44.23994,-76.50871,5,708
993,44.23954,-76.50803,6,786
993,44.23962,-76.50797,7,795
993,44.23868,-76.50573,8,1001
993,44.23769,-76.50338,9,1218
993,44.23709,-76.50193,10,1351
993,44.23652,-76.50081,11,1470
993,44.2366,-76.50075,12,1480
993,44.2359,-76.49907,13,1634
993,44.23524,-76.49748,14,1780
993,44.23452,-76.49571,15,1942
993,44.23346,-76.49304,16,2185
993,44.2329,-76.49151,17,2328
993,44.23297,-76.49149,18,2335
993,44.23259,-76.48902,19,2535
993,44.23232,-76.48728,20,2677
993,44.23205,-76.48556,21,2817
993,44.23183,-76.48417,22,2930
993,44.23138,-76.48441,23,2990
1044,44.26341,-76.60655,0,0
1044,44.26328,-76.60659,1,14
1044,44.26365,-76.60902,2,211
1044,44.26402,-76.61183,3,438
1044,44.26452,-76.6156,4,743
1044,44.26464,-76.61651,5,817
1044,44.26806,-76.61584,6,1200
1044,44.26885,-76.61555,7,1291
1044,44.26867,-76.61784,8,1475
1044,44.26917,-76.61777,9,1537
1044,44.26916,-76.61787,10,1544
1044,44.27268,-76.61775,11,1942
1044,44.27268,-76.61787,12,1951
1044,44.27281,-76.61787,13,1966
1044,44.27295,-76.62065,14,2188
1044,44.27304,-76.62195,15,2292
1044,44.27312,-76.62323,16,2394
1044,44.27321,-76.62471,17,2512
1044,44.27157,-76.62478,18,2700
1063,44.27157,-76.62478,0,0
1063,44.27157,-76.62469,1,6
1063,44.26835,-76.62472,2,370
1063,44.26835,-76.62463,3,377
1063,44.26572,-76.6246,4,667
1063,44.26557,-76.6241,5,717
1063,44.26565,-76.62408,6,725
1063,44.26533,-76.62167,7,920
1063,44.26464,-76.61651,8,1339
1063,44.26425,-76.61358,9,1576
1063,44.26365,-76.60902,10,1945
1063,44.26331,-76.6068,11,2126
1063,44.26317,-76.60634,12,2172
1063,44.26324,-76.60632,13,2179
1063,44.26289,-76.6041,14,2360
1063,44.26212,-76.59926,15,2756
1063,44.26309,-76.59928,16,2864
1063,44.26319,-76.59934,17,2874
1063,44.2633,-76.59947,18,2889
1063,44.26343,-76.59976,19,2914
1063,44.26355,-76.59989,20,2929
1063,44.2637,-76.59994,21,2944
1063,44.26508,-76.59989,22,3102
1063,44.26507,-76.59997,23,3108
1063,44.2667,-76.59999,24,3288
1063,44.26732,-76.59998,25,3357
1063,44.2673,-76.5955,26,3721
1063,44.26736,-76.5955,27,3728
1063,44.2674,-76.59097,28,4089
1063,44.26726,-76.59041,29,4145
1063,44.26736,-76.59038,30,4156
1063,44.26709,-76.58865,31,4296
1063,44.26669,-76.58623,32,4494
1063,44.26656,-76.58411,33,4663
1063,44.2665,-76.58353,34,4715
1063,44.26656,-76.58353,35,4721
1063,44.2666,-76.58077,36,4941
1063,44.26657,-76.57993,37,5011
1063,44.26662,-76.57994,38,5017
1063,44.26704,-76.57847,39,5139
1063,44.26724,-76.5778,40,5196
1063,44.26723,-76.57657,41,5298
1063,44.2673,-76.57658,42,5304
1063,44.26732,-76.57417,43,5495
1063,44.26659,-76.57426,44,5586
1063,44.26659,-76.57415,45,5595
1063,44.26516,-76.5741,46,5754
1063,44.26333,-76.57423,47,5969
1063,44.26332,-76.57407,48,5981
1063,44.26236,-76.57406,49,6088
1063,44.26134,-76.57406,50,6201
1063,44.26038,-76.57417,51,6316
1063,44.26037,-76.57405,52,6324
1063,44.25858,-76.57404,53,6523
1063,44.25738,-76.574,54,6655
1063,44.25709,-76.57422,55,6697
1063,44.25707,-76.57413,56,6704
1063,44.25671,-76.57431,57,6746
1063,44.25564,-76.57428,58,6861
1063,44.25506,-76.57424,59,6925
1063,44.25495,-76.57417,60,6936
1063,44.25485,-76.57399,61,6951
1063,44.25483,-76.57389,62,6959
1063,44.25485,-76.57314,63,7018
1063,44.25514,-76.57316,64,7050
1063,44.2552,-76.57189,65,7151
1063,44.25489,-76.57188,66,7184
1063,44.25498,-76.57283,67,7272
1088,44.25498,-76.57283,0,0
1088,44.25486,-76.57282,1,13
1088,44.25483,-76.57389,2,97
1088,44.25485,-76.57399,3,105
1088,44.25495,-76.57417,4,120
1088,44.25506,-76.57424,5,131
1088,44.25637,-76.57432,6,275
1088,44.2566,-76.57433,7,300
1088,44.25677,-76.57429,8,317
1088,44.25722,-76.57395,9,380
1088,44.25724,-76.57406,10,388
1088,44.25738,-76.574,11,403
1088,44.25858,-76.57404,12,535
1088,44.26051,-76.57397,13,755
1088,44.2605,-76.57405,14,761
1088,44.26236,-76.57406,15,967
1088,44.26488,-76.57402,16,1250
1088,44.26516,-76.5741,17,1286
1088,44.26732,-76.57417,18,1527
1088,44.26737,-76.57577,19,1661
1088,44.2673,-76.57576,20,1668
1088,44.26729,-76.57731,21,1791
1088,44.26693,-76.579,22,1934
1088,44.26667,-76.57969,23,1998
1088,44.2666,-76.58018,24,2034
1088,44.26662,-76.58315,25,2275
1088,44.26657,-76.58332,26,2294
1088,44.26669,-76.58623,27,2526
1088,44.26709,-76.58865,28,2724
1088,44.26722,-76.58913,29,2771
1088,44.26717,-76.58915,30,2777
1088,44.26728,-76.58988,31,2836
1088,44.26608,-76.58989,32,2969
1088,44.26471,-76.58996,33,3127
1088,44.26472,-76.58988,34,3134
1088,44.26314,-76.58984,35,3308
1088,44.26179,-76.58981,36,3457
1088,44.26088,-76.58975,37,3555
1088,44.26065,-76.5898,38,3580
1088,44.26083,-76.59037,39,3637
1088,44.26074,-76.59038,40,3647
1088,44.26152,-76.5955,41,4065
1088,44.26175,-76.59624,42,4138
1088,44.26164,-76.59627,43,4149
1088,44.26219,-76.59906,44,4391
1088,44.2621,-76.59909,45,4402
1088,44.26289,-76.6041,46,4811
1088,44.26341,-76.60655,47,5028
1088,44.26328,-76.60659,48,5042
1088,44.26365,-76.60902,49,5239
1088,44.26402,-76.61183,50,5466
1088,44.26452,-76.6156,51,5771
1088,44.26464,-76.61651,52,5845
1088,44.26806,-76.61584,53,6228
1088,44.26885,-76.61555,54,6319
1088,44.26867,-76.61784,55,6503
1088,44.26917,-76.61777,56,6565
1088,44.26916,-76.61787,57,6572
1088,44.27268,-76.61775,58,6970
1088,44.27268,-76.61787,59,6979
1088,44.27281,-76.61787,60,6994
1088,44.27295,-76.62065,61,7216
1088,44.27304,-76.62195,62,7320
1088,44.27312,-76.62323,63,7422
1088,44.27321,-76.62471,64,7540
1088,44.27157,-76.62478,65,7728
1117,44.25508,-76.57215,0,0
1117,44.25519,-76.57216,1,12
1117,44.2552,-76.57189,2,33
1117,44.25489,-76.57188,3,66
1117,44.25483,-76.57389,4,225
1117,44.25485,-76.57399,5,233
1117,44.25495,-76.57417,6,248
1117,44.25506,-76.57424,7,259
1117,44.2566,-76.57433,8,428
1117,44.25738,-76.574,9,515
1117,44.25858,-76.57404,10,647
1117,44.25847,-76.57154,11,846
1117,44.25835,-76.56867,12,1075
1117,44.25828,-76.56391,13,1455
1117,44.25821,-76.55879,14,1863
1117,44.25807,-76.55771,15,1964
1117,44.25821,-76.5577,16,1979
1117,44.25818,-76.5543,17,2250
1117,44.25805,-76.55368,18,2312
1117,44.25817,-76.55368,19,2325
1117,44.25813,-76.54906,20,2693
1117,44.25801,-76.54824,21,2773
1117,44.25815,-76.54824,22,2788
1117,44.25828,-76.54422,23,3108
1117,44.25829,-76.54411,24,3116
1117,44.25827,-76.54393,25,3130
1117,44.2581,-76.54341,26,3170
1117,44.25527,-76.5397,27,3597
1117,44.25324,-76.53699,28,3910
1117,44.25211,-76.53479,29,4124
1117,44.25131,-76.53342,30,4277
1117,44.25138,-76.53335,31,4287
1117,44.24954,-76.52965,32,4646
1117,44.2487,-76.52789,33,4814
1117,44.2477,-76.5258,34,5014
1117,44.2469,-76.52432,35,5170
1117,44.24697,-76.52425,36,5178
1117,44.24511,-76.5203,37,5555
1117,44.24458,-76.51911,38,5666
1117,44.24344,-76.51666,39,5898
1117,44.24314,-76.51625,40,5954
1117,44.24325,-76.51615,41,5968
1117,44.24264,-76.51476,42,6098
1117,44.2418,-76.5129,43,6273
1117,44.24115,-76.51153,44,6403
1117,44.23994,-76.50871,45,6662
1117,44.23954,-76.50803,46,6740
1117,44.23962,-76.50797,47,6749
1117,44.23868,-76.50573,48,6955
1117,44.23769,-76.50338,49,7172
1117,44.23709,-76.50193,50,7305
1117,44.23652,-76.50081,51,7424
1117,44.2366,-76.50075,52,7434
1117,44.2359,-76.49907,53,7588
1117,44.23524,-76.49748,54,7734
1117,44.23452,-76.49571,55,7896
1117,44.23346,-76.49304,56,8139
1117,44.2329,-76.49151,57,8282
1117,44.23297,-76.49149,58,8289
1117,44.23259,-76.48902,59,8489
1117,44.23232,-76.48728,60,8631
1117,44.23205,-76.48556,61,8771
1117,44.23183,-76.48417,62,8884
1117,44.23138,-76.48441,63,8944
1169,44.25508,-76.57215,0,0
1169,44.25519,-76.57216,1,12
1169,44.2552,-76.57189,2,33
1169,44.25489,-76.57188,3,66
1169,44.25485,-76.57314,4,166
1169,44.25483,-76.57389,5,225
1169,44.25485,-76.57399,6,233
1169,44.25495,-76.57417,7,248
1169,44.25506,-76.57424,8,259
1169,44.25637,-76.57432,9,403
1169,44.2566,-76.57433,10,428
1169,44.25677,-76.57429,11,445
1169,44.25722,-76.57395,12,508
1169,44.25724,-76.57406,13,516
1169,44.25738,-76.574,14,531
1169,44.25858,-76.57404,15,663
1169,44.25847,-76.57154,16,862
1169,44.25835,-76.56867,17,1091
1169,44.2582,-76.56627,18,1294
1169,44.25831,-76.56628,19,1306
1169,44.25828,-76.56391,20,1495
1169,44.25821,-76.55879,21,1903
1169,44.25807,-76.55771,22,2004
1169,44.25821,-76.5577,23,2019
1169,44.25818,-76.5543,24,2290
1169,44.25805,-76.55368,25,2352
1169,44.25817,-76.55368,26,2365
1169,44.25813,-76.54906,27,2733
1169,44.25801,-76.54824,28,2813
1169,44.25815,-76.54824,29,2828
1169,44.25818,-76.54684,30,2940
1169,44.25828,-76.54422,31,3148
1169,44.25829,-76.54411,32,3156
1169,44.25827,-76.54393,33,3170
1169,44.2581,-76.54341,34,3210
1169,44.25707,-76.54208,35,3362
1169,44.25652,-76.54166,36,3449
1169,44.25662,-76.54148,37,3467
1169,44.25527,-76.5397,38,3673
1169,44.25324,-76.53699,39,3986
1169,44.25211,-76.53479,40,4200
1169,44.25131,-76.53342,41,4353
1169,44.25141,-76.53333,42,4366
1169,44.24995,-76.53069,43,4643
1169,44.25005,-76.5306,44,4656
1169,44.24873,-76.52786,45,4918
1169,44.24772,-76.52578,46,5118
1169,44.2469,-76.52432,47,5277
1169,44.24699,-76.52423,48,5289
1169,44.24513,-76.52028,49,5666
1169,44.2446,-76.51936,50,5771
1169,44.24469,-76.51928,51,5783
1169,44.24346,-76.51664,52,6033
1169,44.24286,-76.51706,53,6107
1169,44.24231,-76.51704,54,6168
1169,44.24231,-76.5167,55,6195
1169,44.24215,-76.51677,56,6218
1169,44.24176,-76.5167,57,6265
1169,44.24173,-76.51696,58,6286
1169,44.24059,-76.51701,59,6412
1169,44.24077,-76.51451,60,6612
1169,44.24075,-76.51358,61,6698
1169,44.24086,-76.5136,62,6711
1169,44.24093,-76.51216,63,6825
1169,44.2407,-76.51049,64,6959
1169,44.23994,-76.50871,65,7121
1169,44.23954,-76.50803,66,7199
1169,44.23962,-76.50797,67,7208
1169,44.23868,-76.50573,68,7414
1169,44.2384,-76.50535,69,7466
1169,44.23849,-76.50528,70,7477
1169,44.23769,-76.50338,71,7652
1169,44.23757,-76.5033,72,7672
1169,44.23763,-76.50324,73,7680
1169,44.23709,-76.50193,74,7800
1169,44.23652,-76.50081,75,7919
1169,44.2366,-76.50075,76,7929
1169,44.2359,-76.49907,77,8083
1169,44.23524,-76.49773,78,8220
1169,44.23532,-76.49767,79,8229
1169,44.23481,-76.49639,80,8345
1169,44.23426,-76.4953,81,8459
1169,44.23434,-76.49525,82,8468
1169,44.23346,-76.49304,83,8669
1169,44.2329,-76.49151,84,8812
1169,44.23297,-76.49149,85,8819
1169,44.23259,-76.48902,86,9019
1169,44.23237,-76.48795,87,9112
1169,44.23205,-76.48556,88,9310
1169,44.23183,-76.48417,89,9423
1169,44.23138,-76.48441,90,9483
1170,44.25508,-76.57215,0,0
1170,44.25519,-76.57216,1,12
1170,44.2552,-76.57189,2,33
1170,44.25489,-76.57188,3,66
1170,44.25485,-76.57314,4,166
1170,44.25483,-76.57389,5,225
1170,44.25485,-76.57399,6,233
1170,44.25495,-76.57417,7,248
1170,44.25506,-76.57424,8,259
1170,44.25637,-76.57432,9,403
1170,44.2566,-76.57433,10,428
1170,44.25677,-76.57429,11,445
1170,44.25722,-76.57395,12,508
1170,44.25724,-76.57406,13,516
1170,44.25738,-76.574,14,531
1170,44.25858,-76.57404,15,663
1170,44.25847,-76.57154,16,862
1170,44.25835,-76.56867,17,1091
1170,44.2582,-76.56627,18,1294
1170,44.25831,-76.56628,19,1306
1170,44.25828,-76.56391,20,1495
1170,44.25821,-76.55879,21,1903
1170,44.25807,-76.55771,22,2004
1170,44.25821,-76.5577,23,2019
1170,44.25818,-76.5543,24,2290
1170,44.25805,-76.55368,25,2352
1170,44.25817,-76.55368,26,2365
1170,44.25813,-76.54906,27,2733
1170,44.25801,-76.54824,28,2813
1170,44.25815,-76.54824,29,2828
1170,44.25818,-76.54684,30,2940
1170,44.25828,-76.54422,31,3148
1170,44.25829,-76.54411,32,3156
1170,44.25827,-76.54393,33,3170
1170,44.2581,-76.54341,34,3210
1170,44.25707,-76.54208,35,3362
1170,44.25652,-76.54166,36,3449
1170,44.25662,-76.54148,37,3467
1170,44.25527,-76.5397,38,3673
1170,44.25324,-76.53699,39,3986
1170,44.25211,-76.53479,40,4200
1170,44.25131,-76.53342,41,4353
1170,44.25141,-76.53333,42,4366
1170,44.24995,-76.53069,43,4643
1170,44.25005,-76.5306,44,4656
1170,44.24873,-76.52786,45,4918
1170,44.24772,-76.52578,46,5118
1170,44.2469,-76.52432,47,5277
1170,44.24699,-76.52423,48,5289
1170,44.24513,-76.52028,49,5666
1170,44.2446,-76.51936,50,5771
1170,44.24469,-76.51928,51,5783
1170,44.24346,-76.51664,52,6033
1170,44.24286,-76.51706,53,6107
1170,44.24231,-76.51704,54,6168
1170,44.24231,-76.5167,55,6195
1170,44.24215,-76.51677,56,6218
1170,44.24176,-76.5167,57,6265
1170,44.24173,-76.51696,58,6286
1170,44.24059,-76.51701,59,6412
1170,44.24077,-76.51451,60,6612
1170,44.24075,-76.51358,61,6698
1170,44.24086,-76.5136,62,6711
1170,44.24093,-76.51216,63,6825
1170,44.2407,-76.51049,64,6959
1170,44.23994,-76.50871,65,7121
1170,44.23954,-76.50803,66,7199
1170,44.23962,-76.50797,67,7208
1170,44.23868,-76.50573,68,7414
1170,44.2384,-76.50535,69,7466
1170,44.23849,-76.50528,70,7477
1170,44.23769,-76.50338,71,7652
1170,44.23757,-76.5033,72,7672
1170,44.23763,-76.50324,73,7680
1170,44.23709,-76.50193,74,7800
1170,44.23652,-76.50081,75,7919
1170,44.2366,-76.50075,76,7929
1170,44.2359,-76.49907,77,8083
1170,44.23524,-76.49773,78,8220
1170,44.23532,-76.49767,79,8229
1170,44.23481,-76.49639,80,8345
1170,44.23426,-76.4953,81,8459
1170,44.23434,-76.49525,82,8468
1170,44.23346,-76.49304,83,8669
1170,44.2329,-76.49151,84,8812
1170,44.23297,-76.49149,85,8819
1170,44.23259,-76.48902,86,9019
1170,44.23237,-76.48795,87,9112
1170,44.23205,-76.48556,88,9310
1170,44.23183,-76.48417,89,9423
1170,44.23093,-76.48447,90,9525
1170,44.23107,-76.48491,91,9570
1186,44.27157,-76.62478,0,0
1186,44.27157,-76.62469,1,6
1186,44.26835,-76.62472,2,370
1186,44.26835,-76.62463,3,377
1186,44.26572,-76.6246,4,667
1186,44.26557,-76.6241,5,717
1186,44.26565,-76.62408,6,725
1186,44.26533,-76.62167,7,920
1186,44.26464,-76.61651,8,1339
1186,44.26425,-76.61358,9,1576
1186,44.26365,-76.60902,10,1945
1186,44.26331,-76.6068,11,2126
1186,44.26317,-76.60634,12,2172
1186,44.26324,-76.60632,13,2179
1186,44.26289,-76.6041,14,2360
1186,44.26212,-76.59926,15,2756
1186,44.26309,-76.59928,16,2864
1186,44.26319,-76.59934,17,2874
1186,44.2633,-76.59947,18,2889
1186,44.26343,-76.59976,19,2914
1186,44.26355,-76.59989,20,2929
1186,44.2637,-76.59994,21,2944
1186,44.26508,-76.59989,22,3102
1186,44.26507,-76.59997,23,3108
1186,44.2667,-76.59999,24,3288
1186,44.26732,-76.59998,25,3357
1186,44.2673,-76.5955,26,3721
1186,44.26736,-76.5955,27,3728
1186,44.2674,-76.59097,28,4089
1186,44.26726,-76.59041,29,4145
1186,44.26736,-76.59038,30,4156
1186,44.26709,-76.58865,31,4296
1186,44.26669,-76.58623,32,4494
1186,44.26656,-76.58411,33,4663
1186,44.2665,-76.58353,34,4715
1186,44.26656,-76.58353,35,4721
1186,44.2666,-76.58077,36,4941
1186,44.26657,-76.57993,37,5011
1186,44.26662,-76.57994,38,5017
1186,44.26704,-76.57847,39,5139
1186,44.26724,-76.5778,40,5196
1186,44.26723,-76.57657,41,5298
1186,44.2673,-76.57658,42,5304
1186,44.26732,-76.57417,43,5495
1186,44.26659,-76.57426,44,5586
1186,44.26659,-76.57415,45,5595
1186,44.26516,-76.5741,46,5754
1186,44.26333,-76.57423,47,5969
1186,44.26332,-76.57407,48,5981
1186,44.26236,-76.57406,49,6088
1186,44.26134,-76.57406,50,6201
1186,44.26038,-76.57417,51,6316
1186,44.26037,-76.57405,52,6324
1186,44.25858,-76.57404,53,6523
1186,44.25738,-76.574,54,6655
1186,44.25709,-76.57422,55,6697
1186,44.25707,-76.57413,56,6704
1186,44.25671,-76.57431,57,6746
1186,44.25564,-76.57428,58,6861
1186,44.25506,-76.57424,59,6925
1186,44.25495,-76.57417,60,6936
1186,44.25485,-76.57399,61,6951
1186,44.25483,-76.57389,62,6959
1186,44.25485,-76.57314,63,7018
1186,44.25514,-76.57316,64,7050
1186,44.2552,-76.57189,65,7151
1186,44.25489,-76.57188,66,7184
1186,44.25499,-76.57238,67,7236
1191,44.27157,-76.62478,0,0
1191,44.27157,-76.62469,1,6
1191,44.26835,-76.62472,2,370
1191,44.26835,-76.62463,3,377
1191,44.26572,-76.6246,4,667
1191,44.26557,-76.6241,5,717
1191,44.26565,-76.62408,6,725
1191,44.26533,-76.62167,7,920
1191,44.26464,-76.61651,8,1339
1191,44.26425,-76.61358,9,1576
1191,44.26365,-76.60902,10,1945
1191,44.26331,-76.6068,11,2126
1191,44.26317,-76.60634,12,2172
1191,44.26324,-76.60632,13,2179
1191,44.26289,-76.6041,14,2360
1191,44.26212,-76.59926,15,2756
1191,44.26309,-76.59928,16,2864
1191,44.26319,-76.59934,17,2874
1191,44.2633,-76.59947,18,2889
1191,44.26343,-76.59976,19,2914
1191,44.26355,-76.59989,20,2929
1191,44.2637,-76.59994,21,2944
1191,44.26508,-76.59989,22,3102
1191,44.26507,-76.59997,23,3108
1191,44.2667,-76.59999,24,3288
1191,44.26732,-76.59998,25,3357
1191,44.2673,-76.5955,26,3721
1191,44.26736,-76.5955,27,3728
1191,44.2674,-76.59097,28,4089
1191,44.26726,-76.59041,29,4145
1191,44.26736,-76.59038,30,4156
1191,44.26709,-76.58865,31,4296
1191,44.26669,-76.58623,32,4494
1191,44.26656,-76.58411,33,4663
1191,44.2665,-76.58353,34,4715
1191,44.26656,-76.58353,35,4721
1191,44.2666,-76.58077,36,4941
1191,44.26657,-76.57993,37,5011
1191,44.26662,-76.57994,38,5017
1191,44.26704,-76.57847,39,5139
1191,44.26724,-76.5778,40,5196
1191,44.26723,-76.57657,41,5298
1191,44.2673,-76.57658,42,5304
1191,44.26732,-76.57417,43,5495
1191,44.26659,-76.57426,44,5586
1191,44.26659,-76.57415,45,5595
1191,44.26516,-76.5741,46,5754
1191,44.26333,-76.57423,47,5969
1191,44.26332,-76.57407,48,5981
1191,44.26236,-76.57406,49,6088
1191,44.26134,-76.57406,50,6201
1191,44.26038,-76.57417,51,6316
1191,44.26037,-76.57405,52,6324
1191,44.25858,-76.57404,53,6523
1191,44.25738,-76.574,54,6655
1191,44.25709,-76.57422,55,6697
1191,44.25707,-76.57413,56,6704
1191,44.25671,-76.57431,57,6746
1191,44.25564,-76.57428,58,6861
1191,44.25506,-76.57424,59,6925
1191,44.25495,-76.57417,60,6936
1191,44.25485,-76.57399,61,6951
1191,44.25483,-76.57389,62,6959
1191,44.25485,-76.57314,63,7018
1191,44.25514,-76.57316,64,7050
1191,44.25508,-76.57248,65,7113
1300,44.26722,-76.58913,0,0
1300,44.26717,-76.58915,1,6
1300,44.26728,-76.58988,2,65
1300,44.26608,-76.58989,3,198
1300,44.26471,-76.58996,4,356
1300,44.26472,-76.58988,5,363
1300,44.26314,-76.58984,6,537
1300,44.26179,-76.58981,7,686
1300,44.26088,-76.58975,8,784
1300,44.26065,-76.5898,9,809
1300,44.26083,-76.59037,10,866
1300,44.26074,-76.59038,11,876
1300,44.26152,-76.5955,12,1294
1300,44.26175,-76.59624,13,1367
1300,44.26164,-76.59627,14,1378
1300,44.26219,-76.59906,15,1620
1300,44.2621,-76.59909,16,1631
1300,44.26212,-76.59926,17,1644
1300,44.26309,-76.59928,18,1752
1300,44.26319,-76.59934,19,1762
1300,44.2633,-76.59947,20,1777
1300,44.26343,-76.59976,21,1802
1300,44.26355,-76.59989,22,1817
1300,44.2637,-76.59994,23,1832
1300,44.26508,-76.59989,24,1990
1300,44.26507,-76.59997,25,1996
1300,44.2667,-76.59999,26,2176
1300,44.26732,-76.59998,27,2245
1300,44.2673,-76.5955,28,2609
1300,44.26736,-76.5955,29,2616
1300,44.2674,-76.59097,30,2977
1300,44.26726,-76.59041,31,3033
1300,44.26736,-76.59038,32,3044
1300,44.26709,-76.58865,33,3184
1300,44.26669,-76.58623,34,3382
1300,44.26656,-76.58411,35,3551
1300,44.2665,-76.58353,36,3603
1300,44.26656,-76.58353,37,3609
1300,44.2666,-76.58077,38,3829
1300,44.26657,-76.57993,39,3899
1300,44.26662,-76.57994,40,3905
1300,44.26704,-76.57847,41,4027
1300,44.26724,-76.5778,42,4084
1300,44.26723,-76.57657,43,4186
1300,44.2673,-76.57658,44,4192
1300,44.26732,-76.57417,45,4383
1300,44.26659,-76.57426,46,4474
1300,44.26659,-76.57415,47,4483
1300,44.26516,-76.5741,48,4642
1300,44.26333,-76.57423,49,4857
1300,44.26332,-76.57407,50,4869
1300,44.26236,-76.57406,51,4976
1300,44.26134,-76.57406,52,5089
1300,44.26038,-76.57417,53,5204
1300,44.26037,-76.57405,54,5212
1300,44.25858,-76.57404,55,5411
1300,44.25738,-76.574,56,5543
1300,44.25709,-76.57422,57,5585
1300,44.25707,-76.57413,58,5592
1300,44.25671,-76.57431,59,5634
1300,44.25564,-76.57428,60,5749
1300,44.25506,-76.57424,61,5813
1300,44.25495,-76.57417,62,5824
1300,44.25485,-76.57399,63,5839
1300,44.25483,-76.57389,64,5847
1300,44.25485,-76.57314,65,5906
1300,44.25514,-76.57316,66,5938
1300,44.25508,-76.57215,67,6029
1311,44.25851,-76.50624,0,0
1311,44.25852,-76.50614,1,8
1311,44.25595,-76.50589,2,293
1311,44.25596,-76.50403,3,447
1311,44.25603,-76.50403,4,454
1311,44.25609,-76.50114,5,692
1311,44.25618,-76.50115,6,701
1311,44.25625,-76.49963,7,823
1311,44.25626,-76.49763,8,990
1311,44.25634,-76.49764,9,999
1311,44.25637,-76.49719,10,1035
1311,44.25775,-76.49738,11,1189
1311,44.25876,-76.49754,12,1300
1311,44.2597,-76.49786,13,1402
1311,44.26057,-76.49822,14,1502
1311,44.26166,-76.49828,15,1621
1311,44.26279,-76.49826,16,1746
1311,44.26366,-76.49817,17,1851
1311,44.26366,-76.49829,18,1860
1311,44.26385,-76.49832,19,1880
1311,44.26392,-76.49723,20,1966
1311,44.26258,-76.49711,21,2119
1311,44.26243,-76.49702,22,2141
1311,44.26241,-76.49695,23,2147
1311,44.26229,-76.49675,24,2165
1311,44.26221,-76.49669,25,2173
1311,44.26147,-76.49655,26,2256
1311,44.26171,-76.49335,27,2513
1311,44.26165,-76.49313,28,2536
1311,44.26172,-76.49315,29,2544
1311,44.2619,-76.49066,30,2744
1311,44.26286,-76.49073,31,2855
1311,44.26413,-76.491,32,3002
1311,44.26421,-76.491,33,3009
1311,44.26432,-76.49095,34,3020
1311,44.2644,-76.49085,35,3030
1311,44.26444,-76.49076,36,3037
1311,44.26446,-76.49067,37,3044
1311,44.26443,-76.49029,38,3077
1311,44.26449,-76.4903,39,3083
1311,44.26468,-76.48787,40,3278
1311,44.2647,-76.4877,41,3290
1311,44.26484,-76.48722,42,3337
1311,44.2649,-76.48725,43,3343
1311,44.26495,-76.48715,44,3352
1311,44.26541,-76.4876,45,3413
1311,44.2655,-76.48765,46,3423
1311,44.26587,-76.48762,47,3471
1311,44.26589,-76.48769,48,3477
1311,44.26597,-76.4877,49,3486
1311,44.26577,-76.49119,50,3771
1311,44.26571,-76.49119,51,3777
1311,44.26567,-76.49203,52,3843
1311,44.26633,-76.49475,53,4078
1311,44.26627,-76.49478,54,4085
1311,44.26651,-76.49592,55,4178
1311,44.26649,-76.49734,56,4297
1311,44.26642,-76.49733,57,4304
1311,44.26637,-76.498,58,4357
1311,44.26588,-76.49946,59,4485
1311,44.26578,-76.50183,60,4672
1311,44.26577,-76.50326,61,4785
1311,44.26586,-76.50343,62,4808
1311,44.26578,-76.50344,63,4817
1311,44.26585,-76.50406,64,4865
1311,44.26603,-76.50453,65,4907
1311,44.26722,-76.50618,66,5092
1311,44.26797,-76.50764,67,5239
1311,44.26794,-76.50773,68,5249
1311,44.26804,-76.50872,69,5322
1311,44.26794,-76.50959,70,5387
1311,44.26779,-76.51013,71,5430
1311,44.26839,-76.51115,72,5534
1311,44.26885,-76.51206,73,5628
1311,44.26879,-76.51211,74,5635
1311,44.26886,-76.51242,75,5660
1311,44.26901,-76.51402,76,5788
1311,44.26919,-76.51596,77,5943
1311,44.26919,-76.51674,78,6002
1311,44.26897,-76.51811,79,6119
1311,44.26888,-76.51808,80,6129
1311,44.26878,-76.51881,81,6185
1311,44.26893,-76.52076,82,6338
1311,44.26924,-76.52215,83,6458
1311,44.27011,-76.52632,84,6808
1311,44.27014,-76.52642,85,6816
1311,44.27026,-76.52853,86,6987
1311,44.2702,-76.52853,87,6993
1311,44.2702,-76.52876,88,7011
1311,44.26715,-76.52879,89,7355
1311,44.26715,-76.52871,90,7361
1311,44.26697,-76.52871,91,7381
1311,44.26695,-76.52851,92,7396
1311,44.26669,-76.52745,93,7484
1311,44.26668,-76.52686,94,7528
1311,44.26679,-76.52639,95,7565
1311,44.26741,-76.52511,96,7693
1311,44.26746,-76.52517,97,7700
1311,44.26814,-76.52398,98,7820
1311,44.26827,-76.52379,99,7840
1311,44.2693,-76.5231,100,7970
1312,44.23118,-76.48426,0,0
1312,44.23121,-76.48438,1,9
1312,44.23272,-76.48393,2,179
1312,44.23292,-76.48529,3,290
1312,44.2346,-76.48495,4,487
1312,44.2346,-76.48508,5,497
1312,44.23582,-76.48511,6,631
1312,44.23722,-76.48514,7,785
1312,44.23786,-76.48521,8,856
1312,44.23889,-76.48576,9,978
1312,44.24004,-76.48639,10,1115
1312,44.24033,-76.4865,11,1153
1312,44.24029,-76.48657,12,1160
1312,44.241,-76.48738,13,1260
1312,44.24122,-76.48756,14,1287
1312,44.24134,-76.48762,15,1301
1312,44.24233,-76.48782,16,1412
1312,44.24382,-76.48773,17,1576
1312,44.24565,-76.48733,18,1787
1312,44.24566,-76.48742,19,1794
1312,44.24766,-76.48709,20,2017
1312,44.25015,-76.48577,21,2311
1312,44.25145,-76.48555,22,2456
1312,44.25233,-76.48535,23,2554
1312,44.25276,-76.48494,24,2618
1312,44.25279,-76.48502,25,2625
1312,44.25442,-76.48359,26,2837
1312,44.25493,-76.48324,27,2897
1312,44.25629,-76.48305,28,3044
1312,44.25713,-76.48281,29,3148
1312,44.25714,-76.48292,30,3157
1312,44.25724,-76.4829,31,3167
1312,44.25859,-76.48227,32,3325
1312,44.25966,-76.48179,33,3449
1312,44.26095,-76.48121,34,3599
1312,44.26147,-76.48091,35,3659
1312,44.2624,-76.47993,36,3786
1312,44.26317,-76.47908,37,3894
1312,44.26395,-76.47845,38,4000
1312,44.26397,-76.47857,39,4009
1312,44.26491,-76.47842,40,4112
1312,44.26582,-76.4785,41,4213
1312,44.26857,-76.47912,42,4521
1312,44.26885,-76.47905,43,4561
1312,44.26884,-76.47918,44,4571
1312,44.26982,-76.4794,45,4679
1312,44.27035,-76.47937,46,4735
1312,44.27124,-76.47887,47,4839
1312,44.273,-76.47739,48,5074
1312,44.27303,-76.47749,49,5082
1312,44.27396,-76.47675,50,5199
1312,44.27553,-76.47513,51,5414
1312,44.27646,-76.47442,52,5529
1312,44.27759,-76.47388,53,5660
1312,44.27862,-76.47343,54,5779
1312,44.27855,-76.47309,55,5807
1312,44.27873,-76.47282,56,5836
1312,44.27867,-76.47228,57,5879
1312,44.27882,-76.47198,58,5908
1312,44.27892,-76.47214,59,5924
1312,44.2787,-76.47252,60,5963
1312,44.27871,-76.47265,61,5973
1312,44.27897,-76.47257,62,6002
1358,44.2722,-76.44609,0,0
1358,44.27215,-76.44614,1,6
1358,44.27269,-76.44708,2,101
1358,44.27106,-76.44891,3,333
1358,44.27003,-76.45007,4,480
1358,44.26972,-76.45062,5,545
1358,44.26965,-76.4505,6,557
1358,44.26856,-76.45171,7,712
1358,44.26721,-76.44955,8,946
1358,44.26726,-76.44949,9,952
1358,44.26689,-76.44887,10,1015
1358,44.26686,-76.44875,11,1025
1358,44.26677,-76.44793,12,1091
1358,44.26638,-76.44734,13,1160
1358,44.26643,-76.44728,14,1167
1358,44.26531,-76.44535,15,1364
1358,44.26525,-76.4453,16,1370
1358,44.26517,-76.4453,17,1376
1358,44.26511,-76.44534,18,1382
1358,44.26388,-76.44688,19,1572
1358,44.26384,-76.44681,20,1579
1358,44.26279,-76.44797,21,1727
1358,44.26254,-76.44834,22,1766
1358,44.26236,-76.44893,23,1814
1358,44.26216,-76.44926,24,1846
1358,44.26191,-76.44947,25,1877
1358,44.26155,-76.44962,26,1920
1358,44.26155,-76.44954,27,1926
1358,44.26016,-76.44929,28,2080
1358,44.25986,-76.45264,29,2349
1358,44.2596,-76.45555,30,2582
1358,44.25958,-76.45627,31,2644
1358,44.25927,-76.45913,32,2879
1358,44.25912,-76.46034,33,2976
1358,44.25767,-76.46043,34,3136
1358,44.25488,-76.46052,35,3445
1358,44.25357,-76.46058,36,3591
1358,44.25291,-76.46075,37,3676
1358,44.2529,-76.46061,38,3687
1358,44.25198,-76.46066,39,3789
1358,44.25067,-76.46077,40,3934
1358,44.24933,-76.46111,41,4090
1358,44.24932,-76.46101,42,4097
1358,44.24823,-76.46125,43,4219
1358,44.24635,-76.46207,44,4437
1358,44.24598,-76.46042,45,4575
1358,44.24595,-76.46029,46,4585
1358,44.24576,-76.45993,47,4619
1358,44.24555,-76.45971,48,4646
1358,44.24537,-76.4596,49,4666
1358,44.24431,-76.45944,50,4784
1358,44.24377,-76.45933,51,4842
1358,44.24369,-76.45929,52,4851
1358,44.2434,-76.45904,53,4887
1358,44.24314,-76.45865,54,4927
1358,44.24298,-76.45816,55,4967
1358,44.24292,-76.45698,56,5066
1358,44.24298,-76.45699,57,5073
1358,44.24299,-76.45686,58,5082
1358,44.24077,-76.45655,59,5329
1358,44.24066,-76.45648,60,5342
1358,44.24058,-76.45637,61,5353
1358,44.24054,-76.45626,62,5363
1358,44.24052,-76.45615,63,5371
1358,44.24055,-76.45554,64,5418
1358,44.24018,-76.45558,65,5464
1358,44.24019,-76.4555,66,5470
1358,44.23999,-76.45548,67,5491
1358,44.2399,-76.45717,68,5626
1358,44.2397,-76.45843,69,5728
1358,44.23884,-76.46095,70,5950
1358,44.23781,-76.46354,71,6185
1358,44.23684,-76.46595,72,6406
1358,44.23647,-76.46707,73,6511
1358,44.23641,-76.46703,74,6518
1358,44.23564,-76.46903,75,6698
1358,44.23495,-76.47199,76,6944
1358,44.23447,-76.47698,77,7345
1358,44.23446,-76.47718,78,7360
1358,44.23405,-76.47865,79,7484
1358,44.23382,-76.47912,80,7528
1358,44.23376,-76.47934,81,7546
1358,44.23375,-76.47957,82,7564
1358,44.23399,-76.48122,83,7697
1358,44.23406,-76.48163,84,7730
1358,44.23349,-76.4819,85,7802
1358,44.23348,-76.48181,86,7809
1358,44.23245,-76.48217,87,7926
1358,44.23272,-76.48393,88,8069
1358,44.23183,-76.48417,89,8169
1358,44.23138,-76.48441,90,8229
1358,44.23137,-76.48432,91,8236
1358,44.23093,-76.48447,92,8285
1358,44.22931,-76.48584,93,8495
1358,44.22775,-76.48718,94,8697
1358,44.22696,-76.48789,95,8801
1358,44.2269,-76.48769,96,8818
1358,44.22484,-76.48625,97,9072
1358,44.22383,-76.48824,98,9265
1358,44.22277,-76.49031,99,9466
1358,44.22265,-76.49199,100,9599
1358,44.22273,-76.4927,101,9653
1358,44.22299,-76.49363,102,9729
1358,44.22298,-76.49501,103,9837
1358,44.22431,-76.49502,104,9984
1358,44.22427,-76.49475,105,10012
1362,44.25507,-76.57294,0,0
1362,44.25515,-76.57294,1,8
1362,44.2552,-76.57189,2,92
1362,44.25489,-76.57188,3,125
1362,44.25496,-76.56966,4,301
1362,44.255,-76.56948,5,314
1362,44.25504,-76.5694,6,321
1362,44.25511,-76.56932,7,329
1362,44.2552,-76.56927,8,339
1362,44.2551,-76.56908,9,356
1362,44.25505,-76.56892,10,370
1362,44.25505,-76.5686,11,396
1362,44.25365,-76.56864,12,560
1362,44.25365,-76.56852,13,569
1362,44.25066,-76.56834,14,901
1362,44.25076,-76.56922,15,984
1362,44.25063,-76.56921,16,998
1362,44.25058,-76.57093,17,1135
1362,44.25049,-76.57231,18,1244
1362,44.25024,-76.57356,19,1344
1362,44.24985,-76.57472,20,1444
1362,44.24976,-76.57514,21,1486
1362,44.24969,-76.57509,22,1495
1362,44.2483,-76.57838,23,1799
1362,44.24804,-76.57963,24,1901
1362,44.24808,-76.58078,25,2004
1362,44.24798,-76.5808,26,2015
1362,44.24814,-76.58211,27,2116
1362,44.24921,-76.58535,28,2407
1362,44.24913,-76.5854,29,2416
1362,44.24956,-76.5868,30,2537
1362,44.24998,-76.58814,31,2653
1362,44.25039,-76.58969,32,2784
1362,44.25074,-76.59046,33,2873
1362,44.25059,-76.59054,34,2891
1362,44.251,-76.59222,35,3032
1362,44.25162,-76.59427,36,3221
1362,44.25151,-76.59432,37,3233
1362,44.25215,-76.59689,38,3448
1362,44.25229,-76.59793,39,3532
1362,44.25225,-76.59899,40,3616
1362,44.25177,-76.6013,41,3818
1362,44.25166,-76.60123,42,3830
1362,44.25074,-76.60443,43,4104
1362,44.25051,-76.60568,44,4202
1362,44.25038,-76.60833,45,4412
1362,44.25016,-76.61069,46,4602
1362,44.24975,-76.61079,47,4657
1362,44.24975,-76.61066,48,4667
1362,44.24697,-76.61045,49,4976
1362,44.24684,-76.61052,50,4996
1362,44.24683,-76.61044,51,5002
1362,44.24408,-76.61023,52,5308
1362,44.24216,-76.61012,53,5519
1362,44.24185,-76.61006,54,5553
1362,44.24171,-76.6101,55,5574
1362,44.24174,-76.61,56,5582
1362,44.24145,-76.60983,57,5617
1362,44.24023,-76.61245,58,5866
1362,44.23999,-76.61316,59,5936
1362,44.23992,-76.6131,60,5945
1362,44.23877,-76.61552,61,6176
1362,44.23658,-76.6197,62,6589
1362,44.23601,-76.62092,63,6712
1362,44.23594,-76.62084,64,6721
1362,44.23522,-76.62191,65,6838
1362,44.23443,-76.62301,66,6960
1362,44.23361,-76.62384,67,7072
1362,44.23271,-76.62451,68,7184
1362,44.2318,-76.62519,69,7307
1362,44.23177,-76.62509,70,7316
1362,44.22924,-76.62667,71,7623
1362,44.22805,-76.62752,72,7779
1362,44.22802,-76.62742,73,7787
1362,44.22647,-76.62838,74,7975
1362,44.22535,-76.62896,75,8107
1362,44.22507,-76.62917,76,8147
1362,44.22505,-76.62909,77,8153
1362,44.22391,-76.6297,78,8288
1362,44.22277,-76.63094,79,8447
1362,44.22215,-76.63202,80,8557
1362,44.22166,-76.6333,81,8672
1362,44.22141,-76.63458,82,8782
1362,44.22101,-76.6363,83,8931
1362,44.22088,-76.63683,84,8975
1362,44.22142,-76.63692,85,9048
1362,44.22141,-76.63708,86,9060
1362,44.22184,-76.63723,87,9109
1362,44.22198,-76.63646,88,9172
1362,44.22207,-76.63628,89,9190
1362,44.22221,-76.63614,90,9208
1362,44.22314,-76.63584,91,9326
1362,44.22315,-76.63602,92,9340
1362,44.22422,-76.6359,93,9458
1362,44.22565,-76.63587,94,9626
1362,44.22562,-76.63602,95,9638
1362,44.22669,-76.63644,96,9761
1362,44.22646,-76.6377,97,9864
1362,44.22628,-76.63909,98,9984
1362,44.22621,-76.63907,99,9992
1362,44.22597,-76.6405,100,10109
1362,44.22585,-76.64171,101,10206
1362,44.22587,-76.64198,102,10227
1362,44.22595,-76.64232,103,10255
1362,44.22618,-76.64256,104,10296
1362,44.22609,-76.64264,105,10307
1362,44.22663,-76.64404,106,10433
1362,44.227,-76.6461,107,10607
1362,44.22693,-76.64611,108,10614
1362,44.22754,-76.65114,109,11020
1362,44.22723,-76.65121,110,11054
1362,44.22597,-76.65126,111,11193
1362,44.22584,-76.64928,112,11351
1362,44.22569,-76.64891,113,11393
1362,44.22579,-76.64889,114,11404
1362,44.22563,-76.64749,115,11516
1362,44.22552,-76.6469,116,11564
1362,44.22541,-76.64664,117,11588
1362,44.22526,-76.64642,118,11612
1362,44.22423,-76.6457,119,11740
1362,44.22319,-76.64506,120,11866
1362,44.22022,-76.64314,121,12231
1362,44.2202,-76.64357,122,12273
1362,44.22011,-76.64352,123,12283
1362,44.21979,-76.64469,124,12383
1362,44.21961,-76.64558,125,12462
1362,44.21956,-76.64555,126,12468
1362,44.21937,-76.64649,127,12546
1362,44.21936,-76.64679,128,12570
1362,44.21944,-76.64741,129,12620
1362,44.21952,-76.64769,130,12643
1362,44.21977,-76.64821,131,12692
1362,44.22062,-76.64922,132,12816
1362,44.22114,-76.64945,133,12889
1362,44.22107,-76.64961,134,12904
1362,44.22229,-76.65049,135,13055
1362,44.22317,-76.65068,136,13168
1362,44.22313,-76.65087,137,13184
1362,44.22335,-76.65096,138,13209
1362,44.22305,-76.65294,139,13370
1362,44.22281,-76.65414,140,13469
1362,44.22242,-76.65539,141,13578
1362,44.22161,-76.65783,142,13792
1362,44.22085,-76.66008,143,13989
1362,44.22058,-76.66115,144,14089
1362,44.2205,-76.66111,145,14098
1362,44.21993,-76.66262,146,14232
1362,44.21984,-76.66545,147,14458
1362,44.21987,-76.66585,148,14501
1362,44.22194,-76.66725,149,14756
1362,44.22222,-76.66745,150,14791
1362,44.22303,-76.66595,151,14939
1362,44.22447,-76.66407,152,15158
1362,44.22482,-76.66349,153,15218
1362,44.22497,-76.66302,154,15262
1362,44.22506,-76.66291,155,15278
1362,44.22609,-76.65917,156,15597
1362,44.22544,-76.65815,157,15705
1371,44.2693,-76.5231,0,0
1371,44.26932,-76.5232,1,8
1371,44.26941,-76.52317,2,17
1371,44.26906,-76.52161,3,147
1371,44.2688,-76.52061,4,239
1371,44.26891,-76.5206,5,251
1371,44.26878,-76.51929,6,355
1371,44.26892,-76.51771,7,481
1371,44.26911,-76.51722,8,528
1371,44.26921,-76.51645,9,586
1371,44.26901,-76.51402,10,778
1371,44.26881,-76.51267,11,895
1371,44.26888,-76.51266,12,903
1371,44.26884,-76.51231,13,930
1371,44.26839,-76.51115,14,1033
1371,44.26785,-76.51036,15,1125
1371,44.2679,-76.51031,16,1132
1371,44.26779,-76.51013,17,1151
1371,44.268,-76.50927,18,1218
1371,44.268,-76.50805,19,1308
1371,44.26784,-76.5079,20,1336
1371,44.26797,-76.50786,21,1350
1371,44.26765,-76.50688,22,1434
1371,44.26661,-76.50538,23,1599
1371,44.26603,-76.50453,24,1692
1371,44.26585,-76.50406,25,1734
1371,44.26569,-76.50219,26,1892
1371,44.26578,-76.50218,27,1902
1371,44.26579,-76.50065,28,2023
1371,44.26588,-76.49946,29,2116
1371,44.26637,-76.498,30,2244
1371,44.26636,-76.49699,31,2331
1371,44.26644,-76.49701,32,2339
1371,44.26651,-76.49592,33,2425
1371,44.2662,-76.49472,34,2531
1371,44.26625,-76.4947,35,2537
1371,44.26572,-76.49237,36,2731
1371,44.26564,-76.49133,37,2818
1371,44.2657,-76.49134,38,2824
1371,44.26589,-76.48884,39,3024
1371,44.2659,-76.48787,40,3107
1371,44.26596,-76.48788,41,3113
1371,44.26597,-76.4877,42,3127
1371,44.2655,-76.48765,43,3178
1371,44.26536,-76.48756,44,3194
1371,44.26495,-76.48715,45,3249
1371,44.26478,-76.48746,46,3280
1371,44.2647,-76.4877,47,3300
1371,44.26472,-76.48796,48,3324
1371,44.26452,-76.49061,49,3547
1371,44.26446,-76.49061,50,3553
1371,44.26445,-76.49072,51,3561
1371,44.2644,-76.49085,52,3571
1371,44.26432,-76.49095,53,3581
1371,44.26425,-76.49099,54,3588
1371,44.26417,-76.49101,55,3595
1371,44.26269,-76.49087,56,3766
1371,44.2627,-76.49078,57,3773
1371,44.2619,-76.49066,58,3862
1371,44.26177,-76.4931,59,4061
1371,44.26171,-76.49329,60,4081
1371,44.26147,-76.49655,61,4342
1371,44.26221,-76.49669,62,4425
1371,44.26229,-76.49675,63,4433
1371,44.26241,-76.49695,64,4451
1371,44.26243,-76.49702,65,4457
1371,44.26305,-76.49703,66,4536
1371,44.26308,-76.49711,67,4543
1371,44.26392,-76.49723,68,4636
1371,44.26385,-76.49832,69,4722
1371,44.26279,-76.49826,70,4838
1371,44.26166,-76.49828,71,4963
1371,44.26069,-76.49825,72,5069
1371,44.25954,-76.49779,73,5199
1371,44.25775,-76.49738,74,5395
1371,44.25637,-76.49719,75,5549
1371,44.25637,-76.4986,76,5669
1371,44.2563,-76.4986,77,5677
1371,44.25618,-76.50115,78,5880
1371,44.25622,-76.50141,79,5905
1371,44.25616,-76.5014,80,5911
1371,44.25609,-76.50293,81,6033
1371,44.25612,-76.5038,82,6109
1371,44.25604,-76.50379,83,6117
1371,44.25595,-76.50589,84,6284
1371,44.25875,-76.50603,85,6603
1371,44.25874,-76.50616,86,6612
1371,44.25939,-76.50622,87,6683
1371,44.25928,-76.50879,88,6888
1371,44.25921,-76.50997,89,6981
1371,44.2594,-76.50997,90,7002
1371,44.25921,-76.50997,91,7023
1371,44.25904,-76.51425,92,7365
1371,44.2591,-76.51521,93,7450
1371,44.25902,-76.51522,94,7458
1371,44.25896,-76.51918,95,7773
1371,44.25897,-76.52131,96,7943
1371,44.25907,-76.52175,97,7988
1371,44.25896,-76.52175,98,7999
1371,44.25889,-76.52594,99,8333
1371,44.25888,-76.52634,100,8364
1371,44.25907,-76.52633,101,8384
1371,44.25888,-76.52634,102,8404
1371,44.25894,-76.52786,103,8525
1371,44.2591,-76.52991,104,8689
1371,44.25924,-76.53133,105,8803
1371,44.25923,-76.53266,106,8909
1371,44.25905,-76.53594,107,9171
1371,44.25876,-76.53815,108,9350
1371,44.25885,-76.53853,109,9392
1371,44.25871,-76.53849,110,9407
1371,44.25859,-76.53935,111,9476
1371,44.25707,-76.54208,112,9750
1371,44.2574,-76.54225,113,9799
1371,44.25731,-76.54238,114,9813
1371,44.25804,-76.5433,115,9919
1371,44.25823,-76.54376,116,9957
1371,44.25829,-76.54411,117,9983
1371,44.25818,-76.54684,118,10199
1371,44.25813,-76.54906,119,10376
1371,44.25822,-76.54973,120,10438
1371,44.25813,-76.54973,121,10447
1371,44.25818,-76.5543,122,10811
1371,44.25832,-76.55502,123,10884
1371,44.25818,-76.55503,124,10899
1371,44.25821,-76.55879,125,11199
1371,44.25835,-76.55972,126,11286
1371,44.25822,-76.55972,127,11300
1371,44.25828,-76.56391,128,11634
1371,44.25835,-76.56867,129,12014
1371,44.2573,-76.56888,130,12142
1371,44.2573,-76.56872,131,12154
1371,44.25507,-76.5686,132,12400
1371,44.25505,-76.56892,133,12428
1371,44.2551,-76.56908,134,12442
1371,44.2552,-76.56927,135,12459
1371,44.25512,-76.56932,136,12468
1371,44.25504,-76.5694,137,12477
1371,44.255,-76.56948,138,12484
1371,44.25496,-76.56966,139,12497
1371,44.25492,-76.57093,140,12598
1371,44.25488,-76.57224,141,12702
1371,44.25499,-76.57261,142,12743
1377,44.23114,-76.48536,0,0
1377,44.23107,-76.48537,1,7
1377,44.23139,-76.4875,2,180
1377,44.23166,-76.48926,3,323
1377,44.23193,-76.49101,4,465
1377,44.23207,-76.49143,5,510
1377,44.23199,-76.49145,6,519
1377,44.23219,-76.49274,7,623
1377,44.23263,-76.49569,8,863
1377,44.23285,-76.49725,9,989
1377,44.23296,-76.49763,10,1025
1377,44.2329,-76.49763,11,1031
1377,44.23282,-76.50029,12,1243
1377,44.23278,-76.50284,13,1445
1377,44.23282,-76.5032,14,1479
1377,44.2327,-76.5051,15,1635
1377,44.23263,-76.50689,16,1777
1377,44.23262,-76.50858,17,1918
1377,44.23256,-76.50858,18,1924
1377,44.2325,-76.50999,19,2036
1377,44.23237,-76.51237,20,2226
1377,44.23231,-76.51366,21,2329
1377,44.23353,-76.5137,22,2470
1377,44.23352,-76.51378,23,2476
1377,44.23529,-76.51396,24,2673
1377,44.23759,-76.51418,25,2928
1377,44.2384,-76.51418,26,3026
1377,44.23842,-76.51426,27,3032
1377,44.23954,-76.51438,28,3156
1377,44.24077,-76.51451,29,3293
1377,44.24059,-76.51701,30,3493
1377,44.24066,-76.5175,31,3543
1377,44.24055,-76.51749,32,3555
1377,44.24041,-76.51921,33,3693
1377,44.24029,-76.52064,34,3807
1377,44.2399,-76.5251,35,4165
1377,44.23993,-76.52598,36,4246
1377,44.23981,-76.52595,37,4259
1377,44.23949,-76.52897,38,4502
1377,44.239,-76.53343,39,4863
1377,44.23871,-76.53602,40,5072
1377,44.23877,-76.53689,41,5154
1377,44.23864,-76.53687,42,5168
1377,44.23818,-76.54218,43,5595
1377,44.23825,-76.54284,44,5660
1377,44.23811,-76.54281,45,5675
1377,44.23793,-76.54582,46,5930
1377,44.23781,-76.54582,47,5943
1377,44.23753,-76.54854,48,6162
1377,44.23724,-76.55242,49,6473
1377,44.23736,-76.55285,50,6521
1377,44.23722,-76.55284,51,6536
1377,44.23708,-76.55528,52,6731
1377,44.23702,-76.55936,53,7056
1377,44.2371,-76.55985,54,7106
1377,44.23702,-76.55988,55,7115
1377,44.23705,-76.56261,56,7333
1377,44.2372,-76.56387,57,7449
1377,44.23706,-76.56387,58,7465
1377,44.23719,-76.56746,59,7750
1377,44.2378,-76.56737,60,7829
1377,44.23779,-76.56753,61,7842
1377,44.24067,-76.56772,62,8162
1377,44.24164,-76.56761,63,8280
1377,44.24164,-76.56775,64,8291
1377,44.24471,-76.56791,65,8631
1377,44.24662,-76.56805,66,8842
1377,44.24792,-76.56795,67,9000
1377,44.24791,-76.56815,68,9015
1377,44.24926,-76.56825,69,9164
1377,44.25066,-76.56834,70,9319
1377,44.25505,-76.5686,71,9807
1377,44.25505,-76.56892,72,9833
1377,44.2551,-76.56908,73,9847
1377,44.2552,-76.56927,74,9864
1377,44.25512,-76.56932,75,9873
1377,44.25504,-76.5694,76,9882
1377,44.255,-76.56948,77,9889
1377,44.25496,-76.56966,78,9902
1377,44.25489,-76.57188,79,10078
1377,44.25485,-76.57314,80,10178
1377,44.25514,-76.57316,81,10210
1377,44.25508,-76.57248,82,10273
1379,44.26492,-76.50275,0,0
1379,44.26492,-76.50288,1,9
1379,44.26578,-76.50291,2,104
1379,44.26579,-76.50065,3,284
1379,44.26587,-76.49959,4,367
1379,44.26578,-76.49883,5,428
1379,44.26565,-76.49864,6,448
1379,44.26552,-76.49856,7,464
1379,44.26419,-76.49859,8,628
1379,44.26421,-76.49837,9,646
1379,44.26244,-76.49825,10,841
1379,44.26081,-76.49827,11,1020
1379,44.2597,-76.49786,12,1146
1379,44.25958,-76.49675,13,1234
1379,44.25931,-76.49602,14,1298
1379,44.25822,-76.49425,15,1482
1379,44.25769,-76.49311,16,1590
1379,44.25728,-76.49187,17,1698
1379,44.25702,-76.49049,18,1808
1379,44.25693,-76.48908,19,1918
1379,44.25724,-76.4829,20,2411
1379,44.2572,-76.48252,21,2446
1379,44.25726,-76.48253,22,2453
1379,44.25744,-76.4793,23,2711
1379,44.25779,-76.47697,24,2900
1379,44.2589,-76.47101,25,3391
1379,44.25917,-76.46744,26,3676
1379,44.25916,-76.46536,27,3842
1379,44.25889,-76.4628,28,4048
1379,44.25891,-76.46205,29,4111
1379,44.25912,-76.46034,30,4253
1379,44.25767,-76.46043,31,4413
1379,44.25488,-76.46052,32,4722
1379,44.25357,-76.46058,33,4868
1379,44.25291,-76.46075,34,4953
1379,44.2529,-76.46061,35,4964
1379,44.25198,-76.46066,36,5066
1379,44.25067,-76.46077,37,5211
1379,44.24933,-76.46111,38,5367
1379,44.24932,-76.46101,39,5374
1379,44.24823,-76.46125,40,5496
1379,44.24635,-76.46207,41,5714
1379,44.24598,-76.46042,42,5852
1379,44.24595,-76.46029,43,5862
1379,44.24576,-76.45993,44,5896
1379,44.24555,-76.45971,45,5923
1379,44.24537,-76.4596,46,5943
1379,44.24431,-76.45944,47,6061
1379,44.24377,-76.45933,48,6119
1379,44.24369,-76.45929,49,6128
1379,44.2434,-76.45904,50,6164
1379,44.24314,-76.45865,51,6204
1379,44.24298,-76.45816,52,6244
1379,44.24292,-76.45698,53,6343
1379,44.24298,-76.45699,54,6350
1379,44.24299,-76.45686,55,6359
1379,44.24077,-76.45655,56,6606
1379,44.24066,-76.45648,57,6619
1379,44.24058,-76.45637,58,6630
1379,44.24054,-76.45626,59,6640
1379,44.24052,-76.45615,60,6648
1379,44.24055,-76.45554,61,6695
1379,44.24018,-76.45558,62,6741
1380,44.25499,-76.57261,0,0
1380,44.25487,-76.5726,1,13
1380,44.25483,-76.57389,2,114
1380,44.25485,-76.57399,3,122
1380,44.25495,-76.57417,4,137
1380,44.25506,-76.57424,5,148
1380,44.25637,-76.57432,6,292
1380,44.2566,-76.57433,7,317
1380,44.25677,-76.57429,8,334
1380,44.25722,-76.57395,9,397
1380,44.25724,-76.57406,10,405
1380,44.25738,-76.574,11,420
1380,44.25858,-76.57404,12,552
1380,44.25847,-76.57154,13,751
1380,44.25835,-76.56867,14,980
1380,44.2582,-76.56627,15,1183
1380,44.25831,-76.56628,16,1195
1380,44.25828,-76.56391,17,1384
1380,44.25821,-76.55879,18,1792
1380,44.25807,-76.55771,19,1893
1380,44.25821,-76.5577,20,1908
1380,44.25818,-76.5543,21,2179
1380,44.25805,-76.55368,22,2241
1380,44.25817,-76.55368,23,2254
1380,44.25813,-76.54906,24,2622
1380,44.25801,-76.54824,25,2702
1380,44.25815,-76.54824,26,2717
1380,44.25818,-76.54684,27,2829
1380,44.25828,-76.54422,28,3037
1380,44.25829,-76.54411,29,3045
1380,44.25827,-76.54393,30,3059
1380,44.2581,-76.54341,31,3099
1380,44.25707,-76.54208,32,3251
1380,44.25737,-76.54133,33,3330
1380,44.25746,-76.54143,34,3342
1380,44.25819,-76.54023,35,3467
1380,44.25859,-76.53935,36,3549
1380,44.25857,-76.53841,37,3637
1380,44.25871,-76.53845,38,3652
1380,44.25905,-76.53594,39,3854
1380,44.25923,-76.53266,40,4116
1380,44.25924,-76.53133,41,4222
1380,44.2591,-76.52991,42,4336
1380,44.25898,-76.52846,43,4452
1380,44.25887,-76.52679,44,4585
1380,44.25878,-76.5262,45,4643
1380,44.25888,-76.52621,46,4655
1380,44.25895,-76.52248,47,4952
1380,44.25883,-76.52193,48,5010
1380,44.25896,-76.52193,49,5024
1380,44.25896,-76.51918,50,5243
1380,44.25889,-76.51422,51,5652
1380,44.25904,-76.51424,52,5668
1380,44.25923,-76.50947,53,6049
1380,44.25914,-76.50893,54,6104
1380,44.25927,-76.50895,55,6118
1380,44.25935,-76.50707,56,6267
1380,44.25941,-76.50557,57,6386
1380,44.25919,-76.50553,58,6411
1381,44.24191,-76.5169,0,0
1381,44.2419,-76.517,1,8
1381,44.24286,-76.51706,2,114
1381,44.24346,-76.51664,3,188
1381,44.2446,-76.51908,4,420
1381,44.2449,-76.51948,5,476
1381,44.24481,-76.51956,6,488
1381,44.2473,-76.52452,7,985
1381,44.24718,-76.52463,8,1000
1381,44.24772,-76.52578,9,1110
1381,44.2478,-76.52578,10,1118
1381,44.24788,-76.52575,11,1128
1381,44.24825,-76.52542,12,1176
1381,44.24937,-76.52549,13,1299
1381,44.24944,-76.52549,14,1305
1381,44.24976,-76.52532,15,1348
1381,44.24977,-76.52541,16,1355
1381,44.24999,-76.52537,17,1378
1381,44.25151,-76.52547,18,1547
1381,44.25257,-76.52545,19,1670
1381,44.25257,-76.52553,20,1676
1381,44.2527,-76.52554,21,1690
1381,44.25274,-76.52427,22,1791
1381,44.25531,-76.52443,23,2076
1381,44.25539,-76.52439,24,2084
1381,44.25544,-76.5243,25,2091
1381,44.25541,-76.5234,26,2166
1381,44.25547,-76.52322,27,2185
1381,44.25552,-76.52201,28,2281
1381,44.2565,-76.52208,29,2390
1381,44.25744,-76.52213,30,2491
1381,44.25794,-76.52216,31,2549
1381,44.25792,-76.52225,32,2556
1381,44.25849,-76.52246,33,2618
1381,44.25895,-76.52248,34,2668
1381,44.25889,-76.52594,35,2944
1381,44.25888,-76.52634,36,2975
1381,44.25907,-76.52633,37,2995
1381,44.25888,-76.52634,38,3015
1381,44.25894,-76.52786,39,3136
1381,44.2591,-76.52991,40,3300
1381,44.25924,-76.53133,41,3414
1381,44.25905,-76.53594,42,3782
1381,44.25876,-76.53815,43,3961
1381,44.25773,-76.53782,44,4081
1384,44.25499,-76.57261,0,0
1384,44.25487,-76.5726,1,13
1384,44.25483,-76.57389,2,114
1384,44.25485,-76.57399,3,122
1384,44.25495,-76.57417,4,137
1384,44.25506,-76.57424,5,148
1384,44.25637,-76.57432,6,292
1384,44.2566,-76.57433,7,317
1384,44.25677,-76.57429,8,334
1384,44.25722,-76.57395,9,397
1384,44.25724,-76.57406,10,405
1384,44.25738,-76.574,11,420
1384,44.25858,-76.57404,12,552
1384,44.25847,-76.57154,13,751
1384,44.25835,-76.56867,14,980
1384,44.2582,-76.56627,15,1183
1384,44.25831,-76.56628,16,1195
1384,44.25828,-76.56391,17,1384
1384,44.25821,-76.55879,18,1792
1384,44.25807,-76.55771,19,1893
1384,44.25821,-76.5577,20,1908
1384,44.25818,-76.5543,21,2179
1384,44.25805,-76.55368,22,2241
1384,44.25817,-76.55368,23,2254
1384,44.25813,-76.54906,24,2622
1384,44.25801,-76.54824,25,2702
1384,44.25815,-76.54824,26,2717
1384,44.25818,-76.54684,27,2829
1384,44.25828,-76.54422,28,3037
1384,44.25829,-76.54411,29,3045
1384,44.25827,-76.54393,30,3059
1384,44.2581,-76.54341,31,3099
1384,44.25707,-76.54208,32,3251
1384,44.25737,-76.54133,33,3330
1384,44.25746,-76.54143,34,3342
1384,44.25819,-76.54023,35,3467
1384,44.25859,-76.53935,36,3549
1384,44.25857,-76.53841,37,3637
1384,44.25871,-76.53845,38,3652
1384,44.25905,-76.53594,39,3854
1384,44.25923,-76.53266,40,4116
1384,44.25924,-76.53133,41,4222
1384,44.2591,-76.52991,42,4336
1384,44.25898,-76.52846,43,4452
1384,44.25887,-76.52679,44,4585
1384,44.25878,-76.5262,45,4643
1384,44.25888,-76.52621,46,4655
1384,44.25895,-76.52248,47,4952
1384,44.25883,-76.52193,48,5010
1384,44.25896,-76.52193,49,5024
1384,44.25896,-76.51918,50,5243
1384,44.25889,-76.51422,51,5652
1384,44.25904,-76.51424,52,5668
1384,44.25923,-76.50947,53,6049
1384,44.25914,-76.50893,54,6104
1384,44.25927,-76.50895,55,6118
1384,44.25935,-76.50707,56,6267
1384,44.25939,-76.50622,57,6335
1384,44.26018,-76.50624,58,6430
1385,44.25499,-76.57261,0,0
1385,44.25487,-76.5726,1,13
1385,44.25483,-76.57389,2,114
1385,44.25485,-76.57399,3,122
1385,44.25495,-76.57417,4,137
1385,44.25506,-76.57424,5,148
1385,44.25637,-76.57432,6,292
1385,44.2566,-76.57433,7,317
1385,44.25677,-76.57429,8,334
1385,44.25722,-76.57395,9,397
1385,44.25724,-76.57406,10,405
1385,44.25738,-76.574,11,420
1385,44.25858,-76.57404,12,552
1385,44.25847,-76.57154,13,751
1385,44.25835,-76.56867,14,980
1385,44.2582,-76.56627,15,1183
1385,44.25831,-76.56628,16,1195
1385,44.25828,-76.56391,17,1384
1385,44.25821,-76.55879,18,1792
1385,44.25807,-76.55771,19,1893
1385,44.25821,-76.5577,20,1908
1385,44.25818,-76.5543,21,2179
1385,44.25805,-76.55368,22,2241
1385,44.25817,-76.55368,23,2254
1385,44.25813,-76.54906,24,2622
1385,44.25801,-76.54824,25,2702
1385,44.25815,-76.54824,26,2717
1385,44.25818,-76.54684,27,2829
1385,44.25828,-76.54422,28,3037
1385,44.25829,-76.54411,29,3045
1385,44.25827,-76.54393,30,3059
1385,44.2581,-76.54341,31,3099
1385,44.25707,-76.54208,32,3251
1385,44.25737,-76.54133,33,3330
1385,44.25746,-76.54143,34,3342
1385,44.25819,-76.54023,35,3467
1385,44.25859,-76.53935,36,3549
1385,44.25857,-76.53841,37,3637
1385,44.25871,-76.53845,38,3652
1385,44.25905,-76.53594,39,3854
1385,44.25923,-76.53266,40,4116
1385,44.25924,-76.53133,41,4222
1385,44.2591,-76.52991,42,4336
1385,44.25898,-76.52846,43,4452
1385,44.25887,-76.52679,44,4585
1385,44.25878,-76.5262,45,4643
1385,44.25888,-76.52621,46,4655
1385,44.25895,-76.52248,47,4952
1385,44.25883,-76.52193,48,5010
1385,44.25896,-76.52193,49,5024
1385,44.25896,-76.51918,50,5243
1385,44.25889,-76.51422,51,5652
1385,44.25904,-76.51424,52,5668
1385,44.25923,-76.50947,53,6049
1385,44.25914,-76.50893,54,6104
1385,44.25927,-76.50895,55,6118
1385,44.25935,-76.50707,56,6267
1385,44.25939,-76.50622,57,6335
1385,44.25851,-76.50624,58,6440
1385,44.25852,-76.50614,59,6448
1385,44.25595,-76.50589,60,6733
1385,44.25596,-76.50403,61,6887
1385,44.25603,-76.50403,62,6894
1385,44.25609,-76.50114,63,7132
1385,44.25618,-76.50115,64,7141
1385,44.25625,-76.49963,65,7263
1385,44.25626,-76.49763,66,7430
1385,44.25634,-76.49764,67,7439
1385,44.25637,-76.49719,68,7475
1385,44.25775,-76.49738,69,7629
1385,44.25876,-76.49754,70,7740
1385,44.2597,-76.49786,71,7842
1385,44.26057,-76.49822,72,7942
1385,44.26166,-76.49828,73,8061
1385,44.26279,-76.49826,74,8186
1385,44.26366,-76.49817,75,8291
1385,44.26366,-76.49829,76,8300
1385,44.26385,-76.49832,77,8320
1385,44.26392,-76.49723,78,8406
1385,44.26258,-76.49711,79,8559
1385,44.26243,-76.49702,80,8581
1385,44.26241,-76.49695,81,8587
1385,44.26229,-76.49675,82,8605
1385,44.26221,-76.49669,83,8613
1385,44.26147,-76.49655,84,8696
1385,44.26171,-76.49335,85,8953
1385,44.26165,-76.49313,86,8976
1385,44.26172,-76.49315,87,8984
1385,44.2619,-76.49066,88,9184
1385,44.26286,-76.49073,89,9295
1385,44.26413,-76.491,90,9442
1385,44.26421,-76.491,91,9449
1385,44.26432,-76.49095,92,9460
1385,44.2644,-76.49085,93,9470
1385,44.26444,-76.49076,94,9477
1385,44.26446,-76.49067,95,9484
1385,44.26443,-76.49029,96,9517
1385,44.26449,-76.4903,97,9523
1385,44.26468,-76.48787,98,9718
1385,44.2647,-76.4877,99,9730
1385,44.26484,-76.48722,100,9777
1385,44.2649,-76.48725,101,9783
1385,44.26495,-76.48715,102,9792
1385,44.26541,-76.4876,103,9853
1385,44.2655,-76.48765,104,9863
1385,44.26587,-76.48762,105,9911
1385,44.26589,-76.48769,106,9917
1385,44.26597,-76.4877,107,9926
1385,44.26577,-76.49119,108,10211
1385,44.26571,-76.49119,109,10217
1385,44.26567,-76.49203,110,10283
1385,44.26633,-76.49475,111,10518
1385,44.26627,-76.49478,112,10525
1385,44.26651,-76.49592,113,10618
1385,44.26649,-76.49734,114,10737
1385,44.26642,-76.49733,115,10744
1385,44.26637,-76.498,116,10797
1385,44.26588,-76.49946,117,10925
1385,44.26578,-76.50183,118,11112
1385,44.26577,-76.50326,119,11225
1385,44.26586,-76.50343,120,11248
1385,44.26578,-76.50344,121,11257
1385,44.26585,-76.50406,122,11305
1385,44.26603,-76.50453,123,11347
1385,44.26722,-76.50618,124,11532
1385,44.26797,-76.50764,125,11679
1385,44.26794,-76.50773,126,11689
1385,44.26804,-76.50872,127,11762
1385,44.26794,-76.50959,128,11827
1385,44.26779,-76.51013,129,11870
1385,44.26839,-76.51115,130,11974
1385,44.26885,-76.51206,131,12068
1385,44.26879,-76.51211,132,12075
1385,44.26886,-76.51242,133,12100
1385,44.26901,-76.51402,134,12228
1385,44.26919,-76.51596,135,12383
1385,44.26919,-76.51674,136,12442
1385,44.26897,-76.51811,137,12559
1385,44.26888,-76.51808,138,12569
1385,44.26878,-76.51881,139,12625
1385,44.26893,-76.52076,140,12778
1385,44.26924,-76.52215,141,12898
1385,44.27011,-76.52632,142,13248
1385,44.27014,-76.52642,143,13256
1385,44.27026,-76.52853,144,13427
1385,44.2702,-76.52853,145,13433
1385,44.2702,-76.52876,146,13451
1385,44.26715,-76.52879,147,13795
1385,44.26715,-76.52871,148,13801
1385,44.26697,-76.52871,149,13821
1385,44.26695,-76.52851,150,13836
1385,44.26669,-76.52745,151,13924
1385,44.26668,-76.52686,152,13968
1385,44.26679,-76.52639,153,14005
1385,44.26741,-76.52511,154,14133
1385,44.26746,-76.52517,155,14140
1385,44.26814,-76.52398,156,14260
1385,44.26827,-76.52379,157,14280
1385,44.2693,-76.5231,158,14410
1390,44.25498,-76.57283,0,0
1390,44.25486,-76.57282,1,13
1390,44.25483,-76.57389,2,97
1390,44.25485,-76.57399,3,105
1390,44.25495,-76.57417,4,120
1390,44.25506,-76.57424,5,131
1390,44.25637,-76.57432,6,275
1390,44.2566,-76.57433,7,300
1390,44.25677,-76.57429,8,317
1390,44.25722,-76.57395,9,380
1390,44.25724,-76.57406,10,388
1390,44.25738,-76.574,11,403
1390,44.25858,-76.57404,12,535
1390,44.26051,-76.57397,13,755
1390,44.2605,-76.57405,14,761
1390,44.26236,-76.57406,15,967
1390,44.26488,-76.57402,16,1250
1390,44.26516,-76.5741,17,1286
1390,44.26702,-76.57402,18,1503
1390,44.26702,-76.57416,19,1513
1390,44.26732,-76.57417,20,1547
1390,44.26732,-76.57285,21,1652
1390,44.26726,-76.57157,22,1754
1390,44.26708,-76.56984,23,1900
1390,44.26715,-76.56984,24,1907
1390,44.26709,-76.56894,25,1979
1390,44.26975,-76.56889,26,2275
1390,44.271,-76.56891,27,2414
1390,44.27203,-76.56892,28,2535
1390,44.272,-76.56906,29,2546
1390,44.27297,-76.56935,30,2655
1390,44.27389,-76.56974,31,2761
1390,44.27479,-76.57022,32,2867
1390,44.27635,-76.57106,33,3053
1390,44.2766,-76.56981,34,3155
1390,44.27663,-76.56922,35,3202
1390,44.27615,-76.56924,36,3255
1390,44.27602,-76.56837,37,3336
1390,44.27616,-76.56841,38,3351
1390,44.27617,-76.56798,39,3384
1390,44.27669,-76.568,40,3442
1390,44.27681,-76.56573,41,3623
1390,44.2768,-76.56562,42,3629
1390,44.27676,-76.56553,43,3635
1390,44.27669,-76.56548,44,3641
1390,44.27513,-76.56553,45,3819
1390,44.27513,-76.56545,46,3825
1390,44.27235,-76.5654,47,4134
1390,44.27184,-76.56541,48,4191
1390,44.27183,-76.56412,49,4293
1390,44.27206,-76.56265,50,4413
1390,44.27242,-76.56023,51,4614
1390,44.27263,-76.55932,52,4694
1390,44.27177,-76.55907,53,4792
1390,44.27004,-76.55905,54,4984
1390,44.26935,-76.55902,55,5060
1390,44.26927,-76.55789,56,5160
1390,44.26936,-76.55789,57,5170
1390,44.26938,-76.55644,58,5285
1390,44.26948,-76.55573,59,5342
1390,44.26994,-76.55429,60,5467
1390,44.27,-76.55386,61,5501
1390,44.26993,-76.5523,62,5633
1390,44.27,-76.5523,63,5641
1390,44.26997,-76.54896,64,5907
1390,44.26965,-76.54904,65,5947
1390,44.26948,-76.54898,66,5970
1390,44.26848,-76.549,67,6081
1390,44.26747,-76.54928,68,6201
1390,44.26746,-76.54919,69,6207
1390,44.26737,-76.54921,70,6217
1390,44.26544,-76.54916,71,6431
1390,44.26475,-76.54892,72,6513
1390,44.26385,-76.54845,73,6624
1390,44.26289,-76.54838,74,6730
1390,44.26208,-76.54846,75,6826
1390,44.26208,-76.54836,76,6833
1390,44.26187,-76.54836,77,6857
1390,44.26179,-76.54838,78,6865
1390,44.26169,-76.54844,79,6877
1390,44.26132,-76.54886,80,6928
1390,44.2612,-76.54892,81,6940
1390,44.2604,-76.54911,82,7033
1390,44.25813,-76.54906,83,7288
1390,44.25822,-76.54973,84,7350
1390,44.25813,-76.54973,85,7359
1390,44.25818,-76.5543,86,7723
1390,44.25832,-76.55502,87,7796
1390,44.25818,-76.55503,88,7811
1390,44.25821,-76.55879,89,8111
1390,44.2574,-76.5588,90,8201
1390,44.25639,-76.55911,91,8316
1390,44.25625,-76.55904,92,8336
1390,44.2557,-76.55894,93,8395
1390,44.25513,-76.55855,94,8460
1390,44.25368,-76.55691,95,8667
1390,44.25423,-76.55589,96,8766
1390,44.25442,-76.55516,97,8826
1390,44.25442,-76.55468,98,8867
1390,44.25447,-76.55456,99,8882
1390,44.25443,-76.55385,100,8937
1390,44.25393,-76.5518,101,9109
1390,44.25385,-76.55153,102,9134
1390,44.25388,-76.55148,103,9140
1390,44.2537,-76.54968,104,9283
1390,44.25362,-76.54927,105,9315
1390,44.25346,-76.54892,106,9347
1390,44.25233,-76.54767,107,9506
1390,44.25198,-76.5474,108,9556
1390,44.25202,-76.54732,109,9563
1390,44.25184,-76.54711,110,9589
1390,44.25076,-76.54905,111,9784
1390,44.25026,-76.5502,112,9889
1390,44.24991,-76.55145,113,9994
1390,44.24972,-76.55276,114,10099
1390,44.24984,-76.55395,115,10206
1390,44.24969,-76.55397,116,10221
1390,44.24995,-76.55579,117,10366
1390,44.25088,-76.55925,118,10661
1390,44.25112,-76.56056,119,10766
1390,44.25125,-76.5613,120,10835
1390,44.25115,-76.5613,121,10846
1390,44.25096,-76.56476,122,11131
1390,44.25086,-76.56474,123,11141
1390,44.25066,-76.56834,124,11429
1390,44.25126,-76.56821,125,11509
1390,44.25126,-76.56838,126,11522
1390,44.25505,-76.5686,127,11943
1390,44.25505,-76.56892,128,11969
1390,44.2551,-76.56908,129,11983
1390,44.2552,-76.56927,130,12000
1390,44.25512,-76.56932,131,12009
1390,44.25504,-76.5694,132,12018
1390,44.255,-76.56948,133,12025
1390,44.25496,-76.56966,134,12038
1390,44.25492,-76.57093,135,12139
1390,44.25488,-76.57224,136,12243
1390,44.25498,-76.57283,137,12302
1393,44.2369,-76.46556,0,0
1393,44.23697,-76.46562,1,9
1393,44.23781,-76.46354,2,199
1393,44.23884,-76.46095,3,434
1393,44.23941,-76.45944,4,570
1393,44.23982,-76.45781,5,707
1393,44.23973,-76.45767,6,727
1393,44.23983,-76.45769,7,738
1393,44.23999,-76.45548,8,915
1393,44.24001,-76.45524,9,934
1393,44.24057,-76.45532,10,995
1393,44.24065,-76.45458,11,1054
1393,44.24072,-76.45444,12,1067
1393,44.24082,-76.45436,13,1078
1393,44.24088,-76.45433,14,1084
1393,44.24315,-76.45467,15,1337
1393,44.24299,-76.45686,16,1513
1393,44.24303,-76.45727,17,1551
1393,44.24297,-76.45726,18,1558
1393,44.24294,-76.45781,19,1601
1393,44.24298,-76.45816,20,1628
1393,44.24314,-76.45865,21,1668
1393,44.2434,-76.45904,22,1708
1393,44.24354,-76.45918,23,1726
1393,44.24394,-76.45939,24,1771
1393,44.24521,-76.45956,25,1912
1393,44.24537,-76.4596,26,1929
1393,44.24561,-76.45976,27,1956
1393,44.24576,-76.45993,28,1976
1393,44.24595,-76.46029,29,2010
1393,44.24635,-76.46207,30,2158
1393,44.2474,-76.4616,31,2281
1393,44.24862,-76.46115,32,2420
1393,44.25001,-76.46087,33,2576
1393,44.25047,-76.46063,34,2641
1393,44.25048,-76.4608,35,2654
1393,44.25198,-76.46066,36,2819
1393,44.25357,-76.46058,37,2995
1393,44.25377,-76.46044,38,3026
1393,44.25377,-76.46056,39,3035
1393,44.25488,-76.46052,40,3158
1393,44.25767,-76.46043,41,3467
1393,44.25912,-76.46034,42,3627
1393,44.25911,-76.46126,43,3709
1393,44.25903,-76.46124,44,3718
1393,44.25889,-76.4628,45,3842
1393,44.25916,-76.46536,46,4048
1393,44.25917,-76.46744,47,4214
1393,44.2589,-76.47101,48,4499
1393,44.25779,-76.47697,49,4990
1393,44.25744,-76.4793,50,5179
1393,44.25703,-76.48693,51,5787
1393,44.25693,-76.48936,52,5980
1393,44.25706,-76.49077,53,6090
1393,44.25747,-76.4925,54,6232
1393,44.25794,-76.49369,55,6340
1393,44.25931,-76.49602,56,6578
1393,44.25958,-76.49675,57,6642
1393,44.2597,-76.49765,58,6714
1393,44.2597,-76.49786,59,6730
1393,44.26057,-76.49822,60,6830
1393,44.26244,-76.49825,61,7035
1393,44.26245,-76.49716,62,7121
1393,44.26243,-76.49702,63,7131
1393,44.26305,-76.49703,64,7210
1393,44.26308,-76.49711,65,7217
1393,44.26392,-76.49723,66,7310
1393,44.26379,-76.49925,67,7470
1393,44.26371,-76.50026,68,7557
1393,44.26365,-76.50025,69,7563
1393,44.26364,-76.50096,70,7619
1393,44.26388,-76.50211,71,7715
1393,44.26418,-76.50252,72,7761
1393,44.26448,-76.50273,73,7798
1393,44.26492,-76.50275,74,7856
1394,44.25875,-76.50603,0,0
1394,44.25874,-76.50616,1,9
1394,44.25939,-76.50622,2,80
1394,44.25928,-76.50879,3,285
1394,44.25921,-76.50997,4,378
1394,44.2594,-76.50997,5,399
1394,44.25921,-76.50997,6,420
1394,44.25904,-76.51425,7,762
1394,44.2591,-76.51521,8,847
1394,44.25902,-76.51522,9,855
1394,44.25896,-76.51918,10,1170
1394,44.25897,-76.52131,11,1340
1394,44.25907,-76.52175,12,1385
1394,44.25896,-76.52175,13,1396
1394,44.25889,-76.52594,14,1730
1394,44.25888,-76.52634,15,1761
1394,44.25907,-76.52633,16,1781
1394,44.25888,-76.52634,17,1801
1394,44.25894,-76.52786,18,1922
1394,44.2591,-76.52991,19,2086
1394,44.25924,-76.53133,20,2200
1394,44.25923,-76.53266,21,2306
1394,44.25905,-76.53594,22,2568
1394,44.25876,-76.53815,23,2747
1394,44.25885,-76.53853,24,2789
1394,44.25871,-76.53849,25,2804
1394,44.25859,-76.53935,26,2873
1394,44.25707,-76.54208,27,3147
1394,44.2574,-76.54225,28,3196
1394,44.25731,-76.54238,29,3210
1394,44.25804,-76.5433,30,3316
1394,44.25823,-76.54376,31,3354
1394,44.25829,-76.54411,32,3380
1394,44.25818,-76.54684,33,3596
1394,44.25813,-76.54906,34,3773
1394,44.25822,-76.54973,35,3835
1394,44.25813,-76.54973,36,3844
1394,44.25818,-76.5543,37,4208
1394,44.25832,-76.55502,38,4281
1394,44.25818,-76.55503,39,4296
1394,44.25821,-76.55879,40,4596
1394,44.25835,-76.55972,41,4683
1394,44.25822,-76.55972,42,4697
1394,44.25828,-76.56391,43,5031
1394,44.25835,-76.56867,44,5411
1394,44.2573,-76.56888,45,5539
1394,44.2573,-76.56872,46,5551
1394,44.25507,-76.5686,47,5797
1394,44.25505,-76.56892,48,5825
1394,44.2551,-76.56908,49,5839
1394,44.2552,-76.56927,50,5856
1394,44.25512,-76.56932,51,5865
1394,44.25504,-76.5694,52,5874
1394,44.255,-76.56948,53,5881
1394,44.25496,-76.56966,54,5894
1394,44.25492,-76.57093,55,5995
1394,44.25488,-76.57224,56,6099
1394,44.25499,-76.57261,57,6140
1396,44.22544,-76.65815,0,0
1396,44.22608,-76.65917,1,108
1396,44.22607,-76.65957,2,146
1396,44.22599,-76.65953,3,154
1396,44.22535,-76.66204,4,367
1396,44.22496,-76.66337,5,488
1396,44.22489,-76.66332,6,496
1396,44.22482,-76.66349,7,512
1396,44.22303,-76.66595,8,791
1396,44.22232,-76.66719,9,916
1396,44.22222,-76.66745,10,939
1396,44.22183,-76.66738,11,995
1396,44.22188,-76.66722,12,1009
1396,44.21973,-76.66576,13,1274
1396,44.21984,-76.66545,14,1301
1396,44.21979,-76.66402,15,1425
1396,44.21989,-76.66403,16,1436
1396,44.21993,-76.66262,17,1548
1396,44.22045,-76.66126,18,1670
1396,44.22072,-76.66001,19,1788
1396,44.22085,-76.66009,20,1803
1396,44.22131,-76.65869,21,1925
1396,44.22209,-76.65639,22,2127
1396,44.22252,-76.65465,23,2286
1396,44.22262,-76.65471,24,2298
1396,44.22295,-76.65349,25,2401
1396,44.22317,-76.65197,26,2524
1396,44.22335,-76.65096,27,2607
1396,44.22284,-76.65079,28,2667
1396,44.22278,-76.65073,29,2676
1396,44.22163,-76.65007,30,2813
1396,44.22108,-76.64969,31,2883
1396,44.2203,-76.64887,32,2997
1396,44.21977,-76.64821,33,3076
1396,44.21952,-76.64769,34,3125
1396,44.21944,-76.64741,35,3148
1396,44.21936,-76.64679,36,3198
1396,44.21945,-76.64555,37,3306
1396,44.21954,-76.6456,38,3317
1396,44.22001,-76.64342,39,3511
1396,44.22012,-76.64348,40,3524
1396,44.22022,-76.64314,41,3553
1396,44.22275,-76.64465,42,3864
1396,44.22271,-76.64472,43,3870
1396,44.22362,-76.64532,44,3981
1396,44.22508,-76.64626,45,4158
1396,44.22526,-76.64642,46,4182
1396,44.22559,-76.64694,47,4242
1396,44.22553,-76.64696,48,4249
1396,44.22584,-76.64928,49,4436
1396,44.22597,-76.65126,50,4594
1396,44.22723,-76.6511,51,4740
1396,44.22722,-76.6512,52,4747
1396,44.22731,-76.6512,53,4756
1396,44.22754,-76.65114,54,4781
1396,44.22698,-76.64666,55,5145
1396,44.22681,-76.64506,56,5274
1396,44.22663,-76.64404,57,5357
1396,44.22599,-76.64246,58,5503
1396,44.22587,-76.64198,59,5543
1396,44.22585,-76.64171,60,5564
1396,44.22606,-76.63933,61,5765
1396,44.22616,-76.63936,62,5776
1396,44.22646,-76.6377,63,5912
1396,44.22669,-76.63644,64,6015
1396,44.22595,-76.63616,65,6100
1396,44.22499,-76.63586,66,6208
1396,44.22398,-76.6359,67,6320
1396,44.22314,-76.63604,68,6415
1396,44.22237,-76.63608,69,6501
1396,44.22221,-76.63614,70,6519
1396,44.22207,-76.63628,71,6537
1396,44.22198,-76.63646,72,6555
1396,44.22184,-76.63723,73,6618
1396,44.22136,-76.63707,74,6673
1396,44.22088,-76.63683,75,6729
1396,44.22143,-76.63423,76,6944
1396,44.22146,-76.63355,77,7010
1396,44.22159,-76.63361,78,7024
1396,44.22166,-76.6333,79,7050
1396,44.22215,-76.63202,80,7165
1396,44.22277,-76.63094,81,7275
1396,44.2236,-76.62996,82,7395
1396,44.22454,-76.62935,83,7509
1396,44.22495,-76.62897,84,7573
1396,44.22498,-76.62912,85,7585
1396,44.22647,-76.62838,86,7760
1396,44.22789,-76.62751,87,7932
1396,44.22813,-76.62722,88,7975
1396,44.22817,-76.62733,89,7984
1396,44.22924,-76.62667,90,8113
1396,44.2315,-76.62515,91,8398
1396,44.23152,-76.62524,92,8405
1396,44.23248,-76.62465,93,8520
1396,44.23339,-76.62402,94,8632
1396,44.23423,-76.62323,95,8744
1396,44.23522,-76.62191,96,8894
1396,44.23559,-76.62122,97,8971
1396,44.23565,-76.62129,98,8979
1396,44.23658,-76.6197,99,9141
1396,44.2384,-76.6163,100,9480
1396,44.23943,-76.61414,101,9686
1396,44.23987,-76.61303,102,9794
1396,44.23993,-76.61309,103,9802
1396,44.24145,-76.60983,104,10111
1396,44.24184,-76.60993,105,10162
1396,44.24181,-76.61004,106,10170
1396,44.24337,-76.61019,107,10342
1396,44.24681,-76.61035,108,10730
1396,44.24681,-76.61044,109,10736
1396,44.24961,-76.61064,110,11046
1396,44.24974,-76.61053,111,11070
1396,44.24974,-76.61066,112,11080
1396,44.25016,-76.61069,113,11126
1396,44.25038,-76.60833,114,11316
1396,44.25048,-76.60605,115,11498
1396,44.25065,-76.60478,116,11596
1396,44.25157,-76.60155,117,11871
1396,44.25155,-76.60124,118,11903
1396,44.25164,-76.60129,119,11914
1396,44.25207,-76.59986,120,12037
1396,44.25225,-76.59899,121,12109
1396,44.25227,-76.59763,122,12217
1396,44.25155,-76.5945,123,12478
1396,44.25097,-76.59255,124,12657
1396,44.25107,-76.59251,125,12669
1396,44.25039,-76.58969,126,12905
1396,44.25009,-76.58895,127,12980
1396,44.25019,-76.58891,128,12990
1396,44.24956,-76.5868,129,13171
1396,44.249,-76.5854,130,13309
1396,44.24911,-76.58533,131,13321
1396,44.24828,-76.58268,132,13552
1396,44.24801,-76.58133,133,13657
1396,44.24787,-76.58076,134,13713
1396,44.24798,-76.58075,135,13724
1396,44.24807,-76.57942,136,13830
1396,44.2483,-76.57838,137,13915
1396,44.24985,-76.57472,138,14253
1396,44.2498,-76.57448,139,14280
1396,44.24991,-76.57457,140,14293
1396,44.2503,-76.57331,141,14399
1396,44.25052,-76.57206,142,14499
1396,44.25046,-76.57112,143,14585
1396,44.25057,-76.57112,144,14597
1396,44.25066,-76.56834,145,14818
1396,44.25505,-76.5686,146,15306
1396,44.25505,-76.56892,147,15332
1396,44.2551,-76.56908,148,15346
1396,44.2552,-76.56927,149,15363
1396,44.25512,-76.56932,150,15372
1396,44.25504,-76.5694,151,15381
1396,44.255,-76.56948,152,15388
1396,44.25496,-76.56966,153,15401
1396,44.25489,-76.57188,154,15577
1396,44.25485,-76.57314,155,15677
1396,44.25514,-76.57316,156,15709
1396,44.25507,-76.57294,157,15734
1413,44.2693,-76.5231,0,0
1413,44.26932,-76.5232,1,8
1413,44.26941,-76.52317,2,17
1413,44.26906,-76.52161,3,147
1413,44.2688,-76.52061,4,239
1413,44.26891,-76.5206,5,251
1413,44.26878,-76.51929,6,355
1413,44.26892,-76.51771,7,481
1413,44.26911,-76.51722,8,528
1413,44.26921,-76.51645,9,586
1413,44.26901,-76.51402,10,778
1413,44.26881,-76.51267,11,895
1413,44.26888,-76.51266,12,903
1413,44.26884,-76.51231,13,930
1413,44.26839,-76.51115,14,1033
1413,44.26785,-76.51036,15,1125
1413,44.2679,-76.51031,16,1132
1413,44.26779,-76.51013,17,1151
1413,44.268,-76.50927,18,1218
1413,44.268,-76.50805,19,1308
1413,44.26784,-76.5079,20,1336
1413,44.26797,-76.50786,21,1350
1413,44.26765,-76.50688,22,1434
1413,44.26661,-76.50538,23,1599
1413,44.26603,-76.50453,24,1692
1413,44.26585,-76.50406,25,1734
1413,44.26569,-76.50219,26,1892
1413,44.26578,-76.50218,27,1902
1413,44.26579,-76.50065,28,2023
1413,44.26588,-76.49946,29,2116
1413,44.26637,-76.498,30,2244
1413,44.26636,-76.49699,31,2331
1413,44.26644,-76.49701,32,2339
1413,44.26651,-76.49592,33,2425
1413,44.2662,-76.49472,34,2531
1413,44.26625,-76.4947,35,2537
1413,44.26572,-76.49237,36,2731
1413,44.26564,-76.49133,37,2818
1413,44.2657,-76.49134,38,2824
1413,44.26589,-76.48884,39,3024
1413,44.2659,-76.48787,40,3107
1413,44.26596,-76.48788,41,3113
1413,44.26597,-76.4877,42,3127
1413,44.2655,-76.48765,43,3178
1413,44.26536,-76.48756,44,3194
1413,44.26495,-76.48715,45,3249
1413,44.26478,-76.48746,46,3280
1413,44.2647,-76.4877,47,3300
1413,44.26472,-76.48796,48,3324
1413,44.26452,-76.49061,49,3547
1413,44.26446,-76.49061,50,3553
1413,44.26445,-76.49072,51,3561
1413,44.2644,-76.49085,52,3571
1413,44.26432,-76.49095,53,3581
1413,44.26425,-76.49099,54,3588
1413,44.26417,-76.49101,55,3595
1413,44.26269,-76.49087,56,3766
1413,44.2627,-76.49078,57,3773
1413,44.2619,-76.49066,58,3862
1413,44.26177,-76.4931,59,4061
1413,44.26171,-76.49329,60,4081
1413,44.26147,-76.49655,61,4342
1413,44.26221,-76.49669,62,4425
1413,44.26229,-76.49675,63,4433
1413,44.26241,-76.49695,64,4451
1413,44.26243,-76.49702,65,4457
1413,44.26305,-76.49703,66,4536
1413,44.26308,-76.49711,67,4543
1413,44.26392,-76.49723,68,4636
1413,44.26385,-76.49832,69,4722
1413,44.26279,-76.49826,70,4838
1413,44.26166,-76.49828,71,4963
1413,44.26069,-76.49825,72,5069
1413,44.25954,-76.49779,73,5199
1413,44.25775,-76.49738,74,5395
1413,44.25637,-76.49719,75,5549
1413,44.25637,-76.4986,76,5669
1413,44.2563,-76.4986,77,5677
1413,44.25618,-76.50115,78,5880
1413,44.25622,-76.50141,79,5905
1413,44.25616,-76.5014,80,5911
1413,44.25609,-76.50293,81,6033
1413,44.25612,-76.5038,82,6109
1413,44.25604,-76.50379,83,6117
1413,44.25595,-76.50589,84,6284
1413,44.25875,-76.50603,85,6603
1413,44.25874,-76.50616,86,6612
1413,44.25939,-76.50622,87,6683
1413,44.25928,-76.50879,88,6888
1413,44.25921,-76.50997,89,6981
1413,44.2594,-76.50997,90,7002
1413,44.25921,-76.50997,91,7023
1413,44.25904,-76.51425,92,7365
1413,44.2591,-76.51521,93,7450
1413,44.25902,-76.51522,94,7458
1413,44.25896,-76.51918,95,7773
1413,44.25897,-76.52131,96,7943
1413,44.25907,-76.52175,97,7988
1413,44.25896,-76.52175,98,7999
1413,44.25889,-76.52594,99,8333
1413,44.25888,-76.52634,100,8364
1413,44.25907,-76.52633,101,8384
1413,44.25888,-76.52634,102,8404
1413,44.25894,-76.52786,103,8525
1413,44.2591,-76.52991,104,8689
1413,44.25924,-76.53133,105,8803
1413,44.25923,-76.53266,106,8909
1413,44.25905,-76.53594,107,9171
1413,44.25876,-76.53815,108,9350
1413,44.25885,-76.53853,109,9392
1413,44.25871,-76.53849,110,9407
1413,44.25859,-76.53935,111,9476
1413,44.25707,-76.54208,112,9750
1413,44.2574,-76.54225,113,9799
1413,44.25731,-76.54238,114,9813
1413,44.25804,-76.5433,115,9919
1413,44.25823,-76.54376,116,9957
1413,44.25829,-76.54411,117,9983
1413,44.25818,-76.54684,118,10199
1413,44.25813,-76.54906,119,10376
1413,44.25822,-76.54973,120,10438
1413,44.25813,-76.54973,121,10447
1413,44.25818,-76.5543,122,10811
1413,44.25832,-76.55502,123,10884
1413,44.25818,-76.55503,124,10899
1413,44.25821,-76.55879,125,11199
1413,44.25835,-76.55972,126,11286
1413,44.25822,-76.55972,127,11300
1413,44.25828,-76.56391,128,11634
1413,44.25835,-76.56867,129,12014
1413,44.2573,-76.56888,130,12142
1413,44.2573,-76.56872,131,12154
1413,44.25507,-76.5686,132,12400
1413,44.25505,-76.56892,133,12428
1413,44.2551,-76.56908,134,12442
1413,44.2552,-76.56927,135,12459
1413,44.25512,-76.56932,136,12468
1413,44.25504,-76.5694,137,12477
1413,44.255,-76.56948,138,12484
1413,44.25496,-76.56966,139,12497
1413,44.25492,-76.57093,140,12598
1413,44.25488,-76.57224,141,12702
1413,44.25485,-76.57314,142,12773
1413,44.25514,-76.57316,143,12805
1413,44.25507,-76.57294,144,12830
1417,44.25499,-76.57261,0,0
1417,44.25487,-76.5726,1,13
1417,44.25483,-76.57389,2,114
1417,44.25485,-76.57399,3,122
1417,44.25495,-76.57417,4,137
1417,44.25506,-76.57424,5,148
1417,44.25637,-76.57432,6,292
1417,44.2566,-76.57433,7,317
1417,44.25677,-76.57429,8,334
1417,44.25722,-76.57395,9,397
1417,44.25724,-76.57406,10,405
1417,44.25738,-76.574,11,420
1417,44.25858,-76.57404,12,552
1417,44.25847,-76.57154,13,751
1417,44.25835,-76.56867,14,980
1417,44.2582,-76.56627,15,1183
1417,44.25831,-76.56628,16,1195
1417,44.25828,-76.56391,17,1384
1417,44.25821,-76.55879,18,1792
1417,44.25807,-76.55771,19,1893
1417,44.25821,-76.5577,20,1908
1417,44.25818,-76.5543,21,2179
1417,44.25805,-76.55368,22,2241
1417,44.25817,-76.55368,23,2254
1417,44.25813,-76.54906,24,2622
1417,44.25801,-76.54824,25,2702
1417,44.25815,-76.54824,26,2717
1417,44.25818,-76.54684,27,2829
1417,44.25828,-76.54422,28,3037
1417,44.25829,-76.54411,29,3045
1417,44.25827,-76.54393,30,3059
1417,44.2581,-76.54341,31,3099
1417,44.25707,-76.54208,32,3251
1417,44.25737,-76.54133,33,3330
1417,44.25746,-76.54143,34,3342
1417,44.25819,-76.54023,35,3467
1417,44.25859,-76.53935,36,3549
1417,44.25857,-76.53841,37,3637
1417,44.25871,-76.53845,38,3652
1417,44.25905,-76.53594,39,3854
1417,44.25923,-76.53266,40,4116
1417,44.25924,-76.53133,41,4222
1417,44.2591,-76.52991,42,4336
1417,44.25898,-76.52846,43,4452
1417,44.25887,-76.52679,44,4585
1417,44.25878,-76.5262,45,4643
1417,44.25888,-76.52621,46,4655
1417,44.25895,-76.52248,47,4952
1417,44.25883,-76.52193,48,5010
1417,44.25896,-76.52193,49,5024
1417,44.25896,-76.51918,50,5243
1417,44.25889,-76.51422,51,5652
1417,44.25904,-76.51424,52,5668
1417,44.25923,-76.50947,53,6049
1417,44.25914,-76.50893,54,6104
1417,44.25927,-76.50895,55,6118
1417,44.25935,-76.50707,56,6267
1417,44.25941,-76.50557,57,6386
1417,44.25919,-76.50553,58,6411
1417,44.25941,-76.50555,59,6435
1417,44.25958,-76.4992,60,6941
1417,44.2597,-76.49786,61,7049
1417,44.25876,-76.49754,62,7151
1417,44.25637,-76.49719,63,7416
1417,44.25618,-76.50115,64,7732
1417,44.25604,-76.50392,65,7952
1417,44.25595,-76.50589,66,8109
1417,44.25875,-76.50603,67,8428
1418,44.2693,-76.5231,0,0
1418,44.26932,-76.5232,1,8
1418,44.26941,-76.52317,2,17
1418,44.26906,-76.52161,3,147
1418,44.2688,-76.52061,4,239
1418,44.26891,-76.5206,5,251
1418,44.26878,-76.51929,6,355
1418,44.26892,-76.51771,7,481
1418,44.26911,-76.51722,8,528
1418,44.26921,-76.51645,9,586
1418,44.26901,-76.51402,10,778
1418,44.26881,-76.51267,11,895
1418,44.26888,-76.51266,12,903
1418,44.26884,-76.51231,13,930
1418,44.26839,-76.51115,14,1033
1418,44.26785,-76.51036,15,1125
1418,44.2679,-76.51031,16,1132
1418,44.26779,-76.51013,17,1151
1418,44.268,-76.50927,18,1218
1418,44.268,-76.50805,19,1308
1418,44.26784,-76.5079,20,1336
1418,44.26797,-76.50786,21,1350
1418,44.26765,-76.50688,22,1434
1418,44.26661,-76.50538,23,1599
1418,44.26603,-76.50453,24,1692
1418,44.26585,-76.50406,25,1734
1418,44.26569,-76.50219,26,1892
1418,44.26578,-76.50218,27,1902
1418,44.26579,-76.50065,28,2023
1418,44.26588,-76.49946,29,2116
1418,44.26637,-76.498,30,2244
1418,44.26636,-76.49699,31,2331
1418,44.26644,-76.49701,32,2339
1418,44.26651,-76.49592,33,2425
1418,44.2662,-76.49472,34,2531
1418,44.26625,-76.4947,35,2537
1418,44.26572,-76.49237,36,2731
1418,44.26564,-76.49133,37,2818
1418,44.2657,-76.49134,38,2824
1418,44.26589,-76.48884,39,3024
1418,44.2659,-76.48787,40,3107
1418,44.26596,-76.48788,41,3113
1418,44.26597,-76.4877,42,3127
1418,44.2655,-76.48765,43,3178
1418,44.26536,-76.48756,44,3194
1418,44.26495,-76.48715,45,3249
1418,44.26478,-76.48746,46,3280
1418,44.2647,-76.4877,47,3300
1418,44.26472,-76.48796,48,3324
1418,44.26452,-76.49061,49,3547
1418,44.26446,-76.49061,50,3553
1418,44.26445,-76.49072,51,3561
1418,44.2644,-76.49085,52,3571
1418,44.26432,-76.49095,53,3581
1418,44.26425,-76.49099,54,3588
1418,44.26417,-76.49101,55,3595
1418,44.26269,-76.49087,56,3766
1418,44.2627,-76.49078,57,3773
1418,44.2619,-76.49066,58,3862
1418,44.26177,-76.4931,59,4061
1418,44.26171,-76.49329,60,4081
1418,44.26147,-76.49655,61,4342
1418,44.26221,-76.49669,62,4425
1418,44.26229,-76.49675,63,4433
1418,44.26241,-76.49695,64,4451
1418,44.26243,-76.49702,65,4457
1418,44.26305,-76.49703,66,4536
1418,44.26308,-76.49711,67,4543
1418,44.26392,-76.49723,68,4636
1418,44.26385,-76.49832,69,4722
1418,44.26279,-76.49826,70,4838
1418,44.26166,-76.49828,71,4963
1418,44.26069,-76.49825,72,5069
1418,44.25954,-76.49779,73,5199
1418,44.25775,-76.49738,74,5395
1418,44.25637,-76.49719,75,5549
1418,44.25637,-76.4986,76,5669
1418,44.2563,-76.4986,77,5677
1418,44.25618,-76.50115,78,5880
1418,44.25622,-76.50141,79,5905
1418,44.25616,-76.5014,80,5911
1418,44.25609,-76.50293,81,6033
1418,44.25612,-76.5038,82,6109
1418,44.25604,-76.50379,83,6117
1418,44.25595,-76.50589,84,6284
1418,44.25875,-76.50603,85,6603
1418,44.25874,-76.50616,86,6612
1418,44.25939,-76.50622,87,6683
1418,44.25928,-76.50879,88,6888
1418,44.25921,-76.50997,89,6981
1418,44.2594,-76.50997,90,7002
1418,44.25921,-76.50997,91,7023
1418,44.25904,-76.51425,92,7365
1418,44.2591,-76.51521,93,7450
1418,44.25902,-76.51522,94,7458
1418,44.25896,-76.51918,95,7773
1418,44.25897,-76.52131,96,7943
1418,44.25907,-76.52175,97,7988
1418,44.25896,-76.52175,98,7999
1418,44.25889,-76.52594,99,8333
1418,44.25888,-76.52634,100,8364
1418,44.25907,-76.52633,101,8384
1418,44.25888,-76.52634,102,8404
1418,44.25894,-76.52786,103,8525
1418,44.2591,-76.52991,104,8689
1418,44.25924,-76.53133,105,8803
1418,44.25923,-76.53266,106,8909
1418,44.25905,-76.53594,107,9171
1418,44.25876,-76.53815,108,9350
1418,44.25885,-76.53853,109,9392
1418,44.25871,-76.53849,110,9407
1418,44.25859,-76.53935,111,9476
1418,44.25707,-76.54208,112,9750
1418,44.2574,-76.54225,113,9799
1418,44.25731,-76.54238,114,9813
1418,44.25804,-76.5433,115,9919
1418,44.25823,-76.54376,116,9957
1418,44.25829,-76.54411,117,9983
1418,44.25818,-76.54684,118,10199
1418,44.25813,-76.54906,119,10376
1418,44.25822,-76.54973,120,10438
1418,44.25813,-76.54973,121,10447
1418,44.25818,-76.5543,122,10811
1418,44.25832,-76.55502,123,10884
1418,44.25818,-76.55503,124,10899
1418,44.25821,-76.55879,125,11199
1418,44.25835,-76.55972,126,11286
1418,44.25822,-76.55972,127,11300
1418,44.25828,-76.56391,128,11634
1418,44.25835,-76.56867,129,12014
1418,44.2573,-76.56888,130,12142
1418,44.2573,-76.56872,131,12154
1418,44.25507,-76.5686,132,12400
1418,44.25505,-76.56892,133,12428
1418,44.2551,-76.56908,134,12442
1418,44.2552,-76.56927,135,12459
1418,44.25512,-76.56932,136,12468
1418,44.25504,-76.5694,137,12477
1418,44.255,-76.56948,138,12484
1418,44.25496,-76.56966,139,12497
1418,44.25492,-76.57093,140,12598
1418,44.25488,-76.57224,141,12702
1418,44.25498,-76.57283,142,12761
1419,44.25497,-76.57308,0,0
1419,44.25485,-76.57308,1,13
1419,44.25483,-76.57389,2,77
1419,44.25485,-76.57399,3,85
1419,44.25495,-76.57417,4,100
1419,44.25506,-76.57424,5,111
1419,44.25637,-76.57432,6,255
1419,44.2566,-76.57433,7,280
1419,44.25677,-76.57429,8,297
1419,44.25722,-76.57395,9,360
1419,44.25724,-76.57406,10,368
1419,44.25738,-76.574,11,383
1419,44.25858,-76.57404,12,515
1419,44.25866,-76.57585,13,659
1419,44.25882,-76.57651,14,725
1419,44.25871,-76.57654,15,737
1419,44.25889,-76.57832,16,879
1419,44.25943,-76.581,17,1113
1419,44.25932,-76.58104,18,1125
1419,44.25972,-76.58367,19,1340
1419,44.25761,-76.58425,20,1578
1419,44.25716,-76.58444,21,1626
1419,44.25651,-76.58503,22,1706
1419,44.2554,-76.58655,23,1878
1419,44.25535,-76.58682,24,1907
1419,44.25528,-76.58672,25,1918
1419,44.25447,-76.5876,26,2028
1419,44.25278,-76.58854,27,2226
1419,44.25254,-76.58877,28,2264
1419,44.25252,-76.58867,29,2272
1419,44.25106,-76.58937,30,2443
1419,44.25039,-76.58969,31,2522
1419,44.25009,-76.58895,32,2597
1419,44.25019,-76.58891,33,2607
1419,44.24956,-76.5868,34,2788
1419,44.249,-76.5854,35,2926
1419,44.24911,-76.58533,36,2938
1419,44.24828,-76.58268,37,3169
1419,44.24801,-76.58133,38,3274
1419,44.24787,-76.58076,39,3330
1419,44.24798,-76.58075,40,3341
1419,44.24807,-76.57942,41,3447
1419,44.2483,-76.57838,42,3532
1419,44.24758,-76.57783,43,3624
1419,44.24763,-76.57778,44,3630
1419,44.24746,-76.57743,45,3660
1419,44.24736,-76.57702,46,3692
1419,44.24729,-76.5757,47,3795
1419,44.24712,-76.57452,48,3895
1419,44.24718,-76.57451,49,3901
1419,44.2468,-76.57211,50,4095
1419,44.24661,-76.57072,51,4205
1419,44.24654,-76.5684,52,4394
1419,44.24661,-76.5684,53,4401
1419,44.24662,-76.56805,54,4428
1419,44.24473,-76.56791,55,4637
1419,44.24433,-76.56808,56,4695
1419,44.24433,-76.56789,57,4710
1419,44.242,-76.56793,58,4980
1419,44.24201,-76.56777,59,4992
1419,44.24067,-76.56772,60,5139
1419,44.23832,-76.56776,61,5414
1419,44.23833,-76.56757,62,5428
1419,44.23719,-76.56746,63,5554
1419,44.23613,-76.56781,64,5683
1438,44.2722,-76.44609,0,0
1438,44.27215,-76.44614,1,6
1438,44.27269,-76.44708,2,101
1438,44.27106,-76.44891,3,333
1438,44.27003,-76.45007,4,480
1438,44.26972,-76.45062,5,545
1438,44.26965,-76.4505,6,557
1438,44.26856,-76.45171,7,712
1438,44.26721,-76.44955,8,946
1438,44.26726,-76.44949,9,952
1438,44.26689,-76.44887,10,1015
1438,44.26686,-76.44875,11,1025
1438,44.26677,-76.44793,12,1091
1438,44.26638,-76.44734,13,1160
1438,44.26643,-76.44728,14,1167
1438,44.26531,-76.44535,15,1364
1438,44.26525,-76.4453,16,1370
1438,44.26517,-76.4453,17,1376
1438,44.26511,-76.44534,18,1382
1438,44.26388,-76.44688,19,1572
1438,44.26384,-76.44681,20,1579
1438,44.26279,-76.44797,21,1727
1438,44.26254,-76.44834,22,1766
1438,44.26236,-76.44893,23,1814
1438,44.26216,-76.44926,24,1846
1438,44.26191,-76.44947,25,1877
1438,44.26155,-76.44962,26,1920
1438,44.26155,-76.44954,27,1926
1438,44.26016,-76.44929,28,2080
1438,44.25986,-76.45264,29,2349
1438,44.2596,-76.45555,30,2582
1438,44.25958,-76.45627,31,2644
1438,44.25927,-76.45913,32,2879
1438,44.25911,-76.46126,33,3058
1438,44.25903,-76.46124,34,3067
1438,44.25887,-76.46306,35,3212
1438,44.25879,-76.46345,36,3244
1438,44.25851,-76.46848,37,3647
1438,44.25809,-76.47139,38,3884
1438,44.25766,-76.47481,39,4160
1438,44.25743,-76.4794,40,4527
1438,44.25726,-76.48266,41,4787
1438,44.25724,-76.4829,42,4805
1438,44.25959,-76.48168,43,5092
1438,44.25962,-76.48181,44,5102
1438,44.26095,-76.48121,45,5256
1438,44.26147,-76.48091,46,5316
1438,44.2624,-76.47993,47,5443
1438,44.26263,-76.47966,48,5476
1438,44.26272,-76.47991,49,5498
1438,44.26273,-76.48012,50,5514
1438,44.2626,-76.48168,51,5639
1438,44.26263,-76.48195,52,5665
1438,44.26245,-76.48358,53,5801
1438,44.26233,-76.48503,54,5917
1438,44.26222,-76.48651,55,6035
1438,44.26225,-76.48693,56,6074
1438,44.26219,-76.48692,57,6080
1438,44.26199,-76.48942,58,6280
1438,44.26198,-76.49049,59,6371
1438,44.26191,-76.49048,60,6378
1438,44.26177,-76.4931,61,6591
1438,44.26171,-76.49329,62,6611
1438,44.26147,-76.49655,63,6872
1438,44.26221,-76.49669,64,6955
1438,44.26229,-76.49675,65,6963
1438,44.26241,-76.49695,66,6981
1438,44.26243,-76.49702,67,6987
1438,44.26305,-76.49703,68,7066
1441,44.25508,-76.57271,0,0
1441,44.25516,-76.57271,1,9
1441,44.2552,-76.57189,2,74
1441,44.25489,-76.57188,3,107
1441,44.25496,-76.56966,4,283
1441,44.255,-76.56948,5,296
1441,44.25504,-76.5694,6,303
1441,44.25511,-76.56932,7,311
1441,44.2552,-76.56927,8,321
1441,44.2551,-76.56908,9,338
1441,44.25505,-76.56892,10,352
1441,44.25505,-76.5686,11,378
1441,44.25365,-76.56864,12,542
1441,44.25365,-76.56852,13,551
1441,44.25066,-76.56834,14,883
1441,44.25061,-76.56614,15,1073
1441,44.25076,-76.56615,16,1088
1441,44.2511,-76.56213,17,1411
1441,44.25113,-76.56073,18,1521
1441,44.25092,-76.56014,19,1586
1441,44.25106,-76.5601,20,1602
1441,44.24995,-76.55579,21,1966
1441,44.24974,-76.55452,22,2069
1441,44.24959,-76.55364,23,2147
1441,44.24969,-76.55364,24,2158
1441,44.24968,-76.55354,25,2165
1441,44.24978,-76.55223,26,2267
1441,44.25003,-76.55094,27,2372
1441,44.25044,-76.54972,28,2477
1441,44.25184,-76.54711,29,2735
1441,44.25257,-76.54781,30,2839
1441,44.25254,-76.54788,31,2845
1441,44.25333,-76.54874,32,2956
1441,44.25346,-76.54892,33,2976
1441,44.25362,-76.54927,34,3008
1441,44.25369,-76.54957,35,3032
1441,44.25386,-76.55127,36,3167
1441,44.25398,-76.55169,37,3207
1441,44.25392,-76.55172,38,3214
1441,44.25443,-76.55385,39,3393
1441,44.2544,-76.55546,40,3520
1441,44.25435,-76.55551,41,3529
1441,44.25411,-76.55617,42,3585
1441,44.25368,-76.55691,43,3660
1441,44.25513,-76.55855,44,3867
1441,44.25555,-76.55887,45,3916
1441,44.25661,-76.55894,46,4039
1441,44.25661,-76.55905,47,4047
1441,44.25751,-76.55878,48,4145
1441,44.25821,-76.55879,49,4223
1441,44.25807,-76.55771,50,4324
1441,44.25821,-76.5577,51,4339
1441,44.25818,-76.5543,52,4610
1441,44.25805,-76.55368,53,4672
1441,44.25817,-76.55368,54,4685
1441,44.25813,-76.54906,55,5053
1441,44.25903,-76.54899,56,5159
1441,44.25903,-76.54908,57,5165
1441,44.26005,-76.54909,58,5277
1441,44.2612,-76.54892,59,5404
1441,44.26132,-76.54886,60,5416
1441,44.26169,-76.54844,61,5467
1441,44.26207,-76.54827,62,5516
1441,44.26208,-76.54836,63,5522
1441,44.26362,-76.5484,64,5692
1441,44.26476,-76.54878,65,5826
1441,44.26544,-76.54916,66,5912
1441,44.26737,-76.54921,67,6126
1441,44.26798,-76.54904,68,6198
1441,44.26948,-76.54898,69,6368
1441,44.26997,-76.54896,70,6421
1441,44.27008,-76.54948,71,6473
1441,44.26997,-76.54949,72,6484
1441,44.27,-76.55265,73,6736
1441,44.27012,-76.55301,74,6778
1441,44.27,-76.55301,75,6791
1441,44.27,-76.55386,76,6858
1441,44.26994,-76.55429,77,6892
1441,44.26948,-76.55573,78,7017
1441,44.26938,-76.55644,79,7074
1441,44.26945,-76.55875,80,7268
1441,44.26935,-76.55875,81,7279
1441,44.26935,-76.55902,82,7301
1441,44.27177,-76.55907,83,7569
1441,44.27211,-76.5591,84,7611
1441,44.27263,-76.55932,85,7676
1441,44.27224,-76.56152,86,7856
1441,44.27214,-76.56254,87,7944
1441,44.27208,-76.56252,88,7950
1441,44.27184,-76.56405,89,8074
1441,44.27183,-76.56412,90,8080
1441,44.27184,-76.56541,91,8182
1441,44.27449,-76.56544,92,8477
1441,44.27509,-76.56536,93,8550
1441,44.27509,-76.56545,94,8557
1441,44.27666,-76.56548,95,8731
1441,44.27674,-76.56551,96,8737
1441,44.27679,-76.56559,97,8743
1441,44.27681,-76.56569,98,8749
1441,44.27669,-76.568,99,8932
1441,44.27663,-76.56922,100,9029
1441,44.27615,-76.56924,101,9082
1441,44.27602,-76.56837,102,9163
1441,44.27616,-76.56841,103,9178
1441,44.27617,-76.56798,104,9211
1441,44.27669,-76.568,105,9269
1441,44.27661,-76.56967,106,9402
1441,44.27635,-76.57106,107,9515
1441,44.27542,-76.57057,108,9626
1441,44.27434,-76.56997,109,9754
1441,44.27343,-76.56954,110,9860
1441,44.2725,-76.56919,111,9966
1441,44.27205,-76.56907,112,10017
1441,44.27202,-76.56933,113,10037
1441,44.27205,-76.56907,114,10057
1441,44.271,-76.56891,115,10172
1441,44.26975,-76.56889,116,10311
1441,44.26749,-76.56913,117,10577
1441,44.26749,-76.56893,118,10592
1441,44.26709,-76.56894,119,10636
1441,44.26726,-76.57157,120,10847
1441,44.26732,-76.57285,121,10949
1441,44.26732,-76.57417,122,11054
1441,44.26659,-76.57426,123,11145
1441,44.26659,-76.57415,124,11154
1441,44.26516,-76.5741,125,11313
1441,44.26333,-76.57423,126,11528
1441,44.26332,-76.57407,127,11540
1441,44.26236,-76.57406,128,11647
1441,44.26134,-76.57406,129,11760
1441,44.26038,-76.57417,130,11875
1441,44.26037,-76.57405,131,11883
1441,44.25858,-76.57404,132,12082
1441,44.25738,-76.574,133,12214
1441,44.25709,-76.57422,134,12256
1441,44.25707,-76.57413,135,12263
1441,44.25671,-76.57431,136,12305
1441,44.25564,-76.57428,137,12420
1441,44.25506,-76.57424,138,12484
1441,44.25495,-76.57417,139,12495
1441,44.25485,-76.57399,140,12510
1441,44.25483,-76.57389,141,12518
1441,44.25485,-76.57314,142,12577
1441,44.25514,-76.57316,143,12609
1441,44.25508,-76.57271,144,12653
1442,44.25875,-76.50603,0,0
1442,44.25874,-76.50616,1,9
1442,44.25939,-76.50622,2,80
1442,44.25928,-76.50879,3,285
1442,44.25921,-76.50997,4,378
1442,44.2594,-76.50997,5,399
1442,44.25921,-76.50997,6,420
1442,44.25904,-76.51425,7,762
1442,44.2591,-76.51521,8,847
1442,44.25902,-76.51522,9,855
1442,44.25896,-76.51918,10,1170
1442,44.25897,-76.52131,11,1340
1442,44.25907,-76.52175,12,1385
1442,44.25896,-76.52175,13,1396
1442,44.25889,-76.52594,14,1730
1442,44.25888,-76.52634,15,1761
1442,44.25907,-76.52633,16,1781
1442,44.25888,-76.52634,17,1801
1442,44.25894,-76.52786,18,1922
1442,44.2591,-76.52991,19,2086
1442,44.25924,-76.53133,20,2200
1442,44.25923,-76.53266,21,2306
1442,44.25905,-76.53594,22,2568
1442,44.25876,-76.53815,23,2747
1442,44.25885,-76.53853,24,2789
1442,44.25871,-76.53849,25,2804
1442,44.25859,-76.53935,26,2873
1442,44.25707,-76.54208,27,3147
1442,44.2574,-76.54225,28,3196
1442,44.25731,-76.54238,29,3210
1442,44.25804,-76.5433,30,3316
1442,44.25823,-76.54376,31,3354
1442,44.25829,-76.54411,32,3380
1442,44.25818,-76.54684,33,3596
1442,44.25813,-76.54906,34,3773
1442,44.25822,-76.54973,35,3835
1442,44.25813,-76.54973,36,3844
1442,44.25818,-76.5543,37,4208
1442,44.25832,-76.55502,38,4281
1442,44.25818,-76.55503,39,4296
1442,44.25821,-76.55879,40,4596
1442,44.25835,-76.55972,41,4683
1442,44.25822,-76.55972,42,4697
1442,44.25828,-76.56391,43,5031
1442,44.25835,-76.56867,44,5411
1442,44.2573,-76.56888,45,5539
1442,44.2573,-76.56872,46,5551
1442,44.25507,-76.5686,47,5797
1442,44.25505,-76.56892,48,5825
1442,44.2551,-76.56908,49,5839
1442,44.2552,-76.56927,50,5856
1442,44.25512,-76.56932,51,5865
1442,44.25504,-76.5694,52,5874
1442,44.255,-76.56948,53,5881
1442,44.25496,-76.56966,54,5894
1442,44.25492,-76.57093,55,5995
1442,44.25488,-76.57224,56,6099
1442,44.25499,-76.57238,57,6122
1443,44.2722,-76.44609,0,0
1443,44.27215,-76.44614,1,6
1443,44.27269,-76.44708,2,101
1443,44.27106,-76.44891,3,333
1443,44.27003,-76.45007,4,480
1443,44.26972,-76.45062,5,545
1443,44.26965,-76.4505,6,557
1443,44.26856,-76.45171,7,712
1443,44.26721,-76.44955,8,946
1443,44.26726,-76.44949,9,952
1443,44.26689,-76.44887,10,1015
1443,44.26686,-76.44875,11,1025
1443,44.26677,-76.44793,12,1091
1443,44.26638,-76.44734,13,1160
1443,44.26643,-76.44728,14,1167
1443,44.26531,-76.44535,15,1364
1443,44.26525,-76.4453,16,1370
1443,44.26517,-76.4453,17,1376
1443,44.26511,-76.44534,18,1382
1443,44.26388,-76.44688,19,1572
1443,44.26384,-76.44681,20,1579
1443,44.26279,-76.44797,21,1727
1443,44.26254,-76.44834,22,1766
1443,44.26236,-76.44893,23,1814
1443,44.26216,-76.44926,24,1846
1443,44.26191,-76.44947,25,1877
1443,44.26155,-76.44962,26,1920
1443,44.26155,-76.44954,27,1926
1443,44.26016,-76.44929,28,2080
1443,44.25986,-76.45264,29,2349
1443,44.2596,-76.45555,30,2582
1443,44.25958,-76.45627,31,2644
1443,44.25927,-76.45913,32,2879
1443,44.25911,-76.46126,33,3058
1443,44.25903,-76.46124,34,3067
1443,44.25887,-76.46306,35,3212
1443,44.25879,-76.46345,36,3244
1443,44.25851,-76.46848,37,3647
1443,44.25809,-76.47139,38,3884
1443,44.25766,-76.47481,39,4160
1443,44.25743,-76.4794,40,4527
1443,44.25726,-76.48266,41,4787
1443,44.25724,-76.4829,42,4805
1443,44.25959,-76.48168,43,5092
1443,44.25962,-76.48181,44,5102
1443,44.26095,-76.48121,45,5256
1443,44.26147,-76.48091,46,5316
1443,44.2624,-76.47993,47,5443
1443,44.26317,-76.47908,48,5551
1443,44.26395,-76.47845,49,5657
1443,44.26397,-76.47857,50,5666
1443,44.26491,-76.47842,51,5769
1443,44.26517,-76.47841,52,5798
1443,44.26507,-76.47988,53,5915
1443,44.26498,-76.48141,54,6039
1443,44.26488,-76.48264,55,6140
1443,44.26479,-76.48354,56,6212
1443,44.26473,-76.48374,57,6229
1443,44.26465,-76.48384,58,6241
1443,44.26434,-76.48401,59,6277
1443,44.26426,-76.48413,60,6290
1443,44.2642,-76.48428,61,6303
1443,44.26407,-76.4866,62,6493
1443,44.26401,-76.48678,63,6511
1443,44.26222,-76.48651,64,6711
1443,44.26225,-76.48693,65,6750
1443,44.26219,-76.48692,66,6756
1443,44.26199,-76.48942,67,6956
1443,44.26198,-76.49049,68,7047
1443,44.26191,-76.49048,69,7054
1443,44.26177,-76.4931,70,7267
1443,44.26171,-76.49329,71,7287
1443,44.26147,-76.49655,72,7548
1443,44.26221,-76.49669,73,7631
1443,44.26229,-76.49675,74,7639
1443,44.26241,-76.49695,75,7657
1443,44.26243,-76.49702,76,7663
1443,44.26305,-76.49703,77,7742
1447,44.27602,-76.56837,0,0
1447,44.27616,-76.56841,1,15
1447,44.27617,-76.56798,2,48
1447,44.27669,-76.568,3,106
1447,44.27661,-76.56967,4,239
1447,44.27635,-76.57106,5,352
1447,44.27542,-76.57057,6,463
1447,44.27434,-76.56997,7,591
1447,44.27343,-76.56954,8,697
1447,44.2725,-76.56919,9,803
1447,44.27205,-76.56907,10,854
1447,44.27202,-76.56933,11,874
1447,44.27205,-76.56907,12,894
1447,44.271,-76.56891,13,1009
1447,44.26975,-76.56889,14,1148
1447,44.26749,-76.56913,15,1414
1447,44.26749,-76.56893,16,1429
1447,44.26709,-76.56894,17,1473
1447,44.26726,-76.57157,18,1684
1447,44.26732,-76.57285,19,1786
1447,44.26732,-76.57417,20,1891
1447,44.26659,-76.57426,21,1982
1447,44.26659,-76.57415,22,1991
1447,44.26516,-76.5741,23,2150
1447,44.26333,-76.57423,24,2365
1447,44.26332,-76.57407,25,2377
1447,44.26236,-76.57406,26,2484
1447,44.26134,-76.57406,27,2597
1447,44.26038,-76.57417,28,2712
1447,44.26037,-76.57405,29,2720
1447,44.25858,-76.57404,30,2919
1447,44.25738,-76.574,31,3051
1447,44.25709,-76.57422,32,3093
1447,44.25707,-76.57413,33,3100
1447,44.25671,-76.57431,34,3142
1447,44.25564,-76.57428,35,3257
1447,44.25506,-76.57424,36,3321
1447,44.25495,-76.57417,37,3332
1447,44.25485,-76.57399,38,3347
1447,44.25483,-76.57389,39,3355
1447,44.25485,-76.57314,40,3414
1447,44.25514,-76.57316,41,3446
1447,44.25508,-76.57271,42,3490
1449,44.25875,-76.50603,0,0
1449,44.25874,-76.50616,1,9
1449,44.25939,-76.50622,2,80
1449,44.25928,-76.50879,3,285
1449,44.25921,-76.50997,4,378
1449,44.2594,-76.50997,5,399
1449,44.25921,-76.50997,6,420
1449,44.25904,-76.51425,7,762
1449,44.2591,-76.51521,8,847
1449,44.25902,-76.51522,9,855
1449,44.25896,-76.51918,10,1170
1449,44.25897,-76.52131,11,1340
1449,44.25907,-76.52175,12,1385
1449,44.25896,-76.52175,13,1396
1449,44.25889,-76.52594,14,1730
1449,44.25888,-76.52634,15,1761
1449,44.25907,-76.52633,16,1781
1449,44.25888,-76.52634,17,1801
1449,44.25894,-76.52786,18,1922
1449,44.2591,-76.52991,19,2086
1449,44.25924,-76.53133,20,2200
1449,44.25923,-76.53266,21,2306
1449,44.25905,-76.53594,22,2568
1449,44.25876,-76.53815,23,2747
1449,44.25885,-76.53853,24,2789
1449,44.25871,-76.53849,25,2804
1449,44.25859,-76.53935,26,2873
1449,44.25707,-76.54208,27,3147
1449,44.2574,-76.54225,28,3196
1449,44.25731,-76.54238,29,3210
1449,44.25804,-76.5433,30,3316
1449,44.25823,-76.54376,31,3354
1449,44.25829,-76.54411,32,3380
1449,44.25818,-76.54684,33,3596
1449,44.25813,-76.54906,34,3773
1449,44.25822,-76.54973,35,3835
1449,44.25813,-76.54973,36,3844
1449,44.25818,-76.5543,37,4208
1449,44.25832,-76.55502,38,4281
1449,44.25818,-76.55503,39,4296
1449,44.25821,-76.55879,40,4596
1449,44.25835,-76.55972,41,4683
1449,44.25822,-76.55972,42,4697
1449,44.25828,-76.56391,43,5031
1449,44.25835,-76.56867,44,5411
1449,44.2573,-76.56888,45,5539
1449,44.2573,-76.56872,46,5551
1449,44.25507,-76.5686,47,5797
1449,44.25505,-76.56892,48,5825
1449,44.2551,-76.56908,49,5839
1449,44.2552,-76.56927,50,5856
1449,44.25512,-76.56932,51,5865
1449,44.25504,-76.5694,52,5874
1449,44.255,-76.56948,53,5881
1449,44.25496,-76.56966,54,5894
1449,44.25492,-76.57093,55,5995
1449,44.25488,-76.57224,56,6099
1449,44.25498,-76.57283,57,6158
1468,44.27897,-76.47257,0,0
1468,44.27871,-76.47265,1,29
1468,44.27873,-76.47282,2,42
1468,44.27855,-76.47309,3,71
1468,44.27862,-76.47343,4,99
1468,44.27759,-76.47388,5,218
1468,44.27666,-76.4743,6,326
1468,44.27571,-76.47497,7,441
1468,44.27462,-76.47609,8,591
1468,44.27379,-76.4769,9,701
1468,44.27302,-76.47762,10,811
1468,44.27298,-76.47753,11,819
1468,44.27124,-76.47887,12,1040
1468,44.2706,-76.47929,13,1116
1468,44.27002,-76.47941,14,1179
1468,44.26857,-76.47912,15,1339
1468,44.26807,-76.47914,16,1402
1468,44.2681,-76.47901,17,1412
1468,44.26627,-76.4786,18,1617
1468,44.26517,-76.47841,19,1739
1468,44.26424,-76.4785,20,1841
1468,44.26391,-76.47869,21,1888
1468,44.26389,-76.47859,22,1896
1468,44.26329,-76.47896,23,1968
1468,44.2624,-76.47993,24,2092
1468,44.26166,-76.48075,25,2195
1468,44.25966,-76.48179,26,2429
1468,44.25859,-76.48227,27,2553
1468,44.25724,-76.4829,28,2711
1468,44.25629,-76.48305,29,2817
1468,44.25616,-76.48317,30,2839
1468,44.25617,-76.48305,31,2848
1468,44.25523,-76.48313,32,2948
1468,44.25447,-76.48354,33,3035
1468,44.25348,-76.48446,34,3166
1468,44.25268,-76.48522,35,3278
1468,44.25265,-76.48513,36,3285
1468,44.25245,-76.48529,37,3311
1468,44.25145,-76.48555,38,3423
1468,44.25015,-76.48577,39,3568
1468,44.24823,-76.48681,40,3796
1468,44.2477,-76.48709,41,3858
1468,44.24582,-76.48747,42,4075
1468,44.24581,-76.4874,43,4081
1468,44.24466,-76.48758,44,4209
1468,44.24287,-76.48785,45,4408
1468,44.24191,-76.48775,46,4513
1468,44.24134,-76.48762,47,4577
1468,44.24109,-76.48747,48,4606
1468,44.24026,-76.48654,49,4722
1468,44.2401,-76.48653,50,4746
1468,44.24012,-76.48645,51,4753
1468,44.23903,-76.48584,52,4884
1468,44.23786,-76.48521,53,5022
1468,44.23644,-76.48512,54,5179
1468,44.23495,-76.48518,55,5351
1468,44.23495,-76.48508,56,5358
1468,44.23353,-76.48511,57,5514
1468,44.23292,-76.48529,58,5582
1468,44.23272,-76.48393,59,5693
1468,44.23183,-76.48417,60,5793
1468,44.23138,-76.48441,61,5853
1468,44.23137,-76.48432,62,5860
1468,44.23093,-76.48447,63,5909
1468,44.23114,-76.48536,64,5989
1471,44.22427,-76.49475,0,0
1471,44.22435,-76.49477,1,8
1471,44.22472,-76.49206,2,228
1471,44.22494,-76.49053,3,352
1471,44.22531,-76.49055,4,393
1471,44.22689,-76.48795,5,665
1471,44.22856,-76.48648,6,882
1471,44.23009,-76.48516,7,1081
1471,44.23093,-76.48447,8,1189
1471,44.2316,-76.48413,9,1275
1471,44.23162,-76.48424,10,1283
1471,44.23272,-76.48393,11,1406
1471,44.23328,-76.48378,12,1469
1471,44.23366,-76.48379,13,1510
1471,44.23347,-76.48252,14,1613
1471,44.23307,-76.48065,15,1776
1471,44.23315,-76.48062,16,1785
1471,44.23286,-76.47893,17,1922
1471,44.23389,-76.47859,18,2037
1471,44.23405,-76.47848,19,2054
1471,44.23415,-76.47832,20,2069
1471,44.23446,-76.47718,21,2163
1471,44.23477,-76.47333,22,2471
1471,44.23495,-76.47199,23,2579
1471,44.23542,-76.4698,24,2761
1471,44.23596,-76.46816,25,2902
1471,44.23684,-76.46595,26,3103
1471,44.2369,-76.46556,27,3142
1471,44.23697,-76.46562,28,3151
1471,44.23781,-76.46354,29,3341
1471,44.23884,-76.46095,30,3576
1471,44.23941,-76.45944,31,3712
1471,44.23982,-76.45781,32,3849
1471,44.23973,-76.45767,33,3869
1471,44.23983,-76.45769,34,3880
1471,44.23999,-76.45548,35,4057
1471,44.24001,-76.45524,36,4076
1471,44.24057,-76.45532,37,4137
1471,44.24065,-76.45458,38,4196
1471,44.24072,-76.45444,39,4209
1471,44.24082,-76.45436,40,4220
1471,44.24088,-76.45433,41,4226
1471,44.24315,-76.45467,42,4479
1471,44.24299,-76.45686,43,4655
1471,44.24303,-76.45727,44,4693
1471,44.24297,-76.45726,45,4700
1471,44.24294,-76.45781,46,4743
1471,44.24298,-76.45816,47,4770
1471,44.24314,-76.45865,48,4810
1471,44.2434,-76.45904,49,4850
1471,44.24354,-76.45918,50,4868
1471,44.24394,-76.45939,51,4913
1471,44.24521,-76.45956,52,5054
1471,44.24537,-76.4596,53,5071
1471,44.24561,-76.45976,54,5098
1471,44.24576,-76.45993,55,5118
1471,44.24595,-76.46029,56,5152
1471,44.24635,-76.46207,57,5300
1471,44.2474,-76.4616,58,5423
1471,44.24862,-76.46115,59,5562
1471,44.25001,-76.46087,60,5718
1471,44.25047,-76.46063,61,5783
1471,44.25048,-76.4608,62,5796
1471,44.25198,-76.46066,63,5961
1471,44.25357,-76.46058,64,6137
1471,44.25377,-76.46044,65,6168
1471,44.25377,-76.46056,66,6177
1471,44.25488,-76.46052,67,6300
1471,44.25767,-76.46043,68,6609
1471,44.25912,-76.46034,69,6769
1471,44.25943,-76.45733,70,7011
1471,44.25949,-76.45612,71,7112
1471,44.25954,-76.45614,72,7118
1471,44.25986,-76.45264,73,7398
1471,44.26016,-76.44929,74,7667
1471,44.26129,-76.4494,75,7798
1471,44.26128,-76.44949,76,7805
1471,44.2617,-76.44954,77,7850
1471,44.26191,-76.44947,78,7872
1471,44.26216,-76.44926,79,7903
1471,44.26232,-76.44902,80,7927
1471,44.26254,-76.44834,81,7983
1471,44.26361,-76.44707,82,8138
1471,44.26374,-76.44681,83,8168
1471,44.26378,-76.44688,84,8175
1471,44.26511,-76.44534,85,8367
1471,44.26517,-76.4453,86,8373
1471,44.26525,-76.4453,87,8379
1471,44.26531,-76.44535,88,8385
1471,44.26597,-76.44637,89,8500
1471,44.2667,-76.44776,90,8641
1471,44.26677,-76.44793,91,8655
1471,44.26686,-76.44875,92,8721
1471,44.26689,-76.44887,93,8731
1471,44.26729,-76.44941,94,8799
1471,44.26724,-76.44947,95,8806
1471,44.26856,-76.45171,96,9037
1471,44.26878,-76.45127,97,9090
1471,44.26885,-76.45139,98,9102
1471,44.27003,-76.45007,99,9269
1471,44.27106,-76.44891,100,9416
1471,44.27269,-76.44708,101,9648
1471,44.2721,-76.44603,102,9754
1471,44.27169,-76.44541,103,9823
1471,44.27176,-76.44537,104,9830
1471,44.27172,-76.44525,105,9839
1471,44.27166,-76.44477,106,9875
1471,44.27206,-76.43939,107,10313
1471,44.27214,-76.43941,108,10322
1471,44.27217,-76.43918,109,10340
1471,44.2729,-76.43928,110,10419
1471,44.27328,-76.43915,111,10459
1471,44.27397,-76.4385,112,10548
1471,44.27418,-76.43839,113,10572
1471,44.27472,-76.43827,114,10632
1471,44.27488,-76.43829,115,10649
1471,44.27489,-76.43906,116,10718
1471,44.27481,-76.43905,117,10726
1471,44.27467,-76.44144,118,10925
1471,44.27459,-76.44142,119,10933
1471,44.27454,-76.44256,120,11021
1471,44.27363,-76.44281,121,11122
1471,44.2729,-76.44349,122,11216
1471,44.27254,-76.44363,123,11256
1471,44.27176,-76.44352,124,11342
1471,44.27166,-76.44477,125,11441
1471,44.27172,-76.44525,126,11477
1471,44.27186,-76.44563,127,11509
1471,44.2722,-76.44609,128,11565
1472,44.26722,-76.58913,0,0
1472,44.26717,-76.58915,1,6
1472,44.26728,-76.58988,2,65
1472,44.26608,-76.58989,3,198
1472,44.26471,-76.58996,4,356
1472,44.26472,-76.58988,5,363
1472,44.26314,-76.58984,6,537
1472,44.26179,-76.58981,7,686
1472,44.26088,-76.58975,8,784
1472,44.26065,-76.5898,9,809
1472,44.26083,-76.59037,10,866
1472,44.26074,-76.59038,11,876
1472,44.26152,-76.5955,12,1294
1472,44.26175,-76.59624,13,1367
1472,44.26164,-76.59627,14,1378
1472,44.26219,-76.59906,15,1620
1472,44.2621,-76.59909,16,1631
1472,44.26212,-76.59926,17,1644
1472,44.26309,-76.59928,18,1752
1472,44.26319,-76.59934,19,1762
1472,44.2633,-76.59947,20,1777
1472,44.26343,-76.59976,21,1802
1472,44.26355,-76.59989,22,1817
1472,44.2637,-76.59994,23,1832
1472,44.26508,-76.59989,24,1990
1472,44.26507,-76.59997,25,1996
1472,44.2667,-76.59999,26,2176
1472,44.26732,-76.59998,27,2245
1472,44.2673,-76.5955,28,2609
1472,44.26736,-76.5955,29,2616
1472,44.2674,-76.59097,30,2977
1472,44.26726,-76.59041,31,3033
1472,44.26736,-76.59038,32,3044
1472,44.26709,-76.58865,33,3184
1472,44.26669,-76.58623,34,3382
1472,44.26656,-76.58411,35,3551
1472,44.2665,-76.58353,36,3603
1472,44.26656,-76.58353,37,3609
1472,44.2666,-76.58077,38,3829
1472,44.26657,-76.57993,39,3899
1472,44.26662,-76.57994,40,3905
1472,44.26704,-76.57847,41,4027
1472,44.26724,-76.5778,42,4084
1472,44.26723,-76.57657,43,4186
1472,44.2673,-76.57658,44,4192
1472,44.26732,-76.57417,45,4383
1472,44.26659,-76.57426,46,4474
1472,44.26659,-76.57415,47,4483
1472,44.26516,-76.5741,48,4642
1472,44.26333,-76.57423,49,4857
1472,44.26332,-76.57407,50,4869
1472,44.26236,-76.57406,51,4976
1472,44.26134,-76.57406,52,5089
1472,44.26038,-76.57417,53,5204
1472,44.26037,-76.57405,54,5212
1472,44.25858,-76.57404,55,5411
1472,44.25738,-76.574,56,5543
1472,44.25709,-76.57422,57,5585
1472,44.25707,-76.57413,58,5592
1472,44.25671,-76.57431,59,5634
1472,44.25564,-76.57428,60,5749
1472,44.25506,-76.57424,61,5813
1472,44.25495,-76.57417,62,5824
1472,44.25485,-76.57399,63,5839
1472,44.25483,-76.57389,64,5847
1472,44.25485,-76.57314,65,5906
1472,44.25514,-76.57316,66,5938
1472,44.25508,-76.57271,67,5982
1476,44.26722,-76.58913,0,0
1476,44.26717,-76.58915,1,6
1476,44.26728,-76.58988,2,65
1476,44.26608,-76.58989,3,198
1476,44.26471,-76.58996,4,356
1476,44.26472,-76.58988,5,363
1476,44.26314,-76.58984,6,537
1476,44.26179,-76.58981,7,686
1476,44.26088,-76.58975,8,784
1476,44.26065,-76.5898,9,809
1476,44.26083,-76.59037,10,866
1476,44.26074,-76.59038,11,876
1476,44.26152,-76.5955,12,1294
1476,44.26175,-76.59624,13,1367
1476,44.26164,-76.59627,14,1378
1476,44.26219,-76.59906,15,1620
1476,44.2621,-76.59909,16,1631
1476,44.26212,-76.59926,17,1644
1476,44.26309,-76.59928,18,1752
1476,44.26319,-76.59934,19,1762
1476,44.2633,-76.59947,20,1777
1476,44.26343,-76.59976,21,1802
1476,44.26355,-76.59989,22,1817
1476,44.2637,-76.59994,23,1832
1476,44.26508,-76.59989,24,1990
1476,44.26507,-76.59997,25,1996
1476,44.2667,-76.59999,26,2176
1476,44.26732,-76.59998,27,2245
1476,44.2673,-76.5955,28,2609
1476,44.26736,-76.5955,29,2616
1476,44.2674,-76.59097,30,2977
1476,44.26726,-76.59041,31,3033
1476,44.26736,-76.59038,32,3044
1476,44.26709,-76.58865,33,3184
1476,44.26669,-76.58623,34,3382
1476,44.26656,-76.58411,35,3551
1476,44.2665,-76.58353,36,3603
1476,44.26656,-76.58353,37,3609
1476,44.2666,-76.58077,38,3829
1476,44.26657,-76.57993,39,3899
1476,44.26662,-76.57994,40,3905
1476,44.26704,-76.57847,41,4027
1476,44.26724,-76.5778,42,4084
1476,44.26723,-76.57657,43,4186
1476,44.2673,-76.57658,44,4192
1476,44.26732,-76.57417,45,4383
1476,44.26659,-76.57426,46,4474
1476,44.26659,-76.57415,47,4483
1476,44.26516,-76.5741,48,4642
1476,44.26333,-76.57423,49,4857
1476,44.26332,-76.57407,50,4869
1476,44.26236,-76.57406,51,4976
1476,44.26134,-76.57406,52,5089
1476,44.26038,-76.57417,53,5204
1476,44.26037,-76.57405,54,5212
1476,44.25858,-76.57404,55,5411
1476,44.25738,-76.574,56,5543
1476,44.25709,-76.57422,57,5585
1476,44.25707,-76.57413,58,5592
1476,44.25671,-76.57431,59,5634
1476,44.25564,-76.57428,60,5749
1476,44.25506,-76.57424,61,5813
1476,44.25495,-76.57417,62,5824
1476,44.25485,-76.57399,63,5839
1476,44.25483,-76.57389,64,5847
1476,44.25485,-76.57314,65,5906
1476,44.25514,-76.57316,66,5938
1476,44.2552,-76.57189,67,6039
1476,44.25489,-76.57188,68,6072
1476,44.25498,-76.57283,69,6160
1493,44.25508,-76.57215,0,0
1493,44.25519,-76.57216,1,12
1493,44.2552,-76.57189,2,33
1493,44.25489,-76.57188,3,66
1493,44.25485,-76.57314,4,166
1493,44.25483,-76.57389,5,225
1493,44.25485,-76.57399,6,233
1493,44.25495,-76.57417,7,248
1493,44.25506,-76.57424,8,259
1493,44.25637,-76.57432,9,403
1493,44.2566,-76.57433,10,428
1493,44.25677,-76.57429,11,445
1493,44.25722,-76.57395,12,508
1493,44.25724,-76.57406,13,516
1493,44.25738,-76.574,14,531
1493,44.25858,-76.57404,15,663
1493,44.25847,-76.57154,16,862
1493,44.25835,-76.56867,17,1091
1493,44.2582,-76.56627,18,1294
1493,44.25831,-76.56628,19,1306
1493,44.25828,-76.56391,20,1495
1493,44.25821,-76.55879,21,1903
1493,44.25807,-76.55771,22,2004
1493,44.25821,-76.5577,23,2019
1493,44.25818,-76.5543,24,2290
1493,44.25805,-76.55368,25,2352
1493,44.25817,-76.55368,26,2365
1493,44.25813,-76.54906,27,2733
1493,44.25801,-76.54824,28,2813
1493,44.25815,-76.54824,29,2828
1493,44.25818,-76.54684,30,2940
1493,44.25828,-76.54422,31,3148
1493,44.25829,-76.54411,32,3156
1493,44.25827,-76.54393,33,3170
1493,44.2581,-76.54341,34,3210
1493,44.25707,-76.54208,35,3362
1493,44.25652,-76.54166,36,3449
1493,44.25662,-76.54148,37,3467
1493,44.25527,-76.5397,38,3673
1493,44.25324,-76.53699,39,3986
1493,44.25211,-76.53479,40,4200
1493,44.25131,-76.53342,41,4353
1493,44.25141,-76.53333,42,4366
1493,44.24995,-76.53069,43,4643
1493,44.25005,-76.5306,44,4656
1493,44.24873,-76.52786,45,4918
1493,44.24772,-76.52578,46,5118
1493,44.2469,-76.52432,47,5277
1493,44.24699,-76.52423,48,5289
1493,44.24513,-76.52028,49,5666
1493,44.2446,-76.51936,50,5771
1493,44.24469,-76.51928,51,5783
1493,44.24346,-76.51664,52,6033
1493,44.24286,-76.51706,53,6107
1493,44.24231,-76.51704,54,6168
1493,44.24231,-76.5167,55,6195
1493,44.24215,-76.51677,56,6218
1493,44.24176,-76.5167,57,6265
1493,44.24173,-76.51696,58,6286
1493,44.24059,-76.51701,59,6412
1493,44.24077,-76.51451,60,6612
1493,44.24075,-76.51358,61,6698
1493,44.24086,-76.5136,62,6711
1493,44.24093,-76.51216,63,6825
1493,44.2407,-76.51049,64,6959
1493,44.23994,-76.50871,65,7121
1493,44.23954,-76.50803,66,7199
1493,44.23962,-76.50797,67,7208
1493,44.23868,-76.50573,68,7414
1493,44.2384,-76.50535,69,7466
1493,44.23849,-76.50528,70,7477
1493,44.23769,-76.50338,71,7652
1493,44.23757,-76.5033,72,7672
1493,44.23763,-76.50324,73,7680
1493,44.23709,-76.50193,74,7800
1493,44.23652,-76.50081,75,7919
1493,44.2366,-76.50075,76,7929
1493,44.2359,-76.49907,77,8083
1493,44.23524,-76.49773,78,8220
1493,44.23532,-76.49767,79,8229
1493,44.23481,-76.49639,80,8345
1493,44.23426,-76.4953,81,8459
1493,44.23434,-76.49525,82,8468
1493,44.23346,-76.49304,83,8669
1493,44.2329,-76.49151,84,8812
1493,44.23297,-76.49149,85,8819
1493,44.23259,-76.48902,86,9019
1493,44.23237,-76.48795,87,9112
1493,44.23205,-76.48556,88,9310
1493,44.23183,-76.48417,89,9423
1493,44.23138,-76.48441,90,9483
1496,44.22427,-76.49475,0,0
1496,44.22435,-76.49477,1,8
1496,44.22472,-76.49206,2,228
1496,44.22494,-76.49053,3,352
1496,44.22531,-76.49055,4,393
1496,44.22689,-76.48795,5,665
1496,44.22856,-76.48648,6,882
1496,44.23009,-76.48516,7,1081
1496,44.23093,-76.48447,8,1189
1496,44.2316,-76.48413,9,1275
1496,44.23162,-76.48424,10,1283
1496,44.23272,-76.48393,11,1406
1496,44.23328,-76.48378,12,1469
1496,44.23366,-76.48379,13,1510
1496,44.23347,-76.48252,14,1613
1496,44.23307,-76.48065,15,1776
1496,44.23315,-76.48062,16,1785
1496,44.23286,-76.47893,17,1922
1496,44.23389,-76.47859,18,2037
1496,44.23405,-76.47848,19,2054
1496,44.23415,-76.47832,20,2069
1496,44.23446,-76.47718,21,2163
1496,44.23477,-76.47333,22,2471
1496,44.23495,-76.47199,23,2579
1496,44.23542,-76.4698,24,2761
1496,44.23596,-76.46816,25,2902
1496,44.23684,-76.46595,26,3103
1496,44.2369,-76.46556,27,3142
1496,44.23697,-76.46562,28,3151
1496,44.23781,-76.46354,29,3341
1496,44.23884,-76.46095,30,3576
1496,44.23941,-76.45944,31,3712
1496,44.23982,-76.45781,32,3849
1496,44.23973,-76.45767,33,3869
1496,44.23983,-76.45769,34,3880
1496,44.23999,-76.45548,35,4057
1496,44.24001,-76.45524,36,4076
1496,44.24057,-76.45532,37,4137
1496,44.24065,-76.45458,38,4196
1496,44.24072,-76.45444,39,4209
1496,44.24082,-76.45436,40,4220
1496,44.24088,-76.45433,41,4226
1496,44.24315,-76.45467,42,4479
1496,44.24299,-76.45686,43,4655
1496,44.24303,-76.45727,44,4693
1496,44.24297,-76.45726,45,4700
1496,44.24294,-76.45781,46,4743
1496,44.24298,-76.45816,47,4770
1496,44.24314,-76.45865,48,4810
1496,44.2434,-76.45904,49,4850
1496,44.24354,-76.45918,50,4868
1496,44.24394,-76.45939,51,4913
1496,44.24521,-76.45956,52,5054
1496,44.24537,-76.4596,53,5071
1496,44.24561,-76.45976,54,5098
1496,44.24576,-76.45993,55,5118
1496,44.24595,-76.46029,56,5152
1496,44.24635,-76.46207,57,5300
1496,44.2474,-76.4616,58,5423
1496,44.24862,-76.46115,59,5562
1496,44.25001,-76.46087,60,5718
1496,44.25047,-76.46063,61,5783
1496,44.25048,-76.4608,62,5796
1496,44.25198,-76.46066,63,5961
1496,44.25357,-76.46058,64,6137
1496,44.25377,-76.46044,65,6168
1496,44.25377,-76.46056,66,6177
1496,44.25488,-76.46052,67,6300
1496,44.25767,-76.46043,68,6609
1496,44.25912,-76.46034,69,6769
1496,44.25943,-76.45733,70,7011
1496,44.25949,-76.45612,71,7112
1496,44.25954,-76.45614,72,7118
1496,44.25986,-76.45264,73,7398
1496,44.26016,-76.44929,74,7667
1496,44.26129,-76.4494,75,7798
1496,44.26128,-76.44949,76,7805
1496,44.2617,-76.44954,77,7850
1496,44.26191,-76.44947,78,7872
1496,44.26216,-76.44926,79,7903
1496,44.26232,-76.44902,80,7927
1496,44.26254,-76.44834,81,7983
1496,44.26361,-76.44707,82,8138
1496,44.26374,-76.44681,83,8168
1496,44.26378,-76.44688,84,8175
1496,44.26511,-76.44534,85,8367
1496,44.26517,-76.4453,86,8373
1496,44.26525,-76.4453,87,8379
1496,44.26531,-76.44535,88,8385
1496,44.26597,-76.44637,89,8500
1496,44.2667,-76.44776,90,8641
1496,44.26677,-76.44793,91,8655
1496,44.26686,-76.44875,92,8721
1496,44.26689,-76.44887,93,8731
1496,44.26729,-76.44941,94,8799
1496,44.26724,-76.44947,95,8806
1496,44.26856,-76.45171,96,9037
1496,44.26878,-76.45127,97,9090
1496,44.26885,-76.45139,98,9102
1496,44.27003,-76.45007,99,9269
1496,44.27106,-76.44891,100,9416
1496,44.27269,-76.44708,101,9648
1496,44.2721,-76.44603,102,9754
1496,44.27169,-76.44541,103,9823
1496,44.27176,-76.44537,104,9830
1496,44.27172,-76.44525,105,9839
1496,44.27166,-76.44477,106,9875
1496,44.27206,-76.43939,107,10313
1496,44.27214,-76.43941,108,10322
1496,44.27217,-76.43918,109,10340
1496,44.2729,-76.43928,110,10419
1496,44.27328,-76.43915,111,10459
1496,44.27397,-76.4385,112,10548
1496,44.27418,-76.43839,113,10572
1496,44.27472,-76.43827,114,10632
1496,44.27488,-76.43829,115,10649
1496,44.27489,-76.43906,116,10718
1496,44.27481,-76.43905,117,10726
1496,44.27467,-76.44144,118,10925
1496,44.27459,-76.44142,119,10933
1496,44.27454,-76.44256,120,11021
1496,44.27363,-76.44281,121,11122
1496,44.2729,-76.44349,122,11216
1496,44.27254,-76.44363,123,11256
1496,44.27176,-76.44352,124,11342
1496,44.27166,-76.44477,125,11441
1496,44.27172,-76.44525,126,11477
1496,44.27186,-76.44563,127,11509
1496,44.2722,-76.44609,128,11565
1499,44.23107,-76.48491,0,0
1499,44.23101,-76.48494,1,7
1499,44.23139,-76.4875,2,215
1499,44.23166,-76.48926,3,358
1499,44.23193,-76.49101,4,500
1499,44.23207,-76.49143,5,545
1499,44.23199,-76.49145,6,554
1499,44.23219,-76.49274,7,658
1499,44.23346,-76.49304,8,800
1499,44.23446,-76.49536,9,1022
1499,44.2344,-76.49541,10,1029
1499,44.23524,-76.49748,11,1218
1499,44.23553,-76.49797,12,1276
1499,44.23546,-76.49802,13,1284
1499,44.23658,-76.50051,14,1526
1499,44.23653,-76.50057,15,1533
1499,44.23709,-76.50193,16,1657
1499,44.23757,-76.5031,17,1764
1499,44.23826,-76.50447,18,1906
1499,44.23818,-76.50453,19,1916
1499,44.23868,-76.50573,20,2026
1499,44.23954,-76.5078,21,2217
1499,44.23975,-76.50815,22,2258
1499,44.24027,-76.50953,23,2385
1499,44.24115,-76.51153,24,2570
1499,44.24093,-76.51291,25,2682
1499,44.24099,-76.51358,26,2745
1499,44.24087,-76.51354,27,2758
1499,44.24059,-76.51701,28,3035
1499,44.24173,-76.51696,29,3161
1499,44.24223,-76.51695,30,3222
1499,44.24222,-76.51703,31,3229
1499,44.24286,-76.51706,32,3300
1499,44.24346,-76.51664,33,3374
1499,44.2446,-76.51908,34,3606
1499,44.2449,-76.51948,35,3662
1499,44.24481,-76.51956,36,3674
1499,44.2473,-76.52452,37,4171
1499,44.24718,-76.52463,38,4186
1499,44.24772,-76.52578,39,4296
1499,44.24873,-76.52786,40,4496
1499,44.24955,-76.52934,41,4656
1499,44.24947,-76.52943,42,4667
1499,44.25137,-76.53297,43,5031
1499,44.25128,-76.53307,44,5043
1499,44.25211,-76.53479,45,5208
1499,44.25284,-76.53629,46,5352
1499,44.25527,-76.5397,47,5735
1499,44.25707,-76.54208,48,6010
1499,44.2574,-76.54225,49,6059
1499,44.25731,-76.54238,50,6073
1499,44.25804,-76.5433,51,6179
1499,44.25823,-76.54376,52,6217
1499,44.25829,-76.54411,53,6243
1499,44.25818,-76.54684,54,6459
1499,44.25813,-76.54906,55,6636
1499,44.25822,-76.54973,56,6698
1499,44.25813,-76.54973,57,6707
1499,44.25818,-76.5543,58,7071
1499,44.25832,-76.55502,59,7144
1499,44.25818,-76.55503,60,7159
1499,44.25821,-76.55879,61,7459
1499,44.25835,-76.55972,62,7546
1499,44.25822,-76.55972,63,7560
1499,44.25828,-76.56391,64,7894
1499,44.25835,-76.56867,65,8274
1499,44.2573,-76.56888,66,8402
1499,44.2573,-76.56872,67,8414
1499,44.25507,-76.5686,68,8660
1499,44.25505,-76.56892,69,8688
1499,44.2551,-76.56908,70,8702
1499,44.2552,-76.56927,71,8719
1499,44.25512,-76.56932,72,8728
1499,44.25504,-76.5694,73,8737
1499,44.255,-76.56948,74,8744
1499,44.25496,-76.56966,75,8757
1499,44.25492,-76.57093,76,8858
1499,44.25488,-76.57224,77,8962
1499,44.25498,-76.57283,78,9021
1501,44.23107,-76.48491,0,0
1501,44.23101,-76.48494,1,7
1501,44.23139,-76.4875,2,215
1501,44.23166,-76.48926,3,358
1501,44.23193,-76.49101,4,500
1501,44.23207,-76.49143,5,545
1501,44.23199,-76.49145,6,554
1501,44.23219,-76.49274,7,658
1501,44.23263,-76.49569,8,898
1501,44.23285,-76.49725,9,1024
1501,44.2342,-76.49738,10,1173
1501,44.23524,-76.49748,11,1288
1501,44.2359,-76.49907,12,1434
1501,44.23658,-76.50051,13,1580
1501,44.23653,-76.50057,14,1587
1501,44.23709,-76.50193,15,1711
1501,44.23757,-76.5031,16,1818
1501,44.23842,-76.50512,17,2005
1501,44.23954,-76.5078,18,2252
1501,44.23975,-76.50815,19,2293
1501,44.24027,-76.50953,20,2420
1501,44.2418,-76.5129,21,2735
1501,44.24264,-76.51476,22,2910
1501,44.24346,-76.51664,23,3085
1501,44.24375,-76.51695,24,3136
1501,44.24365,-76.51704,25,3149
1501,44.2446,-76.51908,26,3343
1501,44.24513,-76.52028,27,3454
1501,44.2473,-76.52452,28,3884
1501,44.24718,-76.52463,29,3899
1501,44.24772,-76.52578,30,4009
1501,44.24873,-76.52786,31,4209
1501,44.24956,-76.52962,32,4377
1501,44.25137,-76.53297,33,4723
1501,44.25128,-76.53307,34,4735
1501,44.25211,-76.53479,35,4900
1501,44.25299,-76.53658,36,5072
1501,44.25527,-76.5397,37,5427
1501,44.25707,-76.54208,38,5702
1501,44.25799,-76.54322,39,5837
1501,44.25823,-76.54376,40,5882
1501,44.25829,-76.54411,41,5908
1501,44.25818,-76.54684,42,6124
1501,44.25813,-76.54906,43,6301
1501,44.25822,-76.54973,44,6363
1501,44.25813,-76.54973,45,6372
1501,44.25818,-76.5543,46,6736
1501,44.25832,-76.55502,47,6809
1501,44.25818,-76.55503,48,6824
1501,44.25821,-76.55879,49,7124
1501,44.25835,-76.55972,50,7211
1501,44.25822,-76.55972,51,7225
1501,44.25828,-76.56391,52,7559
1501,44.25835,-76.56867,53,7939
1501,44.25648,-76.56869,54,8146
1501,44.25507,-76.5686,55,8302
1501,44.25505,-76.56892,56,8330
1501,44.2551,-76.56908,57,8344
1501,44.2552,-76.56927,58,8361
1501,44.25512,-76.56932,59,8370
1501,44.25504,-76.5694,60,8379
1501,44.255,-76.56948,61,8386
1501,44.25496,-76.56966,62,8399
1501,44.25489,-76.57188,63,8575
1501,44.25499,-76.57238,64,8627
1502,44.23107,-76.48491,0,0
1502,44.23101,-76.48494,1,7
1502,44.23139,-76.4875,2,215
1502,44.23166,-76.48926,3,358
1502,44.23193,-76.49101,4,500
1502,44.23207,-76.49143,5,545
1502,44.23199,-76.49145,6,554
1502,44.23219,-76.49274,7,658
1502,44.23346,-76.49304,8,800
1502,44.23446,-76.49536,9,1022
1502,44.2344,-76.49541,10,1029
1502,44.23524,-76.49748,11,1218
1502,44.23553,-76.49797,12,1276
1502,44.23546,-76.49802,13,1284
1502,44.23658,-76.50051,14,1526
1502,44.23653,-76.50057,15,1533
1502,44.23709,-76.50193,16,1657
1502,44.23757,-76.5031,17,1764
1502,44.23826,-76.50447,18,1906
1502,44.23818,-76.50453,19,1916
1502,44.23868,-76.50573,20,2026
1502,44.23954,-76.5078,21,2217
1502,44.23975,-76.50815,22,2258
1502,44.24027,-76.50953,23,2385
1502,44.24115,-76.51153,24,2570
1502,44.24093,-76.51291,25,2682
1502,44.24099,-76.51358,26,2745
1502,44.24087,-76.51354,27,2758
1502,44.24059,-76.51701,28,3035
1502,44.24173,-76.51696,29,3161
1502,44.24223,-76.51695,30,3222
1502,44.24222,-76.51703,31,3229
1502,44.24286,-76.51706,32,3300
1502,44.24346,-76.51664,33,3374
1502,44.2446,-76.51908,34,3606
1502,44.2449,-76.51948,35,3662
1502,44.24481,-76.51956,36,3674
1502,44.2473,-76.52452,37,4171
1502,44.24718,-76.52463,38,4186
1502,44.24772,-76.52578,39,4296
1502,44.24873,-76.52786,40,4496
1502,44.24955,-76.52934,41,4656
1502,44.24947,-76.52943,42,4667
1502,44.25137,-76.53297,43,5031
1502,44.25128,-76.53307,44,5043
1502,44.25211,-76.53479,45,5208
1502,44.25284,-76.53629,46,5352
1502,44.25527,-76.5397,47,5735
1502,44.25707,-76.54208,48,6010
1502,44.2574,-76.54225,49,6059
1502,44.25731,-76.54238,50,6073
1502,44.25804,-76.5433,51,6179
1502,44.25823,-76.54376,52,6217
1502,44.25829,-76.54411,53,6243
1502,44.25818,-76.54684,54,6459
1502,44.25813,-76.54906,55,6636
1502,44.25822,-76.54973,56,6698
1502,44.25813,-76.54973,57,6707
1502,44.25818,-76.5543,58,7071
1502,44.25832,-76.55502,59,7144
1502,44.25818,-76.55503,60,7159
1502,44.25821,-76.55879,61,7459
1502,44.25835,-76.55972,62,7546
1502,44.25822,-76.55972,63,7560
1502,44.25828,-76.56391,64,7894
1502,44.25835,-76.56867,65,8274
1502,44.2573,-76.56888,66,8402
1502,44.2573,-76.56872,67,8414
1502,44.25507,-76.5686,68,8660
1502,44.25505,-76.56892,69,8688
1502,44.2551,-76.56908,70,8702
1502,44.2552,-76.56927,71,8719
1502,44.25512,-76.56932,72,8728
1502,44.25504,-76.5694,73,8737
1502,44.255,-76.56948,74,8744
1502,44.25496,-76.56966,75,8757
1502,44.25492,-76.57093,76,8858
1502,44.25488,-76.57224,77,8962
1502,44.25485,-76.57314,78,9033
1502,44.25514,-76.57316,79,9065
1502,44.25508,-76.57215,80,9156
1503,44.23107,-76.48491,0,0
1503,44.23101,-76.48494,1,7
1503,44.23139,-76.4875,2,215
1503,44.23166,-76.48926,3,358
1503,44.23193,-76.49101,4,500
1503,44.23207,-76.49143,5,545
1503,44.23199,-76.49145,6,554
1503,44.23219,-76.49274,7,658
1503,44.23263,-76.49569,8,898
1503,44.23285,-76.49725,9,1024
1503,44.2342,-76.49738,10,1173
1503,44.23524,-76.49748,11,1288
1503,44.2359,-76.49907,12,1434
1503,44.23658,-76.50051,13,1580
1503,44.23653,-76.50057,14,1587
1503,44.23709,-76.50193,15,1711
1503,44.23757,-76.5031,16,1818
1503,44.23842,-76.50512,17,2005
1503,44.23954,-76.5078,18,2252
1503,44.23975,-76.50815,19,2293
1503,44.24027,-76.50953,20,2420
1503,44.2418,-76.5129,21,2735
1503,44.24264,-76.51476,22,2910
1503,44.24346,-76.51664,23,3085
1503,44.24375,-76.51695,24,3136
1503,44.24365,-76.51704,25,3149
1503,44.2446,-76.51908,26,3343
1503,44.24513,-76.52028,27,3454
1503,44.2473,-76.52452,28,3884
1503,44.24718,-76.52463,29,3899
1503,44.24772,-76.52578,30,4009
1503,44.24873,-76.52786,31,4209
1503,44.24956,-76.52962,32,4377
1503,44.25137,-76.53297,33,4723
1503,44.25128,-76.53307,34,4735
1503,44.25211,-76.53479,35,4900
1503,44.25299,-76.53658,36,5072
1503,44.25527,-76.5397,37,5427
1503,44.25707,-76.54208,38,5702
1503,44.25799,-76.54322,39,5837
1503,44.25823,-76.54376,40,5882
1503,44.25829,-76.54411,41,5908
1503,44.25818,-76.54684,42,6124
1503,44.25813,-76.54906,43,6301
1503,44.25822,-76.54973,44,6363
1503,44.25813,-76.54973,45,6372
1503,44.25818,-76.5543,46,6736
1503,44.25832,-76.55502,47,6809
1503,44.25818,-76.55503,48,6824
1503,44.25821,-76.55879,49,7124
1503,44.25835,-76.55972,50,7211
1503,44.25822,-76.55972,51,7225
1503,44.25828,-76.56391,52,7559
1503,44.25835,-76.56867,53,7939
1503,44.25648,-76.56869,54,8146
1503,44.25507,-76.5686,55,8302
1503,44.25505,-76.56892,56,8330
1503,44.2551,-76.56908,57,8344
1503,44.2552,-76.56927,58,8361
1503,44.25512,-76.56932,59,8370
1503,44.25504,-76.5694,60,8379
1503,44.255,-76.56948,61,8386
1503,44.25496,-76.56966,62,8399
1503,44.25489,-76.57188,63,8575
1503,44.25498,-76.57283,64,8663
1506,44.23138,-76.48441,0,0
1506,44.23137,-76.48432,1,7
1506,44.23093,-76.48447,2,56
1506,44.22931,-76.48584,3,266
1506,44.22775,-76.48718,4,468
1506,44.22689,-76.48795,5,580
1506,44.22531,-76.49055,6,852
1506,44.22494,-76.49053,7,893
1506,44.22443,-76.49479,8,1245
1506,44.22435,-76.49477,9,1254
1506,44.22426,-76.49559,10,1319
1506,44.22402,-76.4962,11,1374
1506,44.2238,-76.49833,12,1545
1506,44.22368,-76.49956,13,1644
1506,44.22254,-76.49944,14,1771
1506,44.22239,-76.50101,15,1897
1506,44.22235,-76.50152,16,1936
1506,44.22194,-76.50275,17,2041
1506,44.22177,-76.50449,18,2180
1506,44.2216,-76.50637,19,2331
1506,44.2216,-76.50694,20,2380
1506,44.22155,-76.50707,21,2394
1506,44.22145,-76.50835,22,2496
1506,44.22132,-76.51049,23,2666
1506,44.22115,-76.51252,24,2829
1506,44.22116,-76.51289,25,2863
1506,44.2211,-76.51288,26,2869
1506,44.22096,-76.51482,27,3024
1506,44.22086,-76.51762,28,3247
1506,44.22073,-76.52003,29,3440
1506,44.22058,-76.52258,30,3643
1506,44.22045,-76.525,31,3836
1506,44.22049,-76.52598,32,3923
1506,44.22041,-76.52599,33,3931
1506,44.22032,-76.52983,34,4246
1506,44.22024,-76.52982,35,4255
1506,44.22006,-76.5337,36,4564
1506,44.21997,-76.53617,37,4760
1506,44.22015,-76.54067,38,5119
1506,44.22019,-76.54237,39,5254
1506,44.21974,-76.54682,40,5612
1506,44.21935,-76.55028,41,5890
1506,44.21912,-76.5556,42,6315
1506,44.21899,-76.55979,43,6657
1506,44.21892,-76.55977,44,6665
1506,44.21866,-76.56435,45,7031
1506,44.21858,-76.56578,46,7145
1506,44.21851,-76.56721,47,7258
1506,44.21844,-76.5686,48,7369
1506,44.2184,-76.56924,49,7419
1506,44.21883,-76.56915,50,7475
1506,44.21882,-76.56928,51,7485
1506,44.22133,-76.56953,52,7764
1506,44.22318,-76.56969,53,7969
1506,44.22579,-76.56995,54,8259
1506,44.22837,-76.57021,55,8546
1506,44.22839,-76.57231,56,8720
1506,44.22832,-76.5723,57,8728
1506,44.22825,-76.57366,58,8836
1506,44.22821,-76.57505,59,8946
1506,44.22836,-76.57566,60,8996
1506,44.22828,-76.57808,61,9188
1506,44.22814,-76.57951,62,9302
1506,44.22796,-76.58075,63,9403
1506,44.22794,-76.58182,64,9496
1506,44.22785,-76.58181,65,9505
1506,44.2277,-76.58482,66,9745
1506,44.22761,-76.58586,67,9827
1506,44.22821,-76.5864,68,9899
1506,44.22866,-76.58717,69,9971
1506,44.22887,-76.58788,70,10028
1506,44.22911,-76.58958,71,10165
1506,44.22932,-76.59089,72,10270
1506,44.22937,-76.5911,73,10287
1506,44.2298,-76.59202,74,10368
1506,44.23036,-76.59263,75,10441
1506,44.23095,-76.59294,76,10506
1506,44.23242,-76.59314,77,10668
1506,44.23265,-76.59299,78,10705
1506,44.23264,-76.59316,79,10718
1506,44.23598,-76.59347,80,11089
1506,44.23731,-76.59357,81,11237
1506,44.23886,-76.59321,82,11411
1506,44.24023,-76.59281,83,11565
1506,44.2409,-76.59241,84,11644
1506,44.2421,-76.591,85,11817
1506,44.24216,-76.59093,86,11825
1506,44.24264,-76.59058,87,11881
1506,44.24323,-76.59038,88,11946
1506,44.24505,-76.59046,89,12148
1506,44.24529,-76.59034,90,12183
1506,44.24529,-76.59047,91,12193
1506,44.24773,-76.59061,92,12465
1506,44.24862,-76.59047,93,12563
1506,44.25039,-76.58969,94,12768
1506,44.25076,-76.58933,95,12830
1506,44.2508,-76.5895,96,12844
1506,44.25278,-76.58854,97,13076
1506,44.25365,-76.58813,98,13178
1506,44.2546,-76.58749,99,13290
1506,44.2554,-76.58655,100,13402
1506,44.2555,-76.58622,101,13438
1506,44.25557,-76.58632,102,13449
1506,44.25651,-76.58503,103,13595
1506,44.25716,-76.58444,104,13675
1506,44.25887,-76.58399,105,13864
1506,44.25972,-76.58367,106,13961
1506,44.25925,-76.58129,107,14170
1506,44.25935,-76.58124,108,14181
1506,44.25889,-76.57832,109,14420
1506,44.2587,-76.57647,110,14567
1506,44.25858,-76.57404,111,14760
1506,44.25738,-76.574,112,14892
1506,44.25671,-76.57431,113,14969
1506,44.2551,-76.57425,114,15143
1506,44.25495,-76.57417,115,15159
1506,44.25485,-76.57399,116,15174
1506,44.25483,-76.57389,117,15182
1506,44.25485,-76.57314,118,15241
1506,44.25514,-76.57316,119,15273
1506,44.25508,-76.57215,120,15364
1516,44.25499,-76.57238,0,0
1516,44.25487,-76.57237,1,13
1516,44.25483,-76.57384,2,129
1516,44.25485,-76.57399,3,140
1516,44.25495,-76.57417,4,155
1516,44.25506,-76.57424,5,166
1516,44.25637,-76.57432,6,310
1516,44.2566,-76.57433,7,335
1516,44.25738,-76.574,8,422
1516,44.25858,-76.57404,9,554
1516,44.25866,-76.57585,10,698
1516,44.25882,-76.5777,11,845
1516,44.25943,-76.581,12,1128
1516,44.25932,-76.58104,13,1140
1516,44.25972,-76.58367,14,1355
1516,44.25761,-76.58425,15,1593
1516,44.25716,-76.58444,16,1641
1516,44.25651,-76.58503,17,1721
1516,44.2554,-76.58655,18,1893
1516,44.25535,-76.58682,19,1922
1516,44.25528,-76.58672,20,1933
1516,44.25447,-76.5876,21,2043
1516,44.25278,-76.58854,22,2241
1516,44.25106,-76.58937,23,2443
1516,44.25013,-76.58999,24,2569
1516,44.25009,-76.58983,25,2582
1516,44.24908,-76.59028,26,2699
1516,44.24812,-76.59059,27,2808
1516,44.24505,-76.59046,28,3147
1516,44.24429,-76.59057,29,3243
1516,44.24429,-76.59042,30,3255
1516,44.24323,-76.59038,31,3372
1516,44.24278,-76.59051,32,3421
1516,44.24229,-76.59082,33,3477
1516,44.241,-76.59231,34,3662
1516,44.24047,-76.59271,35,3726
1516,44.23886,-76.59321,36,3907
1516,44.23755,-76.59355,37,4055
1516,44.23598,-76.59347,38,4229
1516,44.23242,-76.59314,39,4625
1516,44.2322,-76.59322,40,4656
1516,44.23221,-76.59311,41,4664
1516,44.23118,-76.593,42,4778
1516,44.2305,-76.59273,43,4851
1516,44.2298,-76.59202,44,4940
1516,44.22944,-76.5913,45,5005
1516,44.22911,-76.58958,46,5143
1516,44.22887,-76.58788,47,5280
1516,44.22873,-76.58736,48,5321
1516,44.22832,-76.58655,49,5393
1516,44.22768,-76.5859,50,5473
1516,44.22761,-76.58586,51,5481
1516,44.22783,-76.58219,52,5774
1516,44.22779,-76.58159,53,5827
1516,44.22787,-76.5816,54,5835
1516,44.22803,-76.5801,55,5955
1516,44.22828,-76.57808,56,6118
1516,44.22838,-76.57616,57,6271
1516,44.22836,-76.57566,58,6310
1516,44.22821,-76.57505,59,6360
1516,44.22821,-76.5733,60,6505
1516,44.22827,-76.5733,61,6511
1516,44.22836,-76.57141,62,6661
1516,44.22837,-76.57021,63,6756
1516,44.22579,-76.56995,64,7043
1516,44.22318,-76.56969,65,7333
1516,44.22133,-76.56953,66,7538
1516,44.21968,-76.56938,67,7722
1516,44.21891,-76.56943,68,7818
1516,44.21892,-76.56929,69,7829
1516,44.2184,-76.56924,70,7886
1516,44.21851,-76.56721,71,8047
1516,44.21858,-76.56578,72,8160
1516,44.21866,-76.56435,73,8274
1516,44.21892,-76.55991,74,8629
1516,44.21885,-76.55931,75,8686
1516,44.21894,-76.55932,76,8696
1516,44.21912,-76.5556,77,8993
1516,44.21932,-76.55087,78,9371
1516,44.21959,-76.54809,79,9594
1516,44.22001,-76.54473,80,9865
1516,44.22019,-76.54237,81,10054
1516,44.22007,-76.53876,82,10342
1516,44.21997,-76.53617,83,10548
1516,44.21986,-76.53522,84,10634
1516,44.21998,-76.53523,85,10647
1516,44.22006,-76.5337,86,10769
1516,44.22017,-76.53128,87,10962
1516,44.22031,-76.52521,88,11460
1516,44.22044,-76.52523,89,11474
1516,44.22052,-76.52381,90,11587
1516,44.22071,-76.52047,91,11854
1516,44.2208,-76.51878,92,11988
1516,44.22091,-76.51594,93,12215
1516,44.22111,-76.51284,94,12463
1516,44.22112,-76.51203,95,12534
1516,44.22119,-76.51205,96,12542
1516,44.22132,-76.51049,97,12667
1516,44.22145,-76.50835,98,12837
1516,44.22155,-76.50707,99,12939
1516,44.2215,-76.5067,100,12975
1516,44.22158,-76.50672,101,12983
1516,44.22177,-76.50449,102,13162
1516,44.22192,-76.50291,103,13289
1516,44.22194,-76.50275,104,13301
1516,44.22235,-76.50152,105,13406
1516,44.22254,-76.49944,106,13571
1516,44.22368,-76.49956,107,13698
1516,44.224,-76.49635,108,13956
1516,44.22402,-76.4962,109,13968
1516,44.22426,-76.49559,110,14023
1516,44.22427,-76.49475,111,14096
1516,44.22435,-76.49477,112,14104
1516,44.22472,-76.49206,113,14324
1516,44.22494,-76.49053,114,14448
1516,44.22531,-76.49055,115,14489
1516,44.22689,-76.48795,116,14761
1516,44.22856,-76.48648,117,14978
1516,44.23009,-76.48516,118,15177
1516,44.23093,-76.48447,119,15285
1516,44.23107,-76.48491,120,15330
1523,44.25076,-76.58933,0,0
1523,44.2508,-76.5895,1,14
1523,44.25278,-76.58854,2,246
1523,44.25365,-76.58813,3,348
1523,44.2546,-76.58749,4,460
1523,44.2554,-76.58655,5,572
1523,44.2555,-76.58622,6,608
1523,44.25557,-76.58632,7,619
1523,44.25651,-76.58503,8,765
1523,44.25716,-76.58444,9,845
1523,44.25887,-76.58399,10,1034
1523,44.25972,-76.58367,11,1131
1523,44.25925,-76.58129,12,1340
1523,44.25935,-76.58124,13,1351
1523,44.25889,-76.57832,14,1590
1523,44.2587,-76.57647,15,1737
1523,44.25858,-76.57404,16,1930
1523,44.25738,-76.574,17,2062
1523,44.25671,-76.57431,18,2139
1523,44.2551,-76.57425,19,2313
1523,44.25495,-76.57417,20,2329
1523,44.25485,-76.57399,21,2344
1523,44.25483,-76.57389,22,2352
1523,44.25485,-76.57314,23,2411
1523,44.25514,-76.57316,24,2443
1523,44.25508,-76.57215,25,2534
1542,44.23107,-76.48491,0,0
1542,44.23101,-76.48494,1,7
1542,44.23139,-76.4875,2,215
1542,44.23166,-76.48926,3,358
1542,44.23193,-76.49101,4,500
1542,44.23207,-76.49143,5,545
1542,44.23199,-76.49145,6,554
1542,44.23219,-76.49274,7,658
1542,44.23346,-76.49304,8,800
1542,44.23446,-76.49536,9,1022
1542,44.2344,-76.49541,10,1029
1542,44.23524,-76.49748,11,1218
1542,44.23553,-76.49797,12,1276
1542,44.23546,-76.49802,13,1284
1542,44.23658,-76.50051,14,1526
1542,44.23653,-76.50057,15,1533
1542,44.23709,-76.50193,16,1657
1542,44.23757,-76.5031,17,1764
1542,44.23826,-76.50447,18,1906
1542,44.23818,-76.50453,19,1916
1542,44.23868,-76.50573,20,2026
1542,44.23954,-76.5078,21,2217
1542,44.23975,-76.50815,22,2258
1542,44.24027,-76.50953,23,2385
1542,44.24115,-76.51153,24,2570
1542,44.24093,-76.51291,25,2682
1542,44.24099,-76.51358,26,2745
1542,44.24087,-76.51354,27,2758
1542,44.24059,-76.51701,28,3035
1542,44.24173,-76.51696,29,3161
1542,44.24223,-76.51695,30,3222
1542,44.24222,-76.51703,31,3229
1542,44.24286,-76.51706,32,3300
1542,44.24346,-76.51664,33,3374
1542,44.2446,-76.51908,34,3606
1542,44.2449,-76.51948,35,3662
1542,44.24481,-76.51956,36,3674
1542,44.2473,-76.52452,37,4171
1542,44.24718,-76.52463,38,4186
1542,44.24772,-76.52578,39,4296
1542,44.24873,-76.52786,40,4496
1542,44.24955,-76.52934,41,4656
1542,44.24947,-76.52943,42,4667
1542,44.25137,-76.53297,43,5031
1542,44.25128,-76.53307,44,5043
1542,44.25211,-76.53479,45,5208
1542,44.25284,-76.53629,46,5352
1542,44.25527,-76.5397,47,5735
1542,44.25707,-76.54208,48,6010
1542,44.2574,-76.54225,49,6059
1542,44.25731,-76.54238,50,6073
1542,44.25804,-76.5433,51,6179
1542,44.25823,-76.54376,52,6217
1542,44.25829,-76.54411,53,6243
1542,44.25818,-76.54684,54,6459
1542,44.25813,-76.54906,55,6636
1542,44.25822,-76.54973,56,6698
1542,44.25813,-76.54973,57,6707
1542,44.25818,-76.5543,58,7071
1542,44.25832,-76.55502,59,7144
1542,44.25818,-76.55503,60,7159
1542,44.25821,-76.55879,61,7459
1542,44.25835,-76.55972,62,7546
1542,44.25822,-76.55972,63,7560
1542,44.25828,-76.56391,64,7894
1542,44.25835,-76.56867,65,8274
1542,44.2573,-76.56888,66,8402
1542,44.2573,-76.56872,67,8414
1542,44.25507,-76.5686,68,8660
1542,44.25505,-76.56892,69,8688
1542,44.2551,-76.56908,70,8702
1542,44.2552,-76.56927,71,8719
1542,44.25512,-76.56932,72,8728
1542,44.25504,-76.5694,73,8737
1542,44.255,-76.56948,74,8744
1542,44.25496,-76.56966,75,8757
1542,44.25492,-76.57093,76,8858
1542,44.25488,-76.57224,77,8962
1542,44.25499,-76.57238,78,8985
1558,44.25851,-76.50624,0,0
1558,44.25852,-76.50614,1,8
1558,44.25595,-76.50589,2,293
1558,44.25596,-76.50403,3,447
1558,44.25603,-76.50403,4,454
1558,44.25609,-76.50114,5,692
1558,44.25618,-76.50115,6,701
1558,44.25625,-76.49963,7,823
1558,44.25626,-76.49763,8,990
1558,44.25634,-76.49764,9,999
1558,44.25637,-76.49719,10,1035
1558,44.25528,-76.49701,11,1155
1558,44.25341,-76.4967,12,1364
1558,44.25317,-76.49678,13,1397
1558,44.25318,-76.49667,14,1405
1558,44.25027,-76.49635,15,1738
1558,44.25028,-76.49623,16,1747
1558,44.24794,-76.49585,17,2007
1558,44.24759,-76.49589,18,2052
1558,44.2476,-76.4958,19,2059
1558,44.24562,-76.4955,20,2279
1558,44.24533,-76.49554,21,2317
1558,44.24533,-76.49546,22,2323
1558,44.24383,-76.49524,23,2489
1558,44.2435,-76.49529,24,2530
1558,44.24351,-76.4952,25,2536
1558,44.24185,-76.49495,26,2721
1558,44.24093,-76.49485,27,2831
1558,44.24094,-76.49474,28,2840
1558,44.23993,-76.49455,29,2952
1558,44.23903,-76.49444,30,3059
1558,44.23904,-76.49435,31,3066
1558,44.23807,-76.49417,32,3175
1558,44.23791,-76.49422,33,3198
1558,44.23791,-76.49414,34,3204
1558,44.23662,-76.49385,35,3348
1558,44.23529,-76.4935,36,3497
1558,44.23475,-76.49348,37,3564
1558,44.23476,-76.49337,38,3572
1558,44.23346,-76.49304,39,3718
1558,44.2329,-76.49151,40,3861
1558,44.23297,-76.49149,41,3868
1558,44.23259,-76.48902,42,4068
1558,44.23237,-76.48795,43,4161
1558,44.23205,-76.48556,44,4359
1558,44.23183,-76.48417,45,4472
1558,44.23138,-76.48441,46,4532
1561,44.26305,-76.49703,0,0
1561,44.26308,-76.49711,1,7
1561,44.26392,-76.49723,2,100
1561,44.26385,-76.49832,3,186
1561,44.26279,-76.49826,4,302
1561,44.26166,-76.49828,5,427
1561,44.26069,-76.49825,6,533
1561,44.25954,-76.49779,7,663
1561,44.25775,-76.49738,8,859
1561,44.25637,-76.49719,9,1013
1561,44.25637,-76.4986,10,1133
1561,44.2563,-76.4986,11,1141
1561,44.25618,-76.50115,12,1344
1561,44.25622,-76.50141,13,1369
1561,44.25616,-76.5014,14,1375
1561,44.25609,-76.50293,15,1497
1561,44.25612,-76.5038,16,1573
1561,44.25604,-76.50379,17,1581
1561,44.25595,-76.50589,18,1748
1561,44.25875,-76.50603,19,2067
1561,44.25874,-76.50616,20,2076
1561,44.25939,-76.50622,21,2147
1561,44.25928,-76.50879,22,2352
1561,44.25921,-76.50997,23,2445
1561,44.2594,-76.50997,24,2466
1561,44.25921,-76.50997,25,2487
1561,44.25904,-76.51425,26,2829
1561,44.2591,-76.51521,27,2914
1561,44.25902,-76.51522,28,2922
1561,44.25896,-76.51918,29,3237
1561,44.25897,-76.52131,30,3407
1561,44.25907,-76.52175,31,3452
1561,44.25896,-76.52175,32,3463
1561,44.25889,-76.52594,33,3797
1561,44.25888,-76.52634,34,3828
1561,44.25907,-76.52633,35,3848
1561,44.25888,-76.52634,36,3868
1561,44.25894,-76.52786,37,3989
1561,44.2591,-76.52991,38,4153
1561,44.25924,-76.53133,39,4267
1561,44.25923,-76.53266,40,4373
1561,44.25905,-76.53594,41,4635
1561,44.25876,-76.53815,42,4814
1561,44.25885,-76.53853,43,4856
1561,44.25871,-76.53849,44,4871
1561,44.25859,-76.53935,45,4940
1561,44.25707,-76.54208,46,5214
1561,44.2574,-76.54225,47,5263
1561,44.25731,-76.54238,48,5277
1561,44.25804,-76.5433,49,5383
1561,44.25823,-76.54376,50,5421
1561,44.25829,-76.54411,51,5447
1561,44.25818,-76.54684,52,5663
1561,44.25813,-76.54906,53,5840
1561,44.25822,-76.54973,54,5902
1561,44.25813,-76.54973,55,5911
1561,44.25818,-76.5543,56,6275
1561,44.25832,-76.55502,57,6348
1561,44.25818,-76.55503,58,6363
1561,44.25821,-76.55879,59,6663
1561,44.25835,-76.55972,60,6750
1561,44.25822,-76.55972,61,6764
1561,44.25828,-76.56391,62,7098
1561,44.25835,-76.56867,63,7478
1561,44.2573,-76.56888,64,7606
1561,44.2573,-76.56872,65,7618
1561,44.25507,-76.5686,66,7864
1561,44.25505,-76.56892,67,7892
1561,44.2551,-76.56908,68,7906
1561,44.2552,-76.56927,69,7923
1561,44.25512,-76.56932,70,7932
1561,44.25504,-76.5694,71,7941
1561,44.255,-76.56948,72,7948
1561,44.25496,-76.56966,73,7961
1561,44.25492,-76.57093,74,8062
1561,44.25488,-76.57224,75,8166
1561,44.25499,-76.57261,76,8207
1565,44.2722,-76.44609,0,0
1565,44.27215,-76.44614,1,6
1565,44.27269,-76.44708,2,101
1565,44.27106,-76.44891,3,333
1565,44.27003,-76.45007,4,480
1565,44.26972,-76.45062,5,545
1565,44.26965,-76.4505,6,557
1565,44.26856,-76.45171,7,712
1565,44.26721,-76.44955,8,946
1565,44.26726,-76.44949,9,952
1565,44.26689,-76.44887,10,1015
1565,44.26686,-76.44875,11,1025
1565,44.26677,-76.44793,12,1091
1565,44.26638,-76.44734,13,1160
1565,44.26643,-76.44728,14,1167
1565,44.26531,-76.44535,15,1364
1565,44.26525,-76.4453,16,1370
1565,44.26517,-76.4453,17,1376
1565,44.26511,-76.44534,18,1382
1565,44.26388,-76.44688,19,1572
1565,44.26384,-76.44681,20,1579
1565,44.26279,-76.44797,21,1727
1565,44.26254,-76.44834,22,1766
1565,44.26236,-76.44893,23,1814
1565,44.26216,-76.44926,24,1846
1565,44.26191,-76.44947,25,1877
1565,44.26155,-76.44962,26,1920
1565,44.26155,-76.44954,27,1926
1565,44.26016,-76.44929,28,2080
1565,44.25986,-76.45264,29,2349
1565,44.2596,-76.45555,30,2582
1565,44.25958,-76.45627,31,2644
1565,44.25927,-76.45913,32,2879
1565,44.25912,-76.46034,33,2976
1565,44.25767,-76.46043,34,3136
1565,44.25488,-76.46052,35,3445
1565,44.25357,-76.46058,36,3591
1565,44.25291,-76.46075,37,3676
1565,44.2529,-76.46061,38,3687
1565,44.25198,-76.46066,39,3789
1565,44.25067,-76.46077,40,3934
1565,44.24933,-76.46111,41,4090
1565,44.24932,-76.46101,42,4097
1565,44.24823,-76.46125,43,4219
1565,44.24635,-76.46207,44,4437
1565,44.24536,-76.46245,45,4550
1565,44.2451,-76.46247,46,4577
1565,44.24475,-76.46239,47,4614
1565,44.24441,-76.46219,48,4652
1565,44.24402,-76.4617,49,4705
1565,44.24355,-76.46049,50,4809
1565,44.24322,-76.46005,51,4858
1565,44.24157,-76.45925,52,5051
1565,44.24126,-76.45923,53,5092
1565,44.24129,-76.45912,54,5101
1565,44.2397,-76.45843,55,5285
1565,44.23884,-76.46095,56,5507
1565,44.23781,-76.46354,57,5742
1565,44.23684,-76.46595,58,5963
1565,44.23647,-76.46707,59,6068
1565,44.23641,-76.46703,60,6075
1565,44.23564,-76.46903,61,6255
1565,44.23495,-76.47199,62,6501
1565,44.23447,-76.47698,63,6902
1565,44.23446,-76.47718,64,6917
1565,44.23405,-76.47865,65,7041
1565,44.23382,-76.47912,66,7085
1565,44.23376,-76.47934,67,7103
1565,44.23375,-76.47957,68,7121
1565,44.23399,-76.48122,69,7254
1565,44.23406,-76.48163,70,7287
1565,44.23349,-76.4819,71,7359
1565,44.23348,-76.48181,72,7366
1565,44.23245,-76.48217,73,7483
1565,44.23272,-76.48393,74,7626
1565,44.23183,-76.48417,75,7726
1565,44.23138,-76.48441,76,7786
1565,44.23137,-76.48432,77,7793
1565,44.23093,-76.48447,78,7842
1565,44.22931,-76.48584,79,8052
1565,44.22775,-76.48718,80,8254
1565,44.22696,-76.48789,81,8358
1565,44.2269,-76.48769,82,8375
1565,44.22484,-76.48625,83,8629
1565,44.22383,-76.48824,84,8822
1565,44.22277,-76.49031,85,9023
1565,44.22265,-76.49199,86,9156
1565,44.22273,-76.4927,87,9210
1565,44.22299,-76.49363,88,9286
1565,44.22298,-76.49501,89,9394
1565,44.22431,-76.49502,90,9541
1565,44.22427,-76.49475,91,9569
1566,44.2316,-76.48413,0,0
1566,44.23162,-76.48424,1,8
1566,44.23272,-76.48393,2,131
1566,44.23328,-76.48378,3,194
1566,44.23366,-76.48379,4,235
1566,44.23347,-76.48252,5,338
1566,44.23307,-76.48065,6,501
1566,44.23315,-76.48062,7,510
1566,44.23286,-76.47893,8,647
1566,44.23389,-76.47859,9,762
1566,44.23405,-76.47848,10,779
1566,44.23415,-76.47832,11,794
1566,44.23446,-76.47718,12,888
1566,44.23477,-76.47333,13,1196
1566,44.23495,-76.47199,14,1304
1566,44.23542,-76.4698,15,1486
1566,44.23596,-76.46816,16,1627
1566,44.23684,-76.46595,17,1828
1566,44.2369,-76.46556,18,1867
1566,44.23697,-76.46562,19,1876
1566,44.23781,-76.46354,20,2066
1566,44.23884,-76.46095,21,2301
1566,44.23941,-76.45944,22,2437
1566,44.23982,-76.45781,23,2574
1566,44.23973,-76.45767,24,2594
1566,44.23983,-76.45769,25,2605
1566,44.23999,-76.45548,26,2782
1566,44.24001,-76.45524,27,2801
1566,44.24057,-76.45532,28,2862
1566,44.24065,-76.45458,29,2921
1566,44.24072,-76.45444,30,2934
1566,44.24082,-76.45436,31,2945
1566,44.24088,-76.45433,32,2951
1566,44.24315,-76.45467,33,3204
1566,44.24299,-76.45686,34,3380
1566,44.24303,-76.45727,35,3418
1566,44.24297,-76.45726,36,3425
1566,44.24294,-76.45781,37,3468
1566,44.24298,-76.45816,38,3495
1566,44.24314,-76.45865,39,3535
1566,44.2434,-76.45904,40,3575
1566,44.24354,-76.45918,41,3593
1566,44.24394,-76.45939,42,3638
1566,44.24521,-76.45956,43,3779
1566,44.24537,-76.4596,44,3796
1566,44.24561,-76.45976,45,3823
1566,44.24576,-76.45993,46,3843
1566,44.24595,-76.46029,47,3877
1566,44.24635,-76.46207,48,4025
1566,44.2474,-76.4616,49,4148
1566,44.24862,-76.46115,50,4287
1566,44.25001,-76.46087,51,4443
1566,44.25047,-76.46063,52,4508
1566,44.25048,-76.4608,53,4521
1566,44.25198,-76.46066,54,4686
1566,44.25357,-76.46058,55,4862
1566,44.25377,-76.46044,56,4893
1566,44.25377,-76.46056,57,4902
1566,44.25488,-76.46052,58,5025
1566,44.25767,-76.46043,59,5334
1566,44.25912,-76.46034,60,5494
1566,44.25943,-76.45733,61,5736
1566,44.25949,-76.45612,62,5837
1566,44.25954,-76.45614,63,5843
1566,44.25986,-76.45264,64,6123
1566,44.26016,-76.44929,65,6392
1566,44.26129,-76.4494,66,6523
1566,44.26128,-76.44949,67,6530
1566,44.2617,-76.44954,68,6575
1566,44.26191,-76.44947,69,6597
1566,44.26216,-76.44926,70,6628
1566,44.26232,-76.44902,71,6652
1566,44.26254,-76.44834,72,6708
1566,44.26361,-76.44707,73,6863
1566,44.26374,-76.44681,74,6893
1566,44.26378,-76.44688,75,6900
1566,44.26511,-76.44534,76,7092
1566,44.26517,-76.4453,77,7098
1566,44.26525,-76.4453,78,7104
1566,44.26531,-76.44535,79,7110
1566,44.26597,-76.44637,80,7225
1566,44.2667,-76.44776,81,7366
1566,44.26677,-76.44793,82,7380
1566,44.26686,-76.44875,83,7446
1566,44.26689,-76.44887,84,7456
1566,44.26729,-76.44941,85,7524
1566,44.26724,-76.44947,86,7531
1566,44.26856,-76.45171,87,7762
1566,44.26878,-76.45127,88,7815
1566,44.26885,-76.45139,89,7827
1566,44.27003,-76.45007,90,7994
1566,44.27106,-76.44891,91,8141
1566,44.27269,-76.44708,92,8373
1566,44.2721,-76.44603,93,8479
1566,44.27169,-76.44541,94,8548
1566,44.27176,-76.44537,95,8555
1566,44.27172,-76.44525,96,8564
1566,44.27166,-76.44477,97,8600
1566,44.27206,-76.43939,98,9038
1566,44.27214,-76.43941,99,9047
1566,44.27217,-76.43918,100,9065
1566,44.2729,-76.43928,101,9144
1566,44.27328,-76.43915,102,9184
1566,44.27397,-76.4385,103,9273
1566,44.27418,-76.43839,104,9297
1566,44.27472,-76.43827,105,9357
1566,44.27488,-76.43829,106,9374
1566,44.27489,-76.43906,107,9443
1566,44.27481,-76.43905,108,9451
1566,44.27467,-76.44144,109,9650
1566,44.27459,-76.44142,110,9658
1566,44.27454,-76.44256,111,9746
1566,44.27363,-76.44281,112,9847
1566,44.2729,-76.44349,113,9941
1566,44.27254,-76.44363,114,9981
1566,44.27176,-76.44352,115,10067
1566,44.27166,-76.44477,116,10166
1566,44.27172,-76.44525,117,10202
1566,44.27186,-76.44563,118,10234
1566,44.2722,-76.44609,119,10290
1567,44.27481,-76.47791,0,0
1567,44.27484,-76.47813,1,20
1567,44.27483,-76.47825,2,28
1567,44.27422,-76.47936,3,138
1567,44.27413,-76.4796,4,166
1567,44.27408,-76.47955,5,173
1567,44.27322,-76.48047,6,292
1567,44.27223,-76.48157,7,432
1567,44.2717,-76.48239,8,527
1567,44.27165,-76.48233,9,534
1567,44.27104,-76.48323,10,632
1567,44.27154,-76.48377,11,702
1567,44.27157,-76.48387,12,710
1567,44.27135,-76.48445,13,766
1567,44.2704,-76.48624,14,952
1567,44.26964,-76.48759,15,1093
1567,44.2696,-76.48767,16,1100
1567,44.26952,-76.48772,17,1108
1567,44.26844,-76.48764,18,1233
1567,44.26844,-76.48756,19,1239
1567,44.26835,-76.48755,20,1249
1567,44.2685,-76.48488,21,1467
1567,44.26855,-76.48489,22,1473
1567,44.26867,-76.48329,23,1601
1567,44.26877,-76.48195,24,1707
1567,44.26874,-76.48179,25,1717
1567,44.26854,-76.48175,26,1744
1567,44.26855,-76.48167,27,1750
1567,44.26825,-76.48164,28,1782
1567,44.26819,-76.48166,29,1788
1567,44.26812,-76.48171,30,1796
1567,44.26717,-76.48339,31,1965
1567,44.26682,-76.48414,32,2042
1567,44.26677,-76.48407,33,2049
1567,44.26624,-76.48511,34,2149
1567,44.26603,-76.48762,35,2355
1567,44.26598,-76.48761,36,2361
1567,44.26577,-76.49119,37,2653
1567,44.26571,-76.49119,38,2659
1567,44.26567,-76.49203,39,2725
1567,44.26633,-76.49475,40,2960
1567,44.26627,-76.49478,41,2967
1567,44.26651,-76.49592,42,3060
1567,44.26649,-76.49734,43,3179
1567,44.26642,-76.49733,44,3186
1567,44.26637,-76.498,45,3239
1567,44.26616,-76.49864,46,3295
1567,44.26502,-76.49849,47,3421
1567,44.26419,-76.49859,48,3530
1567,44.26421,-76.49837,49,3548
1567,44.26279,-76.49826,50,3704
1567,44.26166,-76.49828,51,3829
1567,44.26069,-76.49825,52,3935
1567,44.2597,-76.49786,53,4048
1567,44.25958,-76.4992,54,4156
1567,44.2595,-76.50309,55,4466
1567,44.25953,-76.5036,56,4511
1567,44.25948,-76.50359,57,4517
1567,44.25941,-76.50557,58,4675
1567,44.25939,-76.50622,59,4726
1567,44.25851,-76.50624,60,4831
1568,44.24184,-76.60993,0,0
1568,44.24181,-76.61004,1,8
1568,44.24337,-76.61019,2,180
1568,44.24681,-76.61035,3,568
1568,44.24681,-76.61044,4,574
1568,44.24961,-76.61064,5,884
1568,44.24974,-76.61053,6,908
1568,44.24974,-76.61066,7,918
1568,44.25016,-76.61069,8,964
1568,44.25038,-76.60833,9,1154
1568,44.25048,-76.60605,10,1336
1568,44.25065,-76.60478,11,1434
1568,44.25157,-76.60155,12,1709
1568,44.25155,-76.60124,13,1741
1568,44.25164,-76.60129,14,1752
1568,44.25207,-76.59986,15,1875
1568,44.25225,-76.59899,16,1947
1568,44.25227,-76.59763,17,2055
1568,44.25155,-76.5945,18,2316
1568,44.25097,-76.59255,19,2495
1568,44.25107,-76.59251,20,2507
1568,44.25039,-76.58969,21,2743
1568,44.25009,-76.58895,22,2818
1568,44.25019,-76.58891,23,2828
1568,44.24956,-76.5868,24,3009
1568,44.249,-76.5854,25,3147
1568,44.24911,-76.58533,26,3159
1568,44.24828,-76.58268,27,3390
1568,44.24801,-76.58133,28,3495
1568,44.24787,-76.58076,29,3551
1568,44.24798,-76.58075,30,3562
1568,44.24807,-76.57942,31,3668
1568,44.2483,-76.57838,32,3753
1568,44.24985,-76.57472,33,4091
1568,44.2498,-76.57448,34,4118
1568,44.24991,-76.57457,35,4131
1568,44.2503,-76.57331,36,4237
1568,44.25052,-76.57206,37,4337
1568,44.25046,-76.57112,38,4423
1568,44.25057,-76.57112,39,4435
1568,44.25066,-76.56834,40,4656
1568,44.25505,-76.5686,41,5144
1568,44.25505,-76.56892,42,5170
1568,44.2551,-76.56908,43,5184
1568,44.2552,-76.56927,44,5201
1568,44.25512,-76.56932,45,5210
1568,44.25504,-76.5694,46,5219
1568,44.255,-76.56948,47,5226
1568,44.25496,-76.56966,48,5239
1568,44.25489,-76.57188,49,5415
1568,44.25485,-76.57314,50,5515
1568,44.25514,-76.57316,51,5547
1568,44.25507,-76.57294,52,5572
1569,44.26305,-76.49703,0,0
1569,44.26308,-76.49711,1,7
1569,44.26392,-76.49723,2,100
1569,44.26385,-76.49832,3,186
1569,44.26279,-76.49826,4,302
1569,44.26166,-76.49828,5,427
1569,44.26069,-76.49825,6,533
1569,44.25954,-76.49779,7,663
1569,44.25775,-76.49738,8,859
1569,44.25637,-76.49719,9,1013
1569,44.25637,-76.4986,10,1133
1569,44.2563,-76.4986,11,1141
1569,44.25618,-76.50115,12,1344
1569,44.25622,-76.50141,13,1369
1569,44.25616,-76.5014,14,1375
1569,44.25609,-76.50293,15,1497
1569,44.25612,-76.5038,16,1573
1569,44.25604,-76.50379,17,1581
1569,44.25595,-76.50589,18,1748
1569,44.25875,-76.50603,19,2067
1569,44.25874,-76.50616,20,2076
1569,44.25939,-76.50622,21,2147
1569,44.25928,-76.50879,22,2352
1569,44.25921,-76.50997,23,2445
1569,44.2594,-76.50997,24,2466
1569,44.25921,-76.50997,25,2487
1569,44.25904,-76.51425,26,2829
1569,44.2591,-76.51521,27,2914
1569,44.25902,-76.51522,28,2922
1569,44.25896,-76.51918,29,3237
1569,44.25897,-76.52131,30,3407
1569,44.25907,-76.52175,31,3452
1569,44.25896,-76.52175,32,3463
1569,44.25889,-76.52594,33,3797
1569,44.25888,-76.52634,34,3828
1569,44.25907,-76.52633,35,3848
1569,44.25888,-76.52634,36,3868
1569,44.25894,-76.52786,37,3989
1569,44.2591,-76.52991,38,4153
1569,44.25924,-76.53133,39,4267
1569,44.25923,-76.53266,40,4373
1569,44.25905,-76.53594,41,4635
1569,44.25876,-76.53815,42,4814
1569,44.25885,-76.53853,43,4856
1569,44.25871,-76.53849,44,4871
1569,44.25859,-76.53935,45,4940
1569,44.25707,-76.54208,46,5214
1569,44.2574,-76.54225,47,5263
1569,44.25731,-76.54238,48,5277
1569,44.25804,-76.5433,49,5383
1569,44.25823,-76.54376,50,5421
1569,44.25829,-76.54411,51,5447
1569,44.25818,-76.54684,52,5663
1569,44.25813,-76.54906,53,5840
1569,44.25822,-76.54973,54,5902
1569,44.25813,-76.54973,55,5911
1569,44.25818,-76.5543,56,6275
1569,44.25832,-76.55502,57,6348
1569,44.25818,-76.55503,58,6363
1569,44.25821,-76.55879,59,6663
1569,44.25835,-76.55972,60,6750
1569,44.25822,-76.55972,61,6764
1569,44.25828,-76.56391,62,7098
1569,44.25835,-76.56867,63,7478
1569,44.2573,-76.56888,64,7606
1569,44.2573,-76.56872,65,7618
1569,44.25507,-76.5686,66,7864
1569,44.25505,-76.56892,67,7892
1569,44.2551,-76.56908,68,7906
1569,44.2552,-76.56927,69,7923
1569,44.25512,-76.56932,70,7932
1569,44.25504,-76.5694,71,7941
1569,44.255,-76.56948,72,7948
1569,44.25496,-76.56966,73,7961
1569,44.25492,-76.57093,74,8062
1569,44.25488,-76.57224,75,8166
1569,44.25498,-76.57283,76,8225
1570,44.27481,-76.47791,0,0
1570,44.27484,-76.47813,1,20
1570,44.27483,-76.47825,2,28
1570,44.27422,-76.47936,3,138
1570,44.27413,-76.4796,4,166
1570,44.27408,-76.47955,5,173
1570,44.27322,-76.48047,6,292
1570,44.27223,-76.48157,7,432
1570,44.2717,-76.48239,8,527
1570,44.27165,-76.48233,9,534
1570,44.27104,-76.48323,10,632
1570,44.27154,-76.48377,11,702
1570,44.27157,-76.48387,12,710
1570,44.27135,-76.48445,13,766
1570,44.2704,-76.48624,14,952
1570,44.26964,-76.48759,15,1093
1570,44.2696,-76.48767,16,1100
1570,44.26952,-76.48772,17,1108
1570,44.26844,-76.48764,18,1233
1570,44.26844,-76.48756,19,1239
1570,44.26835,-76.48755,20,1249
1570,44.2685,-76.48488,21,1467
1570,44.26855,-76.48489,22,1473
1570,44.26867,-76.48329,23,1601
1570,44.26877,-76.48195,24,1707
1570,44.26874,-76.48179,25,1717
1570,44.26854,-76.48175,26,1744
1570,44.26855,-76.48167,27,1750
1570,44.26825,-76.48164,28,1782
1570,44.26819,-76.48166,29,1788
1570,44.26812,-76.48171,30,1796
1570,44.26717,-76.48339,31,1965
1570,44.26682,-76.48414,32,2042
1570,44.26677,-76.48407,33,2049
1570,44.26624,-76.48511,34,2149
1570,44.26603,-76.48762,35,2355
1570,44.26598,-76.48761,36,2361
1570,44.26577,-76.49119,37,2653
1570,44.26571,-76.49119,38,2659
1570,44.26567,-76.49203,39,2725
1570,44.26633,-76.49475,40,2960
1570,44.26627,-76.49478,41,2967
1570,44.26651,-76.49592,42,3060
1570,44.26649,-76.49734,43,3179
1570,44.26642,-76.49733,44,3186
1570,44.26637,-76.498,45,3239
1570,44.26616,-76.49864,46,3295
1570,44.26502,-76.49849,47,3421
1570,44.26419,-76.49859,48,3530
1570,44.26421,-76.49837,49,3548
1570,44.26279,-76.49826,50,3704
1570,44.26166,-76.49828,51,3829
1570,44.26069,-76.49825,52,3935
1570,44.2597,-76.49786,53,4048
1570,44.25958,-76.4992,54,4156
1570,44.2595,-76.50309,55,4466
1570,44.25953,-76.5036,56,4511
1570,44.25948,-76.50359,57,4517
1570,44.25941,-76.50557,58,4675
1570,44.25939,-76.50622,59,4726
1570,44.26018,-76.50624,60,4821
1572,44.2722,-76.44609,0,0
1572,44.27215,-76.44614,1,6
1572,44.27269,-76.44708,2,101
1572,44.27106,-76.44891,3,333
1572,44.27003,-76.45007,4,480
1572,44.26972,-76.45062,5,545
1572,44.26965,-76.4505,6,557
1572,44.26856,-76.45171,7,712
1572,44.26721,-76.44955,8,946
1572,44.26726,-76.44949,9,952
1572,44.26689,-76.44887,10,1015
1572,44.26686,-76.44875,11,1025
1572,44.26677,-76.44793,12,1091
1572,44.26638,-76.44734,13,1160
1572,44.26643,-76.44728,14,1167
1572,44.26531,-76.44535,15,1364
1572,44.26525,-76.4453,16,1370
1572,44.26517,-76.4453,17,1376
1572,44.26511,-76.44534,18,1382
1572,44.26388,-76.44688,19,1572
1572,44.26384,-76.44681,20,1579
1572,44.26279,-76.44797,21,1727
1572,44.26254,-76.44834,22,1766
1572,44.26236,-76.44893,23,1814
1572,44.26216,-76.44926,24,1846
1572,44.26191,-76.44947,25,1877
1572,44.26155,-76.44962,26,1920
1572,44.26155,-76.44954,27,1926
1572,44.26016,-76.44929,28,2080
1572,44.25986,-76.45264,29,2349
1572,44.2596,-76.45555,30,2582
1572,44.25958,-76.45627,31,2644
1572,44.25927,-76.45913,32,2879
1572,44.25912,-76.46034,33,2976
1572,44.25767,-76.46043,34,3136
1572,44.25488,-76.46052,35,3445
1572,44.25357,-76.46058,36,3591
1572,44.25291,-76.46075,37,3676
1572,44.2529,-76.46061,38,3687
1572,44.25198,-76.46066,39,3789
1572,44.25067,-76.46077,40,3934
1572,44.24933,-76.46111,41,4090
1572,44.24932,-76.46101,42,4097
1572,44.24823,-76.46125,43,4219
1572,44.24635,-76.46207,44,4437
1572,44.24598,-76.46042,45,4575
1572,44.24595,-76.46029,46,4585
1572,44.24576,-76.45993,47,4619
1572,44.24555,-76.45971,48,4646
1572,44.24537,-76.4596,49,4666
1572,44.24431,-76.45944,50,4784
1572,44.24377,-76.45933,51,4842
1572,44.24369,-76.45929,52,4851
1572,44.2434,-76.45904,53,4887
1572,44.24314,-76.45865,54,4927
1572,44.24298,-76.45816,55,4967
1572,44.24292,-76.45698,56,5066
1572,44.24298,-76.45699,57,5073
1572,44.24299,-76.45686,58,5082
1572,44.24077,-76.45655,59,5329
1572,44.24066,-76.45648,60,5342
1572,44.24058,-76.45637,61,5353
1572,44.24054,-76.45626,62,5363
1572,44.24052,-76.45615,63,5371
1572,44.24055,-76.45554,64,5418
1572,44.24018,-76.45558,65,5464
1572,44.24019,-76.4555,66,5470
1572,44.23999,-76.45548,67,5491
1572,44.2399,-76.45717,68,5626
1572,44.2397,-76.45843,69,5728
1572,44.23884,-76.46095,70,5950
1572,44.23781,-76.46354,71,6185
1572,44.23684,-76.46595,72,6406
1572,44.23647,-76.46707,73,6511
1572,44.23641,-76.46703,74,6518
1572,44.23564,-76.46903,75,6698
1572,44.23495,-76.47199,76,6944
1572,44.23447,-76.47698,77,7345
1572,44.23446,-76.47718,78,7360
1572,44.23405,-76.47865,79,7484
1572,44.23382,-76.47912,80,7528
1572,44.23376,-76.47934,81,7546
1572,44.23375,-76.47957,82,7564
1572,44.23399,-76.48122,83,7697
1572,44.23406,-76.48163,84,7730
1572,44.23349,-76.4819,85,7802
1572,44.23348,-76.48181,86,7809
1572,44.23245,-76.48217,87,7926
1572,44.23272,-76.48393,88,8069
1572,44.23183,-76.48417,89,8169
1572,44.23138,-76.48441,90,8229
1574,44.22427,-76.49475,0,0
1574,44.22435,-76.49477,1,8
1574,44.22472,-76.49206,2,228
1574,44.22494,-76.49053,3,352
1574,44.22531,-76.49055,4,393
1574,44.22689,-76.48795,5,665
1574,44.22856,-76.48648,6,882
1574,44.23009,-76.48516,7,1081
1574,44.23093,-76.48447,8,1189
1574,44.2316,-76.48413,9,1275
1574,44.23162,-76.48424,10,1283
1574,44.23272,-76.48393,11,1406
1574,44.23328,-76.48378,12,1469
1574,44.23366,-76.48379,13,1510
1574,44.23347,-76.48252,14,1613
1574,44.23307,-76.48065,15,1776
1574,44.23315,-76.48062,16,1785
1574,44.23286,-76.47893,17,1922
1574,44.23389,-76.47859,18,2037
1574,44.23405,-76.47848,19,2054
1574,44.23415,-76.47832,20,2069
1574,44.23446,-76.47718,21,2163
1574,44.23477,-76.47333,22,2471
1574,44.23495,-76.47199,23,2579
1574,44.23542,-76.4698,24,2761
1574,44.23596,-76.46816,25,2902
1574,44.23684,-76.46595,26,3103
1574,44.2369,-76.46556,27,3142
1574,44.23697,-76.46562,28,3151
1574,44.23781,-76.46354,29,3341
1574,44.23884,-76.46095,30,3576
1574,44.23941,-76.45944,31,3712
1574,44.2397,-76.45843,32,3798
1574,44.24026,-76.45848,33,3872
1574,44.24022,-76.45866,34,3886
1574,44.24157,-76.45925,35,4043
1574,44.24286,-76.45979,36,4192
1574,44.24322,-76.46005,37,4236
1574,44.24349,-76.46038,38,4274
1574,44.24402,-76.4617,39,4389
1574,44.2443,-76.46209,40,4429
1574,44.24455,-76.46229,41,4458
1574,44.24495,-76.46245,42,4501
1574,44.24536,-76.46245,43,4544
1574,44.2474,-76.4616,44,4780
1574,44.24862,-76.46115,45,4919
1574,44.25001,-76.46087,46,5075
1574,44.25047,-76.46063,47,5140
1574,44.25048,-76.4608,48,5153
1574,44.25198,-76.46066,49,5318
1574,44.25357,-76.46058,50,5494
1574,44.25377,-76.46044,51,5525
1574,44.25377,-76.46056,52,5534
1574,44.25488,-76.46052,53,5657
1574,44.25767,-76.46043,54,5966
1574,44.25912,-76.46034,55,6126
1574,44.25943,-76.45733,56,6368
1574,44.25949,-76.45612,57,6469
1574,44.25954,-76.45614,58,6475
1574,44.25986,-76.45264,59,6755
1574,44.26016,-76.44929,60,7024
1574,44.26129,-76.4494,61,7155
1574,44.26128,-76.44949,62,7162
1574,44.2617,-76.44954,63,7207
1574,44.26191,-76.44947,64,7229
1574,44.26216,-76.44926,65,7260
1574,44.26232,-76.44902,66,7284
1574,44.26254,-76.44834,67,7340
1574,44.26361,-76.44707,68,7495
1574,44.26374,-76.44681,69,7525
1574,44.26378,-76.44688,70,7532
1574,44.26511,-76.44534,71,7724
1574,44.26517,-76.4453,72,7730
1574,44.26525,-76.4453,73,7736
1574,44.26531,-76.44535,74,7742
1574,44.26597,-76.44637,75,7857
1574,44.2667,-76.44776,76,7998
1574,44.26677,-76.44793,77,8012
1574,44.26686,-76.44875,78,8078
1574,44.26689,-76.44887,79,8088
1574,44.26729,-76.44941,80,8156
1574,44.26724,-76.44947,81,8163
1574,44.26856,-76.45171,82,8394
1574,44.26878,-76.45127,83,8447
1574,44.26885,-76.45139,84,8459
1574,44.27003,-76.45007,85,8626
1574,44.27106,-76.44891,86,8773
1574,44.27269,-76.44708,87,9005
1574,44.2721,-76.44603,88,9111
1574,44.27169,-76.44541,89,9180
1574,44.27176,-76.44537,90,9187
1574,44.27172,-76.44525,91,9196
1574,44.27166,-76.44477,92,9232
1574,44.27206,-76.43939,93,9670
1574,44.27214,-76.43941,94,9679
1574,44.27217,-76.43918,95,9697
1574,44.2729,-76.43928,96,9776
1574,44.27328,-76.43915,97,9816
1574,44.27397,-76.4385,98,9905
1574,44.27418,-76.43839,99,9929
1574,44.27472,-76.43827,100,9989
1574,44.27488,-76.43829,101,10006
1574,44.27489,-76.43906,102,10075
1574,44.27481,-76.43905,103,10083
1574,44.27467,-76.44144,104,10282
1574,44.27459,-76.44142,105,10290
1574,44.27454,-76.44256,106,10378
1574,44.27363,-76.44281,107,10479
1574,44.2729,-76.44349,108,10573
1574,44.27254,-76.44363,109,10613
1574,44.27176,-76.44352,110,10699
1574,44.27166,-76.44477,111,10798
1574,44.27172,-76.44525,112,10834
1574,44.27186,-76.44563,113,10866
1574,44.2722,-76.44609,114,10922
1576,44.22427,-76.49475,0,0
1576,44.22435,-76.49477,1,8
1576,44.22472,-76.49206,2,228
1576,44.22494,-76.49053,3,352
1576,44.22531,-76.49055,4,393
1576,44.22689,-76.48795,5,665
1576,44.22856,-76.48648,6,882
1576,44.23009,-76.48516,7,1081
1576,44.23093,-76.48447,8,1189
1576,44.2316,-76.48413,9,1275
1576,44.23162,-76.48424,10,1283
1576,44.23272,-76.48393,11,1406
1576,44.23328,-76.48378,12,1469
1576,44.23366,-76.48379,13,1510
1576,44.23347,-76.48252,14,1613
1576,44.23307,-76.48065,15,1776
1576,44.23315,-76.48062,16,1785
1576,44.23286,-76.47893,17,1922
1576,44.23389,-76.47859,18,2037
1576,44.23405,-76.47848,19,2054
1576,44.23415,-76.47832,20,2069
1576,44.23446,-76.47718,21,2163
1576,44.23477,-76.47333,22,2471
1576,44.23495,-76.47199,23,2579
1576,44.23542,-76.4698,24,2761
1576,44.23596,-76.46816,25,2902
1576,44.23684,-76.46595,26,3103
1576,44.2369,-76.46556,27,3142
1576,44.23697,-76.46562,28,3151
1576,44.23781,-76.46354,29,3341
1576,44.23884,-76.46095,30,3576
1576,44.23941,-76.45944,31,3712
1576,44.23982,-76.45781,32,3849
1576,44.23973,-76.45767,33,3869
1576,44.23983,-76.45769,34,3880
1576,44.23999,-76.45548,35,4057
1576,44.24001,-76.45524,36,4076
1576,44.24057,-76.45532,37,4137
1576,44.24065,-76.45458,38,4196
1576,44.24072,-76.45444,39,4209
1576,44.24082,-76.45436,40,4220
1576,44.24088,-76.45433,41,4226
1576,44.24315,-76.45467,42,4479
1576,44.24299,-76.45686,43,4655
1576,44.24303,-76.45727,44,4693
1576,44.24297,-76.45726,45,4700
1576,44.24294,-76.45781,46,4743
1576,44.24298,-76.45816,47,4770
1576,44.24314,-76.45865,48,4810
1576,44.2434,-76.45904,49,4850
1576,44.24354,-76.45918,50,4868
1576,44.24394,-76.45939,51,4913
1576,44.24521,-76.45956,52,5054
1576,44.24537,-76.4596,53,5071
1576,44.24561,-76.45976,54,5098
1576,44.24576,-76.45993,55,5118
1576,44.24595,-76.46029,56,5152
1576,44.24635,-76.46207,57,5300
1576,44.2474,-76.4616,58,5423
1576,44.24862,-76.46115,59,5562
1576,44.25001,-76.46087,60,5718
1576,44.25047,-76.46063,61,5783
1576,44.25048,-76.4608,62,5796
1576,44.25198,-76.46066,63,5961
1576,44.25357,-76.46058,64,6137
1576,44.25377,-76.46044,65,6168
1576,44.25377,-76.46056,66,6177
1576,44.25488,-76.46052,67,6300
1576,44.25767,-76.46043,68,6609
1576,44.25912,-76.46034,69,6769
1576,44.25943,-76.45733,70,7011
1576,44.25949,-76.45612,71,7112
1576,44.25954,-76.45614,72,7118
1576,44.25986,-76.45264,73,7398
1576,44.26016,-76.44929,74,7667
1576,44.26129,-76.4494,75,7798
1576,44.26128,-76.44949,76,7805
1576,44.2617,-76.44954,77,7850
1576,44.26191,-76.44947,78,7872
1576,44.26216,-76.44926,79,7903
1576,44.26232,-76.44902,80,7927
1576,44.26254,-76.44834,81,7983
1576,44.26361,-76.44707,82,8138
1576,44.26374,-76.44681,83,8168
1576,44.26378,-76.44688,84,8175
1576,44.26511,-76.44534,85,8367
1576,44.26517,-76.4453,86,8373
1576,44.26525,-76.4453,87,8379
1576,44.26531,-76.44535,88,8385
1576,44.26597,-76.44637,89,8500
1576,44.2667,-76.44776,90,8641
1576,44.26677,-76.44793,91,8655
1576,44.26686,-76.44875,92,8721
1576,44.26689,-76.44887,93,8731
1576,44.26729,-76.44941,94,8799
1576,44.26724,-76.44947,95,8806
1576,44.26856,-76.45171,96,9037
1576,44.26878,-76.45127,97,9090
1576,44.26885,-76.45139,98,9102
1576,44.27003,-76.45007,99,9269
1576,44.27106,-76.44891,100,9416
1576,44.27269,-76.44708,101,9648
1576,44.2721,-76.44603,102,9754
1576,44.27169,-76.44541,103,9823
1576,44.27176,-76.44537,104,9830
1576,44.27172,-76.44525,105,9839
1576,44.27166,-76.44477,106,9875
1576,44.27206,-76.43939,107,10313
1576,44.27214,-76.43941,108,10322
1576,44.27217,-76.43918,109,10340
1576,44.2729,-76.43928,110,10419
1576,44.27328,-76.43915,111,10459
1576,44.27397,-76.4385,112,10548
1576,44.27418,-76.43839,113,10572
1576,44.27472,-76.43827,114,10632
1576,44.27488,-76.43829,115,10649
1576,44.27489,-76.43906,116,10718
1576,44.27481,-76.43905,117,10726
1576,44.27467,-76.44144,118,10925
1576,44.27459,-76.44142,119,10933
1576,44.27454,-76.44256,120,11021
1576,44.27363,-76.44281,121,11122
1576,44.2729,-76.44349,122,11216
1576,44.27254,-76.44363,123,11256
1576,44.27176,-76.44352,124,11342
1576,44.27166,-76.44477,125,11441
1576,44.27172,-76.44525,126,11477
1576,44.27186,-76.44563,127,11509
1576,44.2722,-76.44609,128,11565
1584,44.23117,-76.4856,0,0
1584,44.23111,-76.48562,1,6
1584,44.23139,-76.4875,2,159
1584,44.23166,-76.48926,3,302
1584,44.23193,-76.49101,4,444
1584,44.23207,-76.49143,5,489
1584,44.23199,-76.49145,6,498
1584,44.23219,-76.49274,7,602
1584,44.23346,-76.49304,8,744
1584,44.23489,-76.4934,9,904
1584,44.23581,-76.49365,10,1007
1584,44.23726,-76.49402,11,1170
1584,44.23795,-76.49406,12,1252
1584,44.23794,-76.49415,13,1258
1584,44.2393,-76.49441,14,1409
1584,44.24085,-76.49472,15,1582
1584,44.24185,-76.49495,16,1694
1584,44.24341,-76.49519,17,1868
1584,44.24371,-76.49515,18,1907
1584,44.24371,-76.49523,19,1913
1584,44.24463,-76.49536,20,2015
1584,44.24562,-76.4955,21,2125
1584,44.24794,-76.49585,22,2383
1584,44.24977,-76.49616,23,2587
1584,44.25018,-76.4961,24,2640
1584,44.25017,-76.49622,25,2649
1584,44.25341,-76.4967,26,3010
1584,44.25379,-76.49664,27,3060
1584,44.25378,-76.49676,28,3069
1584,44.25494,-76.49695,29,3198
1584,44.25625,-76.49704,30,3352
1584,44.25624,-76.49717,31,3362
1584,44.25775,-76.49738,32,3529
1584,44.25876,-76.49754,33,3640
1584,44.2597,-76.49786,34,3742
1584,44.26057,-76.49822,35,3842
1584,44.26166,-76.49828,36,3961
1584,44.26244,-76.49825,37,4047
1584,44.26245,-76.49716,38,4133
1584,44.26243,-76.49702,39,4143
1584,44.26305,-76.49703,40,4222
1584,44.26308,-76.49711,41,4229
1584,44.26392,-76.49723,42,4322
1584,44.26379,-76.49925,43,4482
1584,44.26371,-76.50026,44,4569
1584,44.26365,-76.50025,45,4575
1584,44.26364,-76.50096,46,4631
1584,44.26388,-76.50211,47,4727
1584,44.26418,-76.50252,48,4773
1584,44.26448,-76.50273,49,4810
1584,44.26492,-76.50275,50,4868
1586,44.2722,-76.44609,0,0
1586,44.27215,-76.44614,1,6
1586,44.27269,-76.44708,2,101
1586,44.27106,-76.44891,3,333
1586,44.27003,-76.45007,4,480
1586,44.26972,-76.45062,5,545
1586,44.26965,-76.4505,6,557
1586,44.26856,-76.45171,7,712
1586,44.26721,-76.44955,8,946
1586,44.26726,-76.44949,9,952
1586,44.26689,-76.44887,10,1015
1586,44.26686,-76.44875,11,1025
1586,44.26677,-76.44793,12,1091
1586,44.26638,-76.44734,13,1160
1586,44.26643,-76.44728,14,1167
1586,44.26531,-76.44535,15,1364
1586,44.26525,-76.4453,16,1370
1586,44.26517,-76.4453,17,1376
1586,44.26511,-76.44534,18,1382
1586,44.26388,-76.44688,19,1572
1586,44.26384,-76.44681,20,1579
1586,44.26279,-76.44797,21,1727
1586,44.26254,-76.44834,22,1766
1586,44.26236,-76.44893,23,1814
1586,44.26216,-76.44926,24,1846
1586,44.26191,-76.44947,25,1877
1586,44.26155,-76.44962,26,1920
1586,44.26155,-76.44954,27,1926
1586,44.26016,-76.44929,28,2080
1586,44.25986,-76.45264,29,2349
1586,44.2596,-76.45555,30,2582
1586,44.25958,-76.45627,31,2644
1586,44.25927,-76.45913,32,2879
1586,44.25912,-76.46034,33,2976
1586,44.25767,-76.46043,34,3136
1586,44.25488,-76.46052,35,3445
1586,44.25357,-76.46058,36,3591
1586,44.25291,-76.46075,37,3676
1586,44.2529,-76.46061,38,3687
1586,44.25198,-76.46066,39,3789
1586,44.25067,-76.46077,40,3934
1586,44.24933,-76.46111,41,4090
1586,44.24932,-76.46101,42,4097
1586,44.24823,-76.46125,43,4219
1586,44.24635,-76.46207,44,4437
1586,44.24598,-76.46042,45,4575
1586,44.24595,-76.46029,46,4585
1586,44.24576,-76.45993,47,4619
1586,44.24555,-76.45971,48,4646
1586,44.24537,-76.4596,49,4666
1586,44.24431,-76.45944,50,4784
1586,44.24377,-76.45933,51,4842
1586,44.24369,-76.45929,52,4851
1586,44.2434,-76.45904,53,4887
1586,44.24314,-76.45865,54,4927
1586,44.24298,-76.45816,55,4967
1586,44.24292,-76.45698,56,5066
1586,44.24298,-76.45699,57,5073
1586,44.24299,-76.45686,58,5082
1586,44.24077,-76.45655,59,5329
1586,44.24066,-76.45648,60,5342
1586,44.24058,-76.45637,61,5353
1586,44.24054,-76.45626,62,5363
1586,44.24052,-76.45615,63,5371
1586,44.24055,-76.45554,64,5418
1586,44.24018,-76.45558,65,5464
1586,44.24019,-76.4555,66,5470
1586,44.23999,-76.45548,67,5491
1586,44.2399,-76.45717,68,5626
1586,44.2397,-76.45843,69,5728
1586,44.23884,-76.46095,70,5950
1586,44.23781,-76.46354,71,6185
1586,44.23684,-76.46595,72,6406
1586,44.23647,-76.46707,73,6511
1586,44.23641,-76.46703,74,6518
1586,44.23564,-76.46903,75,6698
1586,44.23495,-76.47199,76,6944
1586,44.23447,-76.47698,77,7345
1586,44.23446,-76.47718,78,7360
1586,44.23405,-76.47865,79,7484
1586,44.23382,-76.47912,80,7528
1586,44.23376,-76.47934,81,7546
1586,44.23375,-76.47957,82,7564
1586,44.23399,-76.48122,83,7697
1586,44.23406,-76.48163,84,7730
1586,44.23349,-76.4819,85,7802
1586,44.23348,-76.48181,86,7809
1586,44.23245,-76.48217,87,7926
1586,44.23272,-76.48393,88,8069
1586,44.23183,-76.48417,89,8169
1586,44.23138,-76.48441,90,8229
1586,44.23137,-76.48432,91,8236
1586,44.23093,-76.48447,92,8285
1586,44.22931,-76.48584,93,8495
1586,44.22775,-76.48718,94,8697
1586,44.22696,-76.48789,95,8801
1586,44.2269,-76.48769,96,8818
1586,44.22484,-76.48625,97,9072
1586,44.22383,-76.48824,98,9265
1586,44.22277,-76.49031,99,9466
1586,44.22265,-76.49199,100,9599
1586,44.22273,-76.4927,101,9653
1586,44.22299,-76.49363,102,9729
1586,44.22298,-76.49501,103,9837
1586,44.22431,-76.49502,104,9984
1586,44.22427,-76.49475,105,10012
1603,44.26305,-76.49703,0,0
1603,44.26308,-76.49711,1,7
1603,44.26392,-76.49723,2,100
1603,44.26385,-76.49832,3,186
1603,44.26279,-76.49826,4,302
1603,44.26166,-76.49828,5,427
1603,44.26069,-76.49825,6,533
1603,44.25954,-76.49779,7,663
1603,44.25775,-76.49738,8,859
1603,44.25637,-76.49719,9,1013
1603,44.25637,-76.4986,10,1133
1603,44.2563,-76.4986,11,1141
1603,44.25618,-76.50115,12,1344
1603,44.25622,-76.50141,13,1369
1603,44.25616,-76.5014,14,1375
1603,44.25609,-76.50293,15,1497
1603,44.25612,-76.5038,16,1573
1603,44.25604,-76.50379,17,1581
1603,44.25595,-76.50589,18,1748
1603,44.25875,-76.50603,19,2067
1603,44.25874,-76.50616,20,2076
1603,44.25939,-76.50622,21,2147
1603,44.25928,-76.50879,22,2352
1603,44.25921,-76.50997,23,2445
1603,44.2594,-76.50997,24,2466
1603,44.25921,-76.50997,25,2487
1603,44.25904,-76.51425,26,2829
1603,44.2591,-76.51521,27,2914
1603,44.25902,-76.51522,28,2922
1603,44.25896,-76.51918,29,3237
1603,44.25897,-76.52131,30,3407
1603,44.25907,-76.52175,31,3452
1603,44.25896,-76.52175,32,3463
1603,44.25889,-76.52594,33,3797
1603,44.25888,-76.52634,34,3828
1603,44.25907,-76.52633,35,3848
1603,44.25888,-76.52634,36,3868
1603,44.25894,-76.52786,37,3989
1603,44.2591,-76.52991,38,4153
1603,44.25924,-76.53133,39,4267
1603,44.25923,-76.53266,40,4373
1603,44.25905,-76.53594,41,4635
1603,44.25876,-76.53815,42,4814
1603,44.25885,-76.53853,43,4856
1603,44.25871,-76.53849,44,4871
1603,44.25859,-76.53935,45,4940
1603,44.25707,-76.54208,46,5214
1603,44.2574,-76.54225,47,5263
1603,44.25731,-76.54238,48,5277
1603,44.25804,-76.5433,49,5383
1603,44.25823,-76.54376,50,5421
1603,44.25829,-76.54411,51,5447
1603,44.25818,-76.54684,52,5663
1603,44.25813,-76.54906,53,5840
1603,44.25822,-76.54973,54,5902
1603,44.25813,-76.54973,55,5911
1603,44.25818,-76.5543,56,6275
1603,44.25832,-76.55502,57,6348
1603,44.25818,-76.55503,58,6363
1603,44.25821,-76.55879,59,6663
1603,44.25835,-76.55972,60,6750
1603,44.25822,-76.55972,61,6764
1603,44.25828,-76.56391,62,7098
1603,44.25835,-76.56867,63,7478
1603,44.2573,-76.56888,64,7606
1603,44.2573,-76.56872,65,7618
1603,44.25507,-76.5686,66,7864
1603,44.25505,-76.56892,67,7892
1603,44.2551,-76.56908,68,7906
1603,44.2552,-76.56927,69,7923
1603,44.25512,-76.56932,70,7932
1603,44.25504,-76.5694,71,7941
1603,44.255,-76.56948,72,7948
1603,44.25496,-76.56966,73,7961
1603,44.25492,-76.57093,74,8062
1603,44.25488,-76.57224,75,8166
1603,44.25498,-76.57283,76,8225
1604,44.2722,-76.44609,0,0
1604,44.27215,-76.44614,1,6
1604,44.27269,-76.44708,2,101
1604,44.27106,-76.44891,3,333
1604,44.27003,-76.45007,4,480
1604,44.26972,-76.45062,5,545
1604,44.26965,-76.4505,6,557
1604,44.26856,-76.45171,7,712
1604,44.26721,-76.44955,8,946
1604,44.26726,-76.44949,9,952
1604,44.26689,-76.44887,10,1015
1604,44.26686,-76.44875,11,1025
1604,44.26677,-76.44793,12,1091
1604,44.26638,-76.44734,13,1160
1604,44.26643,-76.44728,14,1167
1604,44.26531,-76.44535,15,1364
1604,44.26525,-76.4453,16,1370
1604,44.26517,-76.4453,17,1376
1604,44.26511,-76.44534,18,1382
1604,44.26388,-76.44688,19,1572
1604,44.26384,-76.44681,20,1579
1604,44.26279,-76.44797,21,1727
1604,44.26254,-76.44834,22,1766
1604,44.26236,-76.44893,23,1814
1604,44.26216,-76.44926,24,1846
1604,44.26191,-76.44947,25,1877
1604,44.26155,-76.44962,26,1920
1604,44.26155,-76.44954,27,1926
1604,44.26016,-76.44929,28,2080
1604,44.25986,-76.45264,29,2349
1604,44.2596,-76.45555,30,2582
1604,44.25958,-76.45627,31,2644
1604,44.25927,-76.45913,32,2879
1604,44.25912,-76.46034,33,2976
1604,44.25767,-76.46043,34,3136
1604,44.25488,-76.46052,35,3445
1604,44.25357,-76.46058,36,3591
1604,44.25291,-76.46075,37,3676
1604,44.2529,-76.46061,38,3687
1604,44.25198,-76.46066,39,3789
1604,44.25067,-76.46077,40,3934
1604,44.24933,-76.46111,41,4090
1604,44.24932,-76.46101,42,4097
1604,44.24823,-76.46125,43,4219
1604,44.24635,-76.46207,44,4437
1604,44.24536,-76.46245,45,4550
1604,44.2451,-76.46247,46,4577
1604,44.24475,-76.46239,47,4614
1604,44.24441,-76.46219,48,4652
1604,44.24402,-76.4617,49,4705
1604,44.24355,-76.46049,50,4809
1604,44.24322,-76.46005,51,4858
1604,44.24157,-76.45925,52,5051
1604,44.24126,-76.45923,53,5092
1604,44.24129,-76.45912,54,5101
1604,44.2397,-76.45843,55,5285
1604,44.23884,-76.46095,56,5507
1604,44.23781,-76.46354,57,5742
1604,44.23684,-76.46595,58,5963
1604,44.23647,-76.46707,59,6068
1604,44.23641,-76.46703,60,6075
1604,44.23564,-76.46903,61,6255
1604,44.23495,-76.47199,62,6501
1604,44.23447,-76.47698,63,6902
1604,44.23446,-76.47718,64,6917
1604,44.23405,-76.47865,65,7041
1604,44.23382,-76.47912,66,7085
1604,44.23376,-76.47934,67,7103
1604,44.23375,-76.47957,68,7121
1604,44.23399,-76.48122,69,7254
1604,44.23406,-76.48163,70,7287
1604,44.23349,-76.4819,71,7359
1604,44.23348,-76.48181,72,7366
1604,44.23245,-76.48217,73,7483
1604,44.23272,-76.48393,74,7626
1604,44.23183,-76.48417,75,7726
1604,44.23138,-76.48441,76,7786
1604,44.23137,-76.48432,77,7793
1604,44.23093,-76.48447,78,7842
1604,44.22931,-76.48584,79,8052
1604,44.22775,-76.48718,80,8254
1604,44.22696,-76.48789,81,8358
1604,44.2269,-76.48769,82,8375
1604,44.22484,-76.48625,83,8629
1604,44.22383,-76.48824,84,8822
1604,44.22277,-76.49031,85,9023
1604,44.22265,-76.49199,86,9156
1604,44.22273,-76.4927,87,9210
1604,44.22299,-76.49363,88,9286
1604,44.22298,-76.49501,89,9394
1604,44.22431,-76.49502,90,9541
1604,44.22427,-76.49475,91,9569
1608,44.25507,-76.57294,0,0
1608,44.25515,-76.57294,1,8
1608,44.2552,-76.57189,2,92
1608,44.25489,-76.57188,3,125
1608,44.25496,-76.56966,4,301
1608,44.255,-76.56948,5,314
1608,44.25504,-76.5694,6,321
1608,44.25511,-76.56932,7,329
1608,44.2552,-76.56927,8,339
1608,44.2551,-76.56908,9,356
1608,44.25505,-76.56892,10,370
1608,44.25505,-76.5686,11,396
1608,44.25365,-76.56864,12,560
1608,44.25365,-76.56852,13,569
1608,44.25066,-76.56834,14,901
1608,44.25076,-76.56922,15,984
1608,44.25063,-76.56921,16,998
1608,44.25058,-76.57093,17,1135
1608,44.25049,-76.57231,18,1244
1608,44.25024,-76.57356,19,1344
1608,44.24985,-76.57472,20,1444
1608,44.24976,-76.57514,21,1486
1608,44.24969,-76.57509,22,1495
1608,44.2483,-76.57838,23,1799
1608,44.24804,-76.57963,24,1901
1608,44.24808,-76.58078,25,2004
1608,44.24798,-76.5808,26,2015
1608,44.24814,-76.58211,27,2116
1608,44.24921,-76.58535,28,2407
1608,44.24913,-76.5854,29,2416
1608,44.24956,-76.5868,30,2537
1608,44.24998,-76.58814,31,2653
1608,44.25039,-76.58969,32,2784
1608,44.25074,-76.59046,33,2873
1608,44.25059,-76.59054,34,2891
1608,44.251,-76.59222,35,3032
1608,44.25162,-76.59427,36,3221
1608,44.25151,-76.59432,37,3233
1608,44.25215,-76.59689,38,3448
1608,44.25229,-76.59793,39,3532
1608,44.25225,-76.59899,40,3616
1608,44.25177,-76.6013,41,3818
1608,44.25166,-76.60123,42,3830
1608,44.25074,-76.60443,43,4104
1608,44.25051,-76.60568,44,4202
1608,44.25038,-76.60833,45,4412
1608,44.25016,-76.61069,46,4602
1608,44.24975,-76.61079,47,4657
1608,44.24975,-76.61066,48,4667
1608,44.24697,-76.61045,49,4976
1608,44.24684,-76.61052,50,4996
1608,44.24683,-76.61044,51,5002
1608,44.24408,-76.61023,52,5308
1608,44.24216,-76.61012,53,5519
1608,44.24185,-76.61006,54,5553
1608,44.24171,-76.6101,55,5574
1610,44.26492,-76.50275,0,0
1610,44.26492,-76.50288,1,9
1610,44.26578,-76.50291,2,104
1610,44.26579,-76.50065,3,284
1610,44.26587,-76.49959,4,367
1610,44.26578,-76.49883,5,428
1610,44.26565,-76.49864,6,448
1610,44.26552,-76.49856,7,464
1610,44.26419,-76.49859,8,628
1610,44.26421,-76.49837,9,646
1610,44.26279,-76.49826,10,802
1610,44.26166,-76.49828,11,927
1610,44.26069,-76.49825,12,1033
1610,44.2597,-76.49786,13,1146
1610,44.25876,-76.49754,14,1248
1610,44.25775,-76.49738,15,1359
1610,44.25653,-76.49734,16,1504
1610,44.25654,-76.49721,17,1514
1610,44.25562,-76.49707,18,1615
1610,44.25341,-76.4967,19,1862
1610,44.25317,-76.49678,20,1895
1610,44.25318,-76.49667,21,1903
1610,44.25027,-76.49635,22,2236
1610,44.25028,-76.49623,23,2245
1610,44.24794,-76.49585,24,2505
1610,44.24562,-76.4955,25,2763
1610,44.24463,-76.49536,26,2873
1610,44.2435,-76.49529,27,3003
1610,44.24351,-76.4952,28,3009
1610,44.24185,-76.49495,29,3194
1610,44.24085,-76.49472,30,3306
1610,44.23993,-76.49455,31,3408
1610,44.23859,-76.49425,32,3558
1610,44.23791,-76.49422,33,3640
1610,44.23791,-76.49414,34,3646
1610,44.23662,-76.49385,35,3790
1610,44.23529,-76.4935,36,3939
1610,44.23415,-76.49322,37,4067
1610,44.23346,-76.49304,38,4144
1610,44.2329,-76.49151,39,4287
1610,44.23297,-76.49149,40,4294
1610,44.23259,-76.48902,41,4494
1610,44.23232,-76.48728,42,4636
1610,44.23205,-76.48556,43,4776
1610,44.23183,-76.48417,44,4889
1610,44.23093,-76.48447,45,4991
1610,44.23114,-76.48536,46,5071
1613,44.2316,-76.48413,0,0
1613,44.23162,-76.48424,1,8
1613,44.23272,-76.48393,2,131
1613,44.23328,-76.48378,3,194
1613,44.23366,-76.48379,4,235
1613,44.23347,-76.48252,5,338
1613,44.23307,-76.48065,6,501
1613,44.23315,-76.48062,7,510
1613,44.23286,-76.47893,8,647
1613,44.23389,-76.47859,9,762
1613,44.23405,-76.47848,10,779
1613,44.23415,-76.47832,11,794
1613,44.23446,-76.47718,12,888
1613,44.23477,-76.47333,13,1196
1613,44.23495,-76.47199,14,1304
1613,44.23542,-76.4698,15,1486
1613,44.23596,-76.46816,16,1627
1613,44.23684,-76.46595,17,1828
1613,44.2369,-76.46556,18,1867
1613,44.23697,-76.46562,19,1876
1613,44.23781,-76.46354,20,2066
1613,44.23884,-76.46095,21,2301
1613,44.23941,-76.45944,22,2437
1613,44.23982,-76.45781,23,2574
1613,44.23973,-76.45767,24,2594
1613,44.23983,-76.45769,25,2605
1613,44.23999,-76.45548,26,2782
1613,44.24001,-76.45524,27,2801
1613,44.24057,-76.45532,28,2862
1613,44.24065,-76.45458,29,2921
1613,44.24072,-76.45444,30,2934
1613,44.24082,-76.45436,31,2945
1613,44.24088,-76.45433,32,2951
1613,44.24315,-76.45467,33,3204
1613,44.24299,-76.45686,34,3380
1613,44.24303,-76.45727,35,3418
1613,44.24297,-76.45726,36,3425
1613,44.24294,-76.45781,37,3468
1613,44.24298,-76.45816,38,3495
1613,44.24314,-76.45865,39,3535
1613,44.2434,-76.45904,40,3575
1613,44.24354,-76.45918,41,3593
1613,44.24394,-76.45939,42,3638
1613,44.24521,-76.45956,43,3779
1613,44.24537,-76.4596,44,3796
1613,44.24561,-76.45976,45,3823
1613,44.24576,-76.45993,46,3843
1613,44.24595,-76.46029,47,3877
1613,44.24635,-76.46207,48,4025
1613,44.2474,-76.4616,49,4148
1613,44.24862,-76.46115,50,4287
1613,44.25001,-76.46087,51,4443
1613,44.25047,-76.46063,52,4508
1613,44.25048,-76.4608,53,4521
1613,44.25198,-76.46066,54,4686
1613,44.25357,-76.46058,55,4862
1613,44.25377,-76.46044,56,4893
1613,44.25377,-76.46056,57,4902
1613,44.25488,-76.46052,58,5025
1613,44.25767,-76.46043,59,5334
1613,44.25912,-76.46034,60,5494
1613,44.25943,-76.45733,61,5736
1613,44.25949,-76.45612,62,5837
1613,44.25954,-76.45614,63,5843
1613,44.25986,-76.45264,64,6123
1613,44.26016,-76.44929,65,6392
1613,44.26129,-76.4494,66,6523
1613,44.26128,-76.44949,67,6530
1613,44.2617,-76.44954,68,6575
1613,44.26191,-76.44947,69,6597
1613,44.26216,-76.44926,70,6628
1613,44.26232,-76.44902,71,6652
1613,44.26254,-76.44834,72,6708
1613,44.26361,-76.44707,73,6863
1613,44.26374,-76.44681,74,6893
1613,44.26378,-76.44688,75,6900
1613,44.26511,-76.44534,76,7092
1613,44.26517,-76.4453,77,7098
1613,44.26525,-76.4453,78,7104
1613,44.26531,-76.44535,79,7110
1613,44.26597,-76.44637,80,7225
1613,44.2667,-76.44776,81,7366
1613,44.26677,-76.44793,82,7380
1613,44.26686,-76.44875,83,7446
1613,44.26689,-76.44887,84,7456
1613,44.26729,-76.44941,85,7524
1613,44.26724,-76.44947,86,7531
1613,44.26856,-76.45171,87,7762
1613,44.26878,-76.45127,88,7815
1613,44.26885,-76.45139,89,7827
1613,44.27003,-76.45007,90,7994
1613,44.27106,-76.44891,91,8141
1613,44.27269,-76.44708,92,8373
1613,44.2721,-76.44603,93,8479
1613,44.27169,-76.44541,94,8548
1613,44.27176,-76.44537,95,8555
1613,44.27172,-76.44525,96,8564
1613,44.27166,-76.44477,97,8600
1613,44.27206,-76.43939,98,9038
1613,44.27214,-76.43941,99,9047
1613,44.27217,-76.43918,100,9065
1613,44.2729,-76.43928,101,9144
1613,44.27328,-76.43915,102,9184
1613,44.27397,-76.4385,103,9273
1613,44.27418,-76.43839,104,9297
1613,44.27472,-76.43827,105,9357
1613,44.27488,-76.43829,106,9374
1613,44.27489,-76.43906,107,9443
1613,44.27481,-76.43905,108,9451
1613,44.27467,-76.44144,109,9650
1613,44.27459,-76.44142,110,9658
1613,44.27454,-76.44256,111,9746
1613,44.27363,-76.44281,112,9847
1613,44.2729,-76.44349,113,9941
1613,44.27254,-76.44363,114,9981
1613,44.27176,-76.44352,115,10067
1613,44.27166,-76.44477,116,10166
1613,44.27172,-76.44525,117,10202
1613,44.27186,-76.44563,118,10234
1613,44.2722,-76.44609,119,10290
1635,44.25773,-76.53782,0,0
1635,44.25776,-76.53775,1,6
1635,44.25825,-76.53803,2,64
1635,44.25875,-76.53816,3,120
1635,44.25905,-76.53594,4,299
1635,44.25923,-76.53266,5,561
1635,44.25924,-76.53133,6,667
1635,44.2591,-76.52991,7,781
1635,44.25898,-76.52846,8,897
1635,44.25887,-76.52679,9,1030
1635,44.25878,-76.5262,10,1088
1635,44.25888,-76.52621,11,1100
1635,44.25895,-76.52248,12,1397
1635,44.25736,-76.52221,13,1574
1635,44.25736,-76.52213,14,1580
1635,44.25561,-76.52211,15,1779
1635,44.25561,-76.52202,16,1786
1635,44.25552,-76.52201,17,1795
1635,44.25545,-76.52426,18,1974
1635,44.25541,-76.52436,19,1980
1635,44.25536,-76.52442,20,1986
1635,44.25362,-76.52434,21,2178
1635,44.25274,-76.52427,22,2276
1635,44.25271,-76.52341,23,2349
1635,44.25277,-76.5231,24,2379
1635,44.25285,-76.52079,25,2563
1635,44.25286,-76.51996,26,2633
1635,44.25296,-76.5196,27,2667
1635,44.25094,-76.51916,28,2893
1635,44.25018,-76.51917,29,2982
1635,44.25019,-76.51909,30,2988
1635,44.24753,-76.51893,31,3282
1635,44.2467,-76.51897,32,3380
1635,44.2467,-76.51888,33,3386
1635,44.24555,-76.51881,34,3514
1635,44.24493,-76.51879,35,3582
1635,44.24436,-76.51927,36,3655
1635,44.24265,-76.51953,37,3856
1635,44.24265,-76.51933,38,3872
1635,44.24041,-76.51921,39,4121
1635,44.24051,-76.51792,40,4224
1635,44.24059,-76.51701,41,4297
1635,44.24173,-76.51696,42,4423
1635,44.24207,-76.51693,43,4466
1690,44.23613,-76.56781,0,0
1690,44.23617,-76.56791,1,9
1690,44.23642,-76.56772,2,41
1690,44.23719,-76.56746,3,129
1690,44.23758,-76.57459,4,700
1690,44.23775,-76.57817,5,984
1690,44.23724,-76.5832,6,1386
1690,44.23724,-76.58496,7,1526
1690,44.23803,-76.59026,8,1956
1690,44.24129,-76.60128,9,2906
1690,44.2422,-76.60488,10,3206
1690,44.24242,-76.60688,11,3365
1690,44.24235,-76.60769,12,3429
1690,44.23943,-76.61414,13,4035
1690,44.23658,-76.6197,14,4580
1690,44.23579,-76.62109,15,4720
1690,44.23443,-76.62301,16,4933
1690,44.23361,-76.62384,17,5045
1690,44.22924,-76.62667,18,5579
1690,44.22391,-76.6297,19,6217
1690,44.22277,-76.63094,20,6376
1690,44.22215,-76.63202,21,6486
1690,44.22166,-76.6333,22,6601
1690,44.22088,-76.63683,23,6894
1690,44.21965,-76.63979,24,7166
1690,44.21883,-76.64271,25,7416
1690,44.22008,-76.64307,26,7557
1690,44.22022,-76.64314,27,7572
1690,44.2202,-76.64357,28,7614
1690,44.22011,-76.64352,29,7624
1690,44.21979,-76.64469,30,7724
1690,44.21961,-76.64558,31,7803
1690,44.21956,-76.64555,32,7809
1690,44.21937,-76.64649,33,7887
1690,44.21936,-76.64679,34,7911
1690,44.21944,-76.64741,35,7961
1690,44.21952,-76.64769,36,7984
1690,44.21977,-76.64821,37,8033
1690,44.22062,-76.64922,38,8157
1690,44.22114,-76.64945,39,8230
1690,44.22107,-76.64961,40,8245
1690,44.22229,-76.65049,41,8396
1690,44.22335,-76.65096,42,8519
1690,44.22492,-76.65127,43,8694
1690,44.22682,-76.65122,44,8905
1690,44.22754,-76.65114,45,8985
1690,44.22755,-76.65331,46,9158
1690,44.22724,-76.65521,47,9314
1690,44.22641,-76.65788,48,9545
1690,44.22609,-76.65917,49,9654
1690,44.22544,-76.65815,50,9762
1690,44.22608,-76.65917,51,9870
1690,44.22535,-76.66204,52,10113
1690,44.22482,-76.66349,53,10242
1690,44.22263,-76.66656,54,10586
1690,44.2213,-76.66999,55,10896
1690,44.22122,-76.67033,56,10924
1690,44.22724,-76.67427,57,11662
1690,44.2423,-76.68377,58,13499
1690,44.25003,-76.68933,59,14465
1690,44.25143,-76.6904,60,14641
1690,44.25231,-76.69149,61,14771
1690,44.2532,-76.69337,62,14950
1690,44.25629,-76.70177,63,15703
1690,44.25674,-76.70291,64,15806
1690,44.25732,-76.70394,65,15911
1690,44.25802,-76.7048,66,16014
1690,44.25883,-76.70549,67,16119
1690,44.26296,-76.70808,68,16621
1690,44.26954,-76.71212,69,17419
1690,44.27066,-76.71263,70,17550
1690,44.27528,-76.71389,71,18071
1690,44.27695,-76.71434,72,18259
1690,44.27703,-76.71789,73,18549
1690,44.27696,-76.71788,74,18556
1690,44.27697,-76.71966,75,18697
1690,44.27699,-76.72167,76,18857
1690,44.27698,-76.72281,77,18948
1690,44.27689,-76.72322,78,18982
1690,44.27708,-76.72328,79,19002
1690,44.27689,-76.72322,80,19022
1690,44.27664,-76.7247,81,19143
1690,44.27625,-76.72675,82,19311
1690,44.27619,-76.72677,83,19317
1690,44.27517,-76.72611,84,19442
1690,44.27473,-76.72583,85,19495
1690,44.27454,-76.72585,86,19516
1692,44.22544,-76.65815,0,0
1692,44.22608,-76.65917,1,108
1692,44.22674,-76.65676,2,313
1692,44.22724,-76.65521,3,448
1692,44.22755,-76.65331,4,604
1692,44.22754,-76.65114,5,777
1692,44.22597,-76.65126,6,951
1692,44.22563,-76.64749,7,1253
1692,44.22552,-76.6469,8,1301
1692,44.22541,-76.64664,9,1325
1692,44.22526,-76.64642,10,1349
1692,44.22362,-76.64532,11,1550
1692,44.22319,-76.64506,12,1603
1692,44.22022,-76.64314,13,1968
1692,44.21979,-76.64469,14,2100
1692,44.21961,-76.64558,15,2179
1692,44.21956,-76.64555,16,2185
1692,44.21937,-76.64649,17,2263
1692,44.21936,-76.64679,18,2287
1692,44.21944,-76.64741,19,2337
1692,44.21952,-76.64769,20,2360
1692,44.21977,-76.64821,21,2409
1692,44.22062,-76.64922,22,2533
1692,44.22114,-76.64945,23,2606
1692,44.22107,-76.64961,24,2621
1692,44.22229,-76.65049,25,2772
1692,44.22335,-76.65096,26,2895
1692,44.22305,-76.65294,27,3056
1692,44.22279,-76.65415,28,3156
1692,44.22209,-76.65639,29,3351
1692,44.22161,-76.65783,30,3477
1692,44.22085,-76.66008,31,3674
1692,44.22058,-76.66115,32,3774
1692,44.2205,-76.66111,33,3783
1692,44.21993,-76.66262,34,3917
1692,44.21984,-76.66545,35,4143
1692,44.21875,-76.66865,36,4425
1692,44.22122,-76.67033,37,4729
1692,44.22301,-76.67154,38,4950
1692,44.22724,-76.67427,39,5467
1692,44.22816,-76.67482,40,5578
1692,44.22731,-76.67731,41,5797
1692,44.22807,-76.67778,42,5892
1692,44.22731,-76.67731,43,5987
1692,44.22643,-76.6801,44,6230
1692,44.22628,-76.6814,45,6335
1692,44.2263,-76.68207,46,6388
1692,44.22757,-76.68662,47,6778
1692,44.22779,-76.68791,48,6882
1692,44.22773,-76.68921,49,6986
1692,44.2272,-76.69086,50,7130
1692,44.21981,-76.70114,51,8290
1692,44.21901,-76.7024,52,8424
1692,44.21838,-76.70379,53,8554
1692,44.21615,-76.71054,54,9147
1692,44.21505,-76.70979,55,9283
1692,44.21521,-76.70849,56,9388
1692,44.21505,-76.70979,57,9493
1692,44.21615,-76.71054,58,9629
1692,44.21486,-76.71446,59,9973
1692,44.21392,-76.71728,60,10221
1692,44.21321,-76.71943,61,10409
1692,44.21359,-76.7196,62,10458
1692,44.21357,-76.71968,63,10464
1692,44.21321,-76.71943,64,10507
1692,44.20773,-76.73607,65,11969
1692,44.20745,-76.7376,66,12095
1692,44.20757,-76.74254,67,12489
1692,44.20743,-76.7435,68,12567
1692,44.20684,-76.74537,69,12730
1692,44.20673,-76.74557,70,12750
1692,44.19929,-76.7404,71,13673
1692,44.19533,-76.73801,72,14152
1692,44.19487,-76.73778,73,14205
1692,44.1942,-76.73967,74,14373
1692,44.1934,-76.74103,75,14513
1692,44.19312,-76.74136,76,14554
1692,44.19307,-76.74123,77,14565
1692,44.19275,-76.74077,78,14615
1692,44.19289,-76.74053,79,14642
1692,44.19275,-76.74077,80,14669
1692,44.19307,-76.74123,81,14719
1692,44.19312,-76.74136,82,14730
1692,44.19208,-76.74242,83,14873
1692,44.19004,-76.7454,84,15201
1692,44.18737,-76.75018,85,15684
1692,44.18634,-76.75207,86,15873
1692,44.18425,-76.75526,87,16217
1692,44.184,-76.75571,88,16262
1692,44.18384,-76.75615,89,16301
1692,44.1837,-76.75705,90,16374
1692,44.18402,-76.76021,91,16629
1692,44.18414,-76.76462,92,16981
1692,44.18459,-76.76877,93,17316
1692,44.18484,-76.76931,94,17381
1692,44.18467,-76.76935,95,17400
1692,44.18472,-76.76995,96,17448
1692,44.18462,-76.771,97,17532
1692,44.18317,-76.77488,98,17882
1692,44.18233,-76.77689,99,18066
1692,44.18131,-76.7789,100,18262
1692,44.18068,-76.77985,101,18365
1692,44.18062,-76.77995,102,18375
1692,44.18079,-76.78006,103,18396
1692,44.18062,-76.77995,104,18417
1692,44.17989,-76.78107,105,18537
1692,44.17749,-76.78416,106,18900
1692,44.17777,-76.78456,107,18944
1692,44.17792,-76.7847,108,18964
1692,44.1781,-76.7848,109,18985
1692,44.17828,-76.78485,110,19005
1692,44.17993,-76.78449,111,19199
1692,44.18066,-76.78456,112,19280
1692,44.18103,-76.78496,113,19331
1692,44.18188,-76.78647,114,19484
1692,44.18221,-76.78704,115,19542
1692,44.1826,-76.78744,116,19595
1692,44.18379,-76.78782,117,19730
1692,44.18374,-76.78792,118,19740
1692,44.18382,-76.78794,119,19751
1692,44.18379,-76.78782,120,19761
1692,44.18351,-76.78773,121,19793
1692,44.18344,-76.78815,122,19827
1693,44.27454,-76.72585,0,0
1693,44.27473,-76.72583,1,21
1693,44.27619,-76.72677,2,199
1693,44.27625,-76.72675,3,205
1693,44.27661,-76.72485,4,361
1693,44.27692,-76.72308,5,506
1693,44.27691,-76.72269,6,546
1693,44.27698,-76.72268,7,553
1693,44.27698,-76.72085,8,699
1693,44.27696,-76.71832,9,901
1693,44.27691,-76.71597,10,1096
1693,44.27698,-76.71597,11,1103
1693,44.27695,-76.71434,12,1233
1693,44.2719,-76.71299,13,1802
1693,44.27031,-76.71249,14,1983
1693,44.26568,-76.70971,15,2542
1693,44.25971,-76.70607,16,3265
1693,44.25841,-76.70517,17,3426
1693,44.25766,-76.70439,18,3530
1693,44.25701,-76.70345,19,3634
1693,44.25483,-76.69784,20,4142
1693,44.25281,-76.69238,21,4632
1693,44.25204,-76.69109,22,4764
1693,44.25072,-76.68981,23,4942
1693,44.2462,-76.68662,24,5504
1693,44.23062,-76.67632,25,7421
1693,44.22301,-76.67154,26,8347
1693,44.22122,-76.67033,27,8568
1693,44.22232,-76.66719,28,8846
1693,44.22303,-76.66595,29,8971
1693,44.22447,-76.66407,30,9190
1693,44.22482,-76.66349,31,9250
1693,44.22535,-76.66204,32,9379
1693,44.22609,-76.65917,33,9622
1693,44.22544,-76.65815,34,9730
1693,44.22608,-76.65917,35,9838
1693,44.22674,-76.65676,36,10043
1693,44.22724,-76.65521,37,10178
1693,44.22755,-76.65331,38,10334
1693,44.22754,-76.65114,39,10507
1693,44.22597,-76.65126,40,10681
1693,44.22492,-76.65127,41,10798
1693,44.22335,-76.65096,42,10973
1693,44.22229,-76.65049,43,11096
1693,44.22108,-76.64969,44,11246
1693,44.2203,-76.64887,45,11360
1693,44.21977,-76.64821,46,11439
1693,44.21952,-76.64769,47,11488
1693,44.21944,-76.64741,48,11511
1693,44.21936,-76.64679,49,11561
1693,44.21945,-76.64555,50,11669
1693,44.21954,-76.6456,51,11680
1693,44.22001,-76.64342,52,11874
1693,44.22012,-76.64348,53,11887
1693,44.22022,-76.64314,54,11916
1693,44.21883,-76.64271,55,12072
1693,44.21965,-76.63979,56,12322
1693,44.22088,-76.63683,57,12594
1693,44.22166,-76.6333,58,12887
1693,44.22215,-76.63202,59,13002
1693,44.22277,-76.63094,60,13112
1693,44.2236,-76.62996,61,13232
1693,44.22924,-76.62667,62,13909
1693,44.23339,-76.62402,63,14415
1693,44.23443,-76.62301,64,14555
1693,44.23612,-76.62056,65,14823
1693,44.23943,-76.61414,66,15453
1693,44.24222,-76.60812,67,16024
1693,44.24235,-76.60769,68,16059
1693,44.24242,-76.60688,69,16123
1693,44.2422,-76.60488,70,16282
1693,44.2394,-76.59501,71,17125
1693,44.23814,-76.59075,72,17491
1693,44.23734,-76.58595,73,17882
1693,44.23723,-76.58372,74,18061
1693,44.23775,-76.57817,75,18504
1693,44.23739,-76.57112,76,19066
1693,44.23719,-76.56746,77,19359
1693,44.23613,-76.56781,78,19488
1702,44.18344,-76.78815,0,0
1702,44.18351,-76.78773,1,34
1702,44.1826,-76.78744,2,137
1702,44.18221,-76.78704,3,190
1702,44.18103,-76.78496,4,401
1702,44.18066,-76.78456,5,452
1702,44.17993,-76.78449,6,533
1702,44.17952,-76.7847,7,590
1702,44.17951,-76.78456,8,601
1702,44.17872,-76.78476,9,696
1702,44.17864,-76.78487,10,708
1702,44.1781,-76.7848,11,769
1702,44.17792,-76.7847,12,790
1702,44.17777,-76.78456,13,810
1702,44.17749,-76.78416,14,854
1702,44.17936,-76.78174,15,1138
1702,44.18068,-76.77985,16,1347
1702,44.18189,-76.77792,17,1550
1702,44.18222,-76.77688,18,1647
1702,44.18228,-76.77699,19,1658
1702,44.1828,-76.77577,20,1770
1702,44.18444,-76.77165,21,2146
1702,44.18468,-76.77061,22,2232
1702,44.1847,-76.76958,23,2315
1702,44.18448,-76.76835,24,2421
1702,44.18455,-76.76834,25,2428
1702,44.18414,-76.76462,26,2728
1702,44.18402,-76.76021,27,3080
1702,44.18371,-76.75749,28,3300
1702,44.18374,-76.75661,29,3370
1702,44.18384,-76.75615,30,3408
1702,44.184,-76.75571,31,3447
1702,44.18634,-76.75207,32,3836
1702,44.1892,-76.74684,33,4360
1702,44.1914,-76.74337,34,4729
1702,44.19208,-76.74242,35,4836
1702,44.19312,-76.74136,36,4979
1702,44.19307,-76.74123,37,4990
1702,44.19275,-76.74077,38,5040
1702,44.19289,-76.74053,39,5067
1702,44.19275,-76.74077,40,5094
1702,44.19307,-76.74123,41,5144
1702,44.19312,-76.74136,42,5155
1702,44.19393,-76.74026,43,5280
1702,44.19487,-76.73778,44,5504
1702,44.19929,-76.7404,45,6036
1702,44.20673,-76.74557,46,6959
1702,44.20684,-76.74537,47,6979
1702,44.20743,-76.7435,48,7142
1702,44.20757,-76.74254,49,7220
1702,44.20745,-76.7376,50,7614
1702,44.20773,-76.73607,51,7740
1702,44.21198,-76.72318,52,8873
1702,44.21321,-76.71943,53,9202
1702,44.21359,-76.7196,54,9251
1702,44.21357,-76.71968,55,9257
1702,44.21321,-76.71943,56,9300
1702,44.21392,-76.71728,57,9488
1702,44.21486,-76.71446,58,9736
1702,44.21615,-76.71054,59,10080
1702,44.21505,-76.70979,60,10216
1702,44.21521,-76.70849,61,10321
1702,44.21505,-76.70979,62,10426
1702,44.21615,-76.71054,63,10562
1702,44.21787,-76.70527,64,11024
1702,44.21868,-76.70308,65,11220
1702,44.21939,-76.70176,66,11351
1702,44.22694,-76.69129,67,12535
1702,44.2276,-76.68982,68,12673
1702,44.22779,-76.68857,69,12774
1702,44.22771,-76.68727,70,12878
1702,44.22641,-76.68271,71,13269
1702,44.2263,-76.68207,72,13321
1702,44.22632,-76.68075,73,13426
1702,44.22661,-76.67946,74,13534
1702,44.22731,-76.67731,75,13722
1702,44.22807,-76.67778,76,13817
1702,44.22731,-76.67731,77,13912
1702,44.22816,-76.67482,78,14131
1702,44.22301,-76.67154,79,14759
1702,44.21875,-76.66865,80,15284
1702,44.21973,-76.66576,81,15539
1702,44.21984,-76.66545,82,15566
1702,44.21993,-76.66262,83,15792
1702,44.22072,-76.66001,84,16032
1702,44.22085,-76.66009,85,16047
1702,44.22131,-76.65869,86,16169
1702,44.22209,-76.65639,87,16371
1702,44.22279,-76.65415,88,16566
1702,44.22335,-76.65096,89,16827
1702,44.22229,-76.65049,90,16950
1702,44.22126,-76.64977,91,17077
1702,44.22108,-76.64969,92,17100
1702,44.2203,-76.64887,93,17214
1702,44.21977,-76.64821,94,17293
1702,44.21952,-76.64769,95,17342
1702,44.21944,-76.64741,96,17365
1702,44.21936,-76.64679,97,17415
1702,44.21945,-76.64555,98,17523
1702,44.21954,-76.6456,99,17534
1702,44.22022,-76.64314,100,17744
1702,44.22275,-76.64465,101,18055
1702,44.22271,-76.64472,102,18061
1702,44.22423,-76.6457,103,18245
1702,44.22508,-76.64626,104,18349
1702,44.22526,-76.64642,105,18373
1702,44.22541,-76.64664,106,18397
1702,44.22552,-76.6469,107,18421
1702,44.22584,-76.64928,108,18613
1702,44.22597,-76.65126,109,18771
1702,44.22731,-76.6512,110,18920
1702,44.22754,-76.65114,111,18945
1702,44.22755,-76.65331,112,19118
1702,44.22724,-76.65521,113,19274
1702,44.22641,-76.65788,114,19505
1702,44.22609,-76.65917,115,19614
1702,44.22544,-76.65815,116,19722
1710,44.24653,-76.61123,0,0
1710,44.24603,-76.61113,1,61
1710,44.24586,-76.61123,2,80
1710,44.24574,-76.61145,3,101
1710,44.24556,-76.61331,4,249
1710,44.24561,-76.61348,5,269
1710,44.24554,-76.61347,6,277
1710,44.24538,-76.61519,7,415
1710,44.24531,-76.61538,8,431
1710,44.24524,-76.61544,9,439
1710,44.24512,-76.61548,10,451
1710,44.24445,-76.61543,11,525
1710,44.24438,-76.61545,12,532
1710,44.24432,-76.61549,13,538
1710,44.24425,-76.61559,14,547
1710,44.24403,-76.61649,15,621
1710,44.24403,-76.6166,16,629
1710,44.24405,-76.6167,17,635
1710,44.24418,-76.61685,18,657
1710,44.24421,-76.61704,19,677
1710,44.24518,-76.61625,20,801
1710,44.24657,-76.61536,21,971
1710,44.24675,-76.61517,22,998
1710,44.24794,-76.61453,23,1145
1710,44.24814,-76.61437,24,1176
1710,44.24816,-76.61444,25,1182
1710,44.24906,-76.61406,26,1286
1710,44.24924,-76.61396,27,1308
1710,44.24931,-76.61387,28,1318
1710,44.24935,-76.61377,29,1327
1710,44.24946,-76.61247,30,1431
1710,44.24946,-76.61193,31,1478
1710,44.24953,-76.61085,32,1575
1710,44.24959,-76.61086,33,1582
1710,44.24961,-76.61064,34,1599
1710,44.25016,-76.61069,35,1660
1710,44.25038,-76.60833,36,1850
1710,44.25048,-76.60605,37,2032
1710,44.25065,-76.60478,38,2130
1710,44.25157,-76.60155,39,2405
1710,44.25275,-76.60212,40,2549
1710,44.25272,-76.60219,41,2555
1710,44.25302,-76.60239,42,2588
1710,44.25314,-76.60253,43,2603
1710,44.25326,-76.60277,44,2624
1710,44.25334,-76.60308,45,2647
1710,44.25336,-76.60434,46,2752
1710,44.25329,-76.60434,47,2759
1710,44.25326,-76.60564,48,2861
1710,44.25334,-76.60591,49,2883
1710,44.25349,-76.60616,50,2907
1710,44.25355,-76.60621,51,2914
1710,44.25441,-76.60658,52,3014
1710,44.25479,-76.60654,53,3061
1710,44.25479,-76.60662,54,3067
1710,44.25485,-76.60662,55,3073
1710,44.25526,-76.60641,56,3119
1710,44.25537,-76.60631,57,3132
1710,44.25554,-76.60608,58,3156
1710,44.25607,-76.60423,59,3321
1710,44.25617,-76.60404,60,3342
1710,44.25622,-76.60389,61,3355
1710,44.25631,-76.60373,62,3370
1710,44.25644,-76.60358,63,3388
1710,44.25672,-76.60351,64,3418
1710,44.25782,-76.60357,65,3546
1710,44.25782,-76.60365,66,3552
1710,44.25794,-76.60367,67,3566
1710,44.25812,-76.60031,68,3839
1710,44.25818,-76.60032,69,3845
1710,44.25837,-76.59763,70,4061
1710,44.25835,-76.59703,71,4113
1710,44.25841,-76.59705,72,4119
1710,44.25854,-76.59516,73,4270
1710,44.25738,-76.59508,74,4399
1710,44.25666,-76.59503,75,4478
1710,44.25628,-76.59516,76,4520
1710,44.25623,-76.59444,77,4583
1710,44.25628,-76.59444,78,4589
1710,44.25637,-76.59314,79,4692
1710,44.25642,-76.59142,80,4831
1710,44.25645,-76.5913,81,4845
1710,44.25636,-76.59091,82,4876
1710,44.25596,-76.59017,83,4946
1710,44.25572,-76.58988,84,4979
1710,44.25539,-76.58968,85,5014
1710,44.25532,-76.58966,86,5021
1710,44.25493,-76.58971,87,5063
1710,44.25457,-76.58996,88,5112
1710,44.25443,-76.58994,89,5130
1710,44.25378,-76.59027,90,5206
1710,44.25353,-76.5905,91,5238
1710,44.25337,-76.59073,92,5263
1710,44.2532,-76.59112,93,5298
1710,44.25312,-76.59142,94,5323
1710,44.25307,-76.59239,95,5406
1710,44.25301,-76.59238,96,5412
1710,44.25284,-76.59365,97,5515
1710,44.25284,-76.59405,98,5545
1710,44.25175,-76.59451,99,5678
1710,44.25173,-76.59444,100,5684
1710,44.25155,-76.5945,101,5704
1710,44.25097,-76.59255,102,5883
1710,44.25107,-76.59251,103,5895
1710,44.25039,-76.58969,104,6131
1710,44.25076,-76.58933,105,6193
1710,44.2508,-76.5895,106,6207
1710,44.25264,-76.5885,107,6433
1710,44.25266,-76.5886,108,6441
1710,44.25365,-76.58813,109,6556
1710,44.2546,-76.58749,110,6668
1710,44.2554,-76.58655,111,6780
1710,44.2555,-76.58622,112,6816
1710,44.25557,-76.58632,113,6827
1710,44.25651,-76.58503,114,6973
1710,44.25716,-76.58444,115,7053
1710,44.25887,-76.58399,116,7242
1710,44.26013,-76.58357,117,7385
1710,44.26026,-76.58338,118,7413
1710,44.2603,-76.58349,119,7423
1710,44.26051,-76.58335,120,7448
1710,44.26085,-76.58326,121,7483
1710,44.26133,-76.5834,122,7535
1710,44.26201,-76.58391,123,7619
1710,44.26221,-76.58398,124,7640
1710,44.26245,-76.58239,125,7779
1710,44.26251,-76.58236,126,7786
1710,44.26253,-76.58198,127,7816
1710,44.26248,-76.58163,128,7844
1710,44.26242,-76.58143,129,7861
1710,44.26186,-76.58024,130,7975
1710,44.26191,-76.58023,131,7981
1710,44.26178,-76.57908,132,8073
1710,44.26181,-76.57875,133,8098
1710,44.26184,-76.57862,134,8108
1710,44.26221,-76.57788,135,8184
1710,44.26225,-76.57794,136,8190
1710,44.26251,-76.57757,137,8229
1710,44.26284,-76.57735,138,8268
1710,44.26413,-76.57737,139,8410
1710,44.26493,-76.57731,140,8505
1710,44.26493,-76.57739,141,8511
1710,44.26535,-76.57747,142,8558
1710,44.26629,-76.57804,143,8669
1710,44.26696,-76.5783,144,8754
1710,44.26693,-76.57841,145,8763
1710,44.26704,-76.57847,146,8776
1710,44.26724,-76.5778,147,8833
1710,44.26723,-76.57657,148,8935
1710,44.2673,-76.57658,149,8941
1710,44.26732,-76.57417,150,9132
1710,44.26659,-76.57426,151,9223
1710,44.26659,-76.57415,152,9232
1710,44.26516,-76.5741,153,9391
1710,44.26333,-76.57423,154,9606
1710,44.26332,-76.57407,155,9618
1710,44.26236,-76.57406,156,9725
1710,44.26134,-76.57406,157,9838
1710,44.26038,-76.57417,158,9953
1710,44.26037,-76.57405,159,9961
1710,44.25858,-76.57404,160,10160
1710,44.25738,-76.574,161,10292
1710,44.25709,-76.57422,162,10334
1710,44.25707,-76.57413,163,10341
1710,44.25671,-76.57431,164,10383
1710,44.25564,-76.57428,165,10498
1710,44.25506,-76.57424,166,10562
1710,44.25495,-76.57417,167,10573
1710,44.25485,-76.57399,168,10588
1710,44.25483,-76.57389,169,10596
1710,44.25485,-76.57314,170,10655
1710,44.25514,-76.57316,171,10687
1710,44.2552,-76.57189,172,10788
1710,44.25489,-76.57188,173,10821
1710,44.25498,-76.57283,174,10909
1715,44.25498,-76.57283,0,0
1715,44.25486,-76.57282,1,13
1715,44.25483,-76.57389,2,97
1715,44.25485,-76.57399,3,105
1715,44.25495,-76.57417,4,120
1715,44.25506,-76.57424,5,131
1715,44.25637,-76.57432,6,275
1715,44.2566,-76.57433,7,300
1715,44.25677,-76.57429,8,317
1715,44.25722,-76.57395,9,380
1715,44.25724,-76.57406,10,388
1715,44.25738,-76.574,11,403
1715,44.25858,-76.57404,12,535
1715,44.26051,-76.57397,13,755
1715,44.2605,-76.57405,14,761
1715,44.26236,-76.57406,15,967
1715,44.26488,-76.57402,16,1250
1715,44.26516,-76.5741,17,1286
1715,44.26732,-76.57417,18,1527
1715,44.26737,-76.57577,19,1661
1715,44.2673,-76.57576,20,1668
1715,44.26729,-76.57731,21,1791
1715,44.26721,-76.57793,22,1840
1715,44.26704,-76.57847,23,1886
1715,44.26656,-76.57826,24,1947
1715,44.26558,-76.57758,25,2072
1715,44.26507,-76.57739,26,2129
1715,44.26494,-76.57747,27,2149
1715,44.26494,-76.57739,28,2155
1715,44.26284,-76.57735,29,2387
1715,44.26251,-76.57757,30,2426
1715,44.26219,-76.57811,31,2484
1715,44.26196,-76.57837,32,2520
1715,44.26189,-76.57849,33,2532
1715,44.26183,-76.57866,34,2546
1715,44.26179,-76.57889,35,2564
1715,44.26178,-76.57917,36,2585
1715,44.26194,-76.58044,37,2686
1715,44.26207,-76.58057,38,2707
1715,44.26201,-76.58062,39,2714
1715,44.26242,-76.58143,40,2792
1715,44.2625,-76.58172,41,2816
1715,44.26252,-76.58306,42,2926
1715,44.26246,-76.5832,43,2942
1715,44.26234,-76.58401,44,3008
1715,44.26201,-76.58391,45,3043
1715,44.26133,-76.5834,46,3127
1715,44.26091,-76.58326,47,3172
1715,44.26064,-76.58338,48,3208
1715,44.26063,-76.5833,49,3214
1715,44.26051,-76.58335,50,3226
1715,44.26035,-76.58347,51,3246
1715,44.25887,-76.58399,52,3413
1715,44.25761,-76.58425,53,3554
1715,44.25716,-76.58444,54,3602
1715,44.25651,-76.58503,55,3682
1715,44.2554,-76.58655,56,3854
1715,44.25535,-76.58682,57,3883
1715,44.25528,-76.58672,58,3894
1715,44.25447,-76.5876,59,4004
1715,44.25278,-76.58854,60,4202
1715,44.25254,-76.58877,61,4240
1715,44.25252,-76.58867,62,4248
1715,44.25106,-76.58937,63,4419
1715,44.25039,-76.58969,64,4498
1715,44.25074,-76.59046,65,4587
1715,44.25059,-76.59054,66,4605
1715,44.251,-76.59222,67,4746
1715,44.25162,-76.59427,68,4935
1715,44.25151,-76.59432,69,4947
1715,44.25155,-76.5945,70,4961
1715,44.25275,-76.594,71,5105
1715,44.25276,-76.59408,72,5111
1715,44.25284,-76.59405,73,5120
1715,44.25283,-76.59369,74,5147
1715,44.25301,-76.59202,75,5285
1715,44.25307,-76.59186,76,5302
1715,44.25312,-76.59142,77,5337
1715,44.25324,-76.591,78,5372
1715,44.25353,-76.5905,79,5422
1715,44.25391,-76.59019,80,5469
1715,44.25493,-76.58971,81,5588
1715,44.25524,-76.58958,82,5627
1715,44.25524,-76.58966,83,5633
1715,44.25532,-76.58966,84,5641
1715,44.25566,-76.58983,85,5676
1715,44.25619,-76.59054,86,5754
1715,44.25638,-76.59097,87,5791
1715,44.25653,-76.59175,88,5857
1715,44.25648,-76.59189,89,5873
1715,44.25627,-76.59496,90,6114
1715,44.25628,-76.59516,91,6130
1715,44.25674,-76.59495,92,6186
1715,44.2568,-76.59502,93,6197
1715,44.25801,-76.59513,94,6332
1715,44.25839,-76.59508,95,6378
1715,44.25854,-76.59516,96,6400
1715,44.25847,-76.59739,97,6587
1715,44.25839,-76.59739,98,6596
1715,44.25826,-76.60034,99,6839
1715,44.25818,-76.60033,100,6847
1715,44.25804,-76.60308,101,7072
1715,44.25799,-76.60307,102,7078
1715,44.25794,-76.60367,103,7125
1715,44.25678,-76.60352,104,7255
1715,44.25672,-76.60351,105,7261
1715,44.25644,-76.60358,106,7291
1715,44.25631,-76.60373,107,7309
1715,44.25622,-76.60389,108,7324
1715,44.25602,-76.60478,109,7402
1715,44.25562,-76.60591,110,7506
1715,44.25544,-76.60623,111,7538
1715,44.255,-76.60663,112,7594
1715,44.25441,-76.60658,113,7662
1715,44.25355,-76.60621,114,7762
1715,44.25349,-76.60616,115,7769
1715,44.25334,-76.60591,116,7793
1715,44.25326,-76.60564,117,7815
1715,44.25323,-76.60467,118,7895
1715,44.25329,-76.60446,119,7917
1715,44.25335,-76.60319,120,8017
1715,44.25334,-76.60308,121,8025
1715,44.25326,-76.60277,122,8048
1715,44.25314,-76.60253,123,8069
1715,44.25297,-76.60235,124,8089
1715,44.25281,-76.60232,125,8111
1715,44.25157,-76.60155,126,8265
1715,44.25074,-76.60443,127,8512
1715,44.25051,-76.60568,128,8610
1715,44.25038,-76.60833,129,8820
1715,44.25016,-76.61069,130,9010
1715,44.24975,-76.61079,131,9065
1715,44.24975,-76.61066,132,9075
1715,44.24961,-76.61064,133,9091
1715,44.24946,-76.61247,134,9237
1715,44.24936,-76.61376,135,9340
1715,44.24928,-76.61392,136,9355
1715,44.2492,-76.61399,137,9365
1715,44.24804,-76.61457,138,9507
1715,44.24794,-76.61453,139,9521
1715,44.24657,-76.61536,140,9686
1715,44.24639,-76.61557,141,9716
1715,44.24637,-76.61549,142,9722
1715,44.24518,-76.61625,143,9867
1715,44.24421,-76.61704,144,9991
1715,44.24398,-76.61657,145,10037
1715,44.24403,-76.61649,146,10046
1715,44.24425,-76.61559,147,10120
1715,44.2443,-76.61551,148,10127
1715,44.24438,-76.61545,149,10135
1715,44.24445,-76.61543,150,10142
1715,44.24512,-76.61548,151,10216
1715,44.24524,-76.61544,152,10228
1715,44.24531,-76.61538,153,10236
1715,44.24537,-76.61524,154,10248
1715,44.24546,-76.61384,155,10364
1715,44.24572,-76.61157,156,10551
1715,44.24574,-76.61145,157,10560
1715,44.24583,-76.61127,158,10577
1715,44.2459,-76.6112,159,10586
1715,44.24603,-76.61113,160,10600
1715,44.24663,-76.6111,161,10672
1715,44.24695,-76.61119,162,10712
1715,44.24697,-76.60934,163,10864
1715,44.24702,-76.6092,164,10880
1715,44.24707,-76.60779,165,10991
1715,44.24708,-76.60772,166,10997
1715,44.24713,-76.60757,167,11009
1715,44.24736,-76.60725,168,11043
1715,44.24745,-76.60706,169,11061
1715,44.24749,-76.60684,170,11079
1715,44.2475,-76.60605,171,11140
1715,44.2473,-76.60542,172,11191
1715,44.24727,-76.60481,173,11244
1715,44.24733,-76.60466,174,11260
1715,44.24735,-76.6036,175,11343
1715,44.24738,-76.60352,176,11349
1715,44.24745,-76.60348,177,11356
1715,44.24752,-76.60351,178,11362
1715,44.24841,-76.60355,179,11460
1715,44.24838,-76.6029,180,11516
1715,44.24843,-76.60273,181,11534
1715,44.24848,-76.60112,182,11663
1715,44.24847,-76.59985,183,11768
1715,44.2486,-76.59851,184,11880
1715,44.24863,-76.59703,185,12001
1715,44.24873,-76.59535,186,12140
1715,44.2487,-76.59513,187,12157
1715,44.24865,-76.59496,188,12170
1715,44.24843,-76.59461,189,12205
1715,44.24836,-76.59454,190,12214
1715,44.2481,-76.5944,191,12244
1715,44.24717,-76.59415,192,12354
1715,44.24685,-76.59397,193,12396
1715,44.24575,-76.59389,194,12516
1715,44.24551,-76.59384,195,12542
1715,44.24529,-76.59369,196,12566
1715,44.24519,-76.59357,197,12580
1715,44.24505,-76.59329,198,12605
1715,44.24493,-76.5926,199,12663
1715,44.24498,-76.59252,200,12673
1715,44.24499,-76.5907,201,12823
1715,44.24504,-76.5907,202,12829
1715,44.24511,-76.58841,203,13010
1715,44.24511,-76.58823,204,13024
1715,44.24508,-76.58802,205,13041
1715,44.2443,-76.5863,206,13199
1715,44.24401,-76.5859,207,13242
1715,44.24363,-76.58563,208,13295
1715,44.24365,-76.58556,209,13301
1715,44.24273,-76.58466,210,13425
1715,44.24265,-76.5846,211,13435
1715,44.2425,-76.58455,212,13451
1715,44.24234,-76.58458,213,13467
1715,44.24126,-76.58528,214,13600
1715,44.24102,-76.58479,215,13651
1715,44.24108,-76.58476,216,13657
1715,44.24055,-76.58317,217,13796
1715,44.2405,-76.58285,218,13820
1715,44.24065,-76.58113,219,13956
1715,44.24072,-76.57976,220,14070
1715,44.24077,-76.57979,221,14076
1715,44.24093,-76.57835,222,14191
1715,44.24125,-76.5765,223,14351
1715,44.24134,-76.57654,224,14361
1715,44.24157,-76.5751,225,14478
1715,44.24159,-76.57217,226,14722
1715,44.24167,-76.57216,227,14731
1715,44.24173,-76.56815,228,15058
1715,44.2418,-76.56816,229,15066
1715,44.24181,-76.56776,230,15098
1715,44.24067,-76.56772,231,15224
1715,44.23832,-76.56776,232,15499
1719,44.25773,-76.53782,0,0
1719,44.25776,-76.53775,1,6
1719,44.25825,-76.53803,2,64
1719,44.25875,-76.53816,3,120
1719,44.25905,-76.53594,4,299
1719,44.25923,-76.53266,5,561
1719,44.25924,-76.53133,6,667
1719,44.2591,-76.52991,7,781
1719,44.25898,-76.52846,8,897
1719,44.25887,-76.52679,9,1030
1719,44.25878,-76.5262,10,1088
1719,44.25888,-76.52621,11,1100
1719,44.25895,-76.52248,12,1397
1719,44.25736,-76.52221,13,1574
1719,44.25736,-76.52213,14,1580
1719,44.25561,-76.52211,15,1779
1719,44.25561,-76.52202,16,1786
1719,44.25552,-76.52201,17,1795
1719,44.25545,-76.52426,18,1974
1719,44.25541,-76.52436,19,1980
1719,44.25536,-76.52442,20,1986
1719,44.25362,-76.52434,21,2178
1719,44.25274,-76.52427,22,2276
1719,44.25271,-76.52341,23,2349
1719,44.25277,-76.5231,24,2379
1719,44.25285,-76.52079,25,2563
1719,44.25286,-76.51996,26,2633
1719,44.25296,-76.5196,27,2667
1719,44.25094,-76.51916,28,2893
1719,44.25018,-76.51917,29,2982
1719,44.25019,-76.51909,30,2988
1719,44.24753,-76.51893,31,3282
1719,44.2467,-76.51897,32,3380
1719,44.2467,-76.51888,33,3386
1719,44.24555,-76.51881,34,3514
1719,44.24493,-76.51879,35,3582
1719,44.24436,-76.51927,36,3655
1719,44.24265,-76.51953,37,3856
1719,44.24265,-76.51933,38,3872
1719,44.24041,-76.51921,39,4121
1719,44.24051,-76.51792,40,4224
1719,44.24059,-76.51701,41,4297
1719,44.24173,-76.51696,42,4423
1719,44.24207,-76.51693,43,4466
1719,44.24206,-76.51702,44,4472
1719,44.24231,-76.51704,45,4499
1719,44.24231,-76.5167,46,4526
1719,44.24176,-76.5167,47,4587
1719,44.24173,-76.51696,48,4608
1719,44.24059,-76.51701,49,4734
1719,44.24041,-76.51921,50,4910
1719,44.24029,-76.52064,51,5024
1719,44.24018,-76.52331,52,5250
1719,44.24006,-76.5233,53,5263
1719,44.2399,-76.5251,54,5408
1719,44.23993,-76.52598,55,5489
1719,44.23981,-76.52595,56,5502
1719,44.23949,-76.52897,57,5745
1719,44.23913,-76.53313,58,6090
1719,44.23904,-76.53311,59,6101
1719,44.23871,-76.53602,60,6336
1719,44.23877,-76.53689,61,6418
1719,44.23864,-76.53687,62,6432
1719,44.23818,-76.54218,63,6859
1719,44.23884,-76.54208,64,6938
1719,44.23884,-76.54216,65,6944
1719,44.24122,-76.54215,66,7208
1719,44.2413,-76.54217,67,7216
1719,44.2414,-76.54228,68,7228
1719,44.24154,-76.54274,69,7267
1719,44.2416,-76.54283,70,7276
1719,44.24165,-76.54288,71,7283
1719,44.24192,-76.54297,72,7319
1719,44.2419,-76.54304,73,7325
1719,44.24209,-76.54317,74,7348
1719,44.24172,-76.54454,75,7468
1719,44.24169,-76.54471,76,7484
1719,44.24162,-76.54769,77,7726
1719,44.24158,-76.54785,78,7742
1719,44.24152,-76.54956,79,7877
1719,44.24151,-76.55133,80,8023
1719,44.24146,-76.55137,81,8030
1719,44.24147,-76.55159,82,8047
1719,44.24159,-76.55202,83,8083
1719,44.24226,-76.553,84,8189
1719,44.24237,-76.55321,85,8210
1719,44.24251,-76.55369,86,8253
1719,44.24247,-76.55386,87,8266
1719,44.24334,-76.55404,88,8363
1719,44.24334,-76.55431,89,8384
1719,44.24338,-76.55456,90,8404
1719,44.24351,-76.55485,91,8430
1719,44.24375,-76.55501,92,8466
1719,44.2437,-76.55509,93,8474
1719,44.24376,-76.55517,94,8483
1719,44.24274,-76.55697,95,8666
1719,44.24199,-76.55856,96,8817
1719,44.24177,-76.55908,97,8864
1719,44.24164,-76.55927,98,8884
1719,44.24146,-76.55944,99,8907
1719,44.24102,-76.55967,100,8960
1719,44.24102,-76.55957,101,8968
1719,44.23931,-76.55956,102,9162
1719,44.23702,-76.55936,103,9422
1719,44.23705,-76.56261,104,9681
1719,44.2372,-76.56387,105,9797
1719,44.23706,-76.56387,106,9813
1719,44.23719,-76.56746,107,10098
1719,44.2378,-76.56737,108,10177
1719,44.23779,-76.56753,109,10190
1719,44.24067,-76.56772,110,10510
1719,44.24164,-76.56761,111,10628
1719,44.24164,-76.56775,112,10639
1719,44.24471,-76.56791,113,10979
1719,44.24473,-76.56754,114,11011
1719,44.2443,-76.56572,115,11163
1719,44.24492,-76.5653,116,11245
1719,44.24493,-76.56541,117,11253
1719,44.24594,-76.5649,118,11373
1719,44.24611,-76.56494,119,11391
1719,44.24626,-76.56504,120,11409
1719,44.24644,-76.56486,121,11434
1719,44.24666,-76.56479,122,11458
1719,44.24673,-76.56479,123,11465
1719,44.24683,-76.56484,124,11475
1719,44.24775,-76.5657,125,11597
1719,44.24785,-76.56577,126,11608
1719,44.24828,-76.56581,127,11654
1719,44.24832,-76.56658,128,11721
1719,44.24826,-76.56658,129,11727
1719,44.24822,-76.56817,130,11854
1719,44.24926,-76.56825,131,11969
1719,44.25066,-76.56834,132,12124
1719,44.25126,-76.56821,133,12204
1719,44.25126,-76.56838,134,12217
1719,44.25505,-76.5686,135,12638
1719,44.25505,-76.56892,136,12664
1719,44.2551,-76.56908,137,12678
1719,44.2552,-76.56927,138,12695
1719,44.25512,-76.56932,139,12704
1719,44.25504,-76.5694,140,12713
1719,44.255,-76.56948,141,12720
1719,44.25496,-76.56966,142,12733
1719,44.25492,-76.57093,143,12834
1719,44.25488,-76.57224,144,12938
1719,44.25499,-76.57261,145,12979
1721,44.2378,-76.56737,0,0
1721,44.23779,-76.56753,1,13
1721,44.24067,-76.56772,2,333
1721,44.24164,-76.56761,3,451
1721,44.24164,-76.56775,4,462
1721,44.24471,-76.56791,5,802
1721,44.24662,-76.56805,6,1013
1721,44.24668,-76.56929,7,1120
1721,44.2466,-76.56928,8,1129
1721,44.24661,-76.57072,9,1241
1721,44.2468,-76.57211,10,1351
1721,44.247,-76.57335,11,1452
1721,44.24719,-76.57412,12,1523
1721,44.24713,-76.57414,13,1530
1721,44.24729,-76.5757,14,1653
1721,44.24736,-76.57702,15,1756
1721,44.24746,-76.57743,16,1788
1721,44.24763,-76.57779,17,1820
1721,44.24791,-76.57802,18,1859
1721,44.24791,-76.5781,19,1866
1721,44.2483,-76.57838,20,1915
1721,44.24804,-76.57963,21,2017
1721,44.24808,-76.58078,22,2120
1721,44.24798,-76.5808,23,2131
1721,44.24814,-76.58211,24,2232
1721,44.24921,-76.58535,25,2523
1721,44.24913,-76.5854,26,2532
1721,44.24956,-76.5868,27,2653
1721,44.24998,-76.58814,28,2769
1721,44.25039,-76.58969,29,2900
1721,44.25076,-76.58933,30,2962
1721,44.2508,-76.5895,31,2976
1721,44.25264,-76.5885,32,3202
1721,44.25266,-76.5886,33,3210
1721,44.25365,-76.58813,34,3325
1721,44.2546,-76.58749,35,3437
1721,44.2554,-76.58655,36,3549
1721,44.2555,-76.58622,37,3585
1721,44.25557,-76.58632,38,3596
1721,44.25651,-76.58503,39,3742
1721,44.25716,-76.58444,40,3822
1721,44.25887,-76.58399,41,4011
1721,44.25972,-76.58367,42,4108
1721,44.25925,-76.58129,43,4317
1721,44.25935,-76.58124,44,4328
1721,44.25889,-76.57832,45,4567
1721,44.2586,-76.57696,46,4691
1721,44.25874,-76.57694,47,4706
1721,44.25858,-76.57404,48,4936
1721,44.25738,-76.574,49,5068
1721,44.25709,-76.57422,50,5110
1721,44.25707,-76.57413,51,5117
1721,44.25671,-76.57431,52,5159
1721,44.25564,-76.57428,53,5274
1721,44.25506,-76.57424,54,5338
1721,44.25495,-76.57417,55,5349
1721,44.25485,-76.57399,56,5364
1721,44.25483,-76.57389,57,5372
1721,44.25485,-76.57314,58,5431
1721,44.25514,-76.57316,59,5463
1721,44.25508,-76.57271,60,5507
1724,44.2378,-76.56737,0,0
1724,44.23779,-76.56753,1,13
1724,44.24067,-76.56772,2,333
1724,44.24164,-76.56761,3,451
1724,44.24164,-76.56775,4,462
1724,44.24471,-76.56791,5,802
1724,44.24662,-76.56805,6,1013
1724,44.24668,-76.56929,7,1120
1724,44.2466,-76.56928,8,1129
1724,44.24661,-76.57072,9,1241
1724,44.2468,-76.57211,10,1351
1724,44.247,-76.57335,11,1452
1724,44.24719,-76.57412,12,1523
1724,44.24713,-76.57414,13,1530
1724,44.24729,-76.5757,14,1653
1724,44.24736,-76.57702,15,1756
1724,44.24746,-76.57743,16,1788
1724,44.24763,-76.57779,17,1820
1724,44.24791,-76.57802,18,1859
1724,44.24791,-76.5781,19,1866
1724,44.2483,-76.57838,20,1915
1724,44.24804,-76.57963,21,2017
1724,44.24808,-76.58078,22,2120
1724,44.24798,-76.5808,23,2131
1724,44.24814,-76.58211,24,2232
1724,44.24921,-76.58535,25,2523
1724,44.24913,-76.5854,26,2532
1724,44.24956,-76.5868,27,2653
1724,44.24998,-76.58814,28,2769
1724,44.25039,-76.58969,29,2900
1724,44.25076,-76.58933,30,2962
1724,44.2508,-76.5895,31,2976
1724,44.25264,-76.5885,32,3202
1724,44.25266,-76.5886,33,3210
1724,44.25365,-76.58813,34,3325
1724,44.2546,-76.58749,35,3437
1724,44.2554,-76.58655,36,3549
1724,44.2555,-76.58622,37,3585
1724,44.25557,-76.58632,38,3596
1724,44.25651,-76.58503,39,3742
1724,44.25716,-76.58444,40,3822
1724,44.25887,-76.58399,41,4011
1724,44.25972,-76.58367,42,4108
1724,44.25925,-76.58129,43,4317
1724,44.25935,-76.58124,44,4328
1724,44.25889,-76.57832,45,4567
1724,44.2586,-76.57696,46,4691
1724,44.25874,-76.57694,47,4706
1724,44.25858,-76.57404,48,4936
1724,44.25738,-76.574,49,5068
1724,44.25709,-76.57422,50,5110
1724,44.25707,-76.57413,51,5117
1724,44.25671,-76.57431,52,5159
1724,44.25564,-76.57428,53,5274
1724,44.25506,-76.57424,54,5338
1724,44.25495,-76.57417,55,5349
1724,44.25485,-76.57399,56,5364
1724,44.25483,-76.57389,57,5372
1724,44.25485,-76.57314,58,5431
1724,44.25514,-76.57316,59,5463
1724,44.2552,-76.57189,60,5564
1724,44.25489,-76.57188,61,5597
1724,44.25497,-76.57308,62,5705
1725,44.26258,-76.49711,0,0
1725,44.26243,-76.49702,1,22
1725,44.26241,-76.49695,2,28
1725,44.26229,-76.49675,3,46
1725,44.26221,-76.49669,4,54
1725,44.26147,-76.49655,5,137
1725,44.26171,-76.49335,6,394
1725,44.26165,-76.49313,7,417
1725,44.26172,-76.49315,8,425
1725,44.2619,-76.49066,9,625
1725,44.26186,-76.49003,10,683
1725,44.26194,-76.49004,11,692
1725,44.2621,-76.48795,12,859
1725,44.26215,-76.48663,13,971
1725,44.26221,-76.48664,14,978
1725,44.26233,-76.48503,15,1106
1725,44.26245,-76.48358,16,1222
1725,44.26252,-76.48185,17,1367
1725,44.26258,-76.48186,18,1374
1725,44.26273,-76.48012,19,1513
1725,44.26272,-76.47991,20,1529
1725,44.26263,-76.47966,21,1551
1725,44.26194,-76.48049,22,1651
1725,44.26137,-76.48098,23,1723
1725,44.25966,-76.48179,24,1921
1725,44.25944,-76.48201,25,1958
1725,44.25941,-76.4819,26,1967
1725,44.25724,-76.4829,27,2220
1725,44.2572,-76.48252,28,2255
1725,44.25726,-76.48253,29,2262
1725,44.25744,-76.4793,30,2520
1725,44.25779,-76.47697,31,2709
1725,44.2589,-76.47101,32,3200
1725,44.25917,-76.46744,33,3485
1725,44.25916,-76.46536,34,3651
1725,44.25889,-76.4628,35,3857
1725,44.25891,-76.46205,36,3920
1725,44.25912,-76.46034,37,4062
1725,44.26018,-76.46012,38,4181
1725,44.26121,-76.45963,39,4301
1725,44.26217,-76.45891,40,4421
1725,44.26387,-76.45704,41,4661
1725,44.2663,-76.4543,42,5008
1725,44.26777,-76.45262,43,5219
1725,44.26878,-76.45127,44,5385
1725,44.26885,-76.45139,45,5397
1725,44.27003,-76.45007,46,5564
1725,44.27106,-76.44891,47,5711
1725,44.27269,-76.44708,48,5943
1725,44.2721,-76.44603,49,6049
1725,44.27169,-76.44541,50,6118
1725,44.27176,-76.44537,51,6125
1725,44.27172,-76.44525,52,6134
1725,44.27166,-76.44477,53,6170
1725,44.27206,-76.43939,54,6608
1725,44.27214,-76.43941,55,6617
1725,44.27217,-76.43918,56,6635
1725,44.2729,-76.43928,57,6714
1725,44.27328,-76.43915,58,6754
1725,44.27397,-76.4385,59,6843
1725,44.27418,-76.43839,60,6867
1725,44.27472,-76.43827,61,6927
1725,44.27488,-76.43829,62,6944
1725,44.27489,-76.43906,63,7013
1725,44.27481,-76.43905,64,7021
1725,44.27467,-76.44144,65,7220
1725,44.27459,-76.44142,66,7228
1725,44.27454,-76.44256,67,7316
1725,44.27363,-76.44281,68,7417
1725,44.2729,-76.44349,69,7511
1725,44.27254,-76.44363,70,7551
1725,44.27176,-76.44352,71,7637
1725,44.27166,-76.44477,72,7736
1725,44.27172,-76.44525,73,7772
1725,44.27186,-76.44563,74,7804
1725,44.2722,-76.44609,75,7860
1727,44.26258,-76.49711,0,0
1727,44.26243,-76.49702,1,22
1727,44.26241,-76.49695,2,28
1727,44.26229,-76.49675,3,46
1727,44.26221,-76.49669,4,54
1727,44.26147,-76.49655,5,137
1727,44.26171,-76.49335,6,394
1727,44.26165,-76.49313,7,417
1727,44.26172,-76.49315,8,425
1727,44.2619,-76.49066,9,625
1727,44.26186,-76.49003,10,683
1727,44.26194,-76.49004,11,692
1727,44.2621,-76.48795,12,859
1727,44.26215,-76.48663,13,971
1727,44.26221,-76.48664,14,978
1727,44.26222,-76.48651,15,988
1727,44.26388,-76.48668,16,1179
1727,44.26388,-76.48676,17,1185
1727,44.26401,-76.48678,18,1200
1727,44.2642,-76.48428,19,1400
1727,44.26426,-76.48413,20,1413
1727,44.26434,-76.48401,21,1426
1727,44.26465,-76.48384,22,1462
1727,44.26473,-76.48374,23,1474
1727,44.26479,-76.48354,24,1491
1727,44.26479,-76.48299,25,1539
1727,44.26488,-76.48264,26,1572
1727,44.26499,-76.48097,27,1706
1727,44.26517,-76.47841,28,1910
1727,44.26424,-76.4785,29,2012
1727,44.26391,-76.47869,30,2059
1727,44.26389,-76.47859,31,2067
1727,44.26329,-76.47896,32,2139
1727,44.2624,-76.47993,33,2263
1727,44.26166,-76.48075,34,2366
1727,44.25966,-76.48179,35,2600
1727,44.25944,-76.48201,36,2637
1727,44.25941,-76.4819,37,2646
1727,44.25724,-76.4829,38,2899
1727,44.2572,-76.48252,39,2934
1727,44.25726,-76.48253,40,2941
1727,44.25744,-76.4793,41,3199
1727,44.25779,-76.47697,42,3388
1727,44.2589,-76.47101,43,3879
1727,44.25917,-76.46744,44,4164
1727,44.25916,-76.46536,45,4330
1727,44.25889,-76.4628,46,4536
1727,44.25891,-76.46205,47,4599
1727,44.25912,-76.46034,48,4741
1727,44.26018,-76.46012,49,4860
1727,44.26121,-76.45963,50,4980
1727,44.26217,-76.45891,51,5100
1727,44.26387,-76.45704,52,5340
1727,44.2663,-76.4543,53,5687
1727,44.26777,-76.45262,54,5898
1727,44.26878,-76.45127,55,6064
1727,44.26885,-76.45139,56,6076
1727,44.27003,-76.45007,57,6243
1727,44.27106,-76.44891,58,6390
1727,44.27269,-76.44708,59,6622
1727,44.2721,-76.44603,60,6728
1727,44.27169,-76.44541,61,6797
1727,44.27176,-76.44537,62,6804
1727,44.27172,-76.44525,63,6813
1727,44.27166,-76.44477,64,6849
1727,44.27206,-76.43939,65,7287
1727,44.27214,-76.43941,66,7296
1727,44.27217,-76.43918,67,7314
1727,44.2729,-76.43928,68,7393
1727,44.27328,-76.43915,69,7433
1727,44.27397,-76.4385,70,7522
1727,44.27418,-76.43839,71,7546
1727,44.27472,-76.43827,72,7606
1727,44.27488,-76.43829,73,7623
1727,44.27489,-76.43906,74,7692
1727,44.27481,-76.43905,75,7700
1727,44.27467,-76.44144,76,7899
1727,44.27459,-76.44142,77,7907
1727,44.27454,-76.44256,78,7995
1727,44.27363,-76.44281,79,8096
1727,44.2729,-76.44349,80,8190
1727,44.27254,-76.44363,81,8230
1727,44.27176,-76.44352,82,8316
1727,44.27166,-76.44477,83,8415
1727,44.27172,-76.44525,84,8451
1727,44.27186,-76.44563,85,8483
1727,44.2722,-76.44609,86,8539
1728,44.25773,-76.53782,0,0
1728,44.25776,-76.53775,1,6
1728,44.25825,-76.53803,2,64
1728,44.25875,-76.53816,3,120
1728,44.25905,-76.53594,4,299
1728,44.25923,-76.53266,5,561
1728,44.25924,-76.53133,6,667
1728,44.2591,-76.52991,7,781
1728,44.25898,-76.52846,8,897
1728,44.25887,-76.52679,9,1030
1728,44.25878,-76.5262,10,1088
1728,44.25888,-76.52621,11,1100
1728,44.25895,-76.52248,12,1397
1728,44.25736,-76.52221,13,1574
1728,44.25736,-76.52213,14,1580
1728,44.25561,-76.52211,15,1779
1728,44.25561,-76.52202,16,1786
1728,44.25552,-76.52201,17,1795
1728,44.25545,-76.52426,18,1974
1728,44.25541,-76.52436,19,1980
1728,44.25536,-76.52442,20,1986
1728,44.25362,-76.52434,21,2178
1728,44.25274,-76.52427,22,2276
1728,44.25271,-76.52341,23,2349
1728,44.25277,-76.5231,24,2379
1728,44.25285,-76.52079,25,2563
1728,44.25286,-76.51996,26,2633
1728,44.25296,-76.5196,27,2667
1728,44.25094,-76.51916,28,2893
1728,44.25018,-76.51917,29,2982
1728,44.25019,-76.51909,30,2988
1728,44.24753,-76.51893,31,3282
1728,44.2467,-76.51897,32,3380
1728,44.2467,-76.51888,33,3386
1728,44.24555,-76.51881,34,3514
1728,44.24493,-76.51879,35,3582
1728,44.24436,-76.51927,36,3655
1728,44.24265,-76.51953,37,3856
1728,44.24265,-76.51933,38,3872
1728,44.24041,-76.51921,39,4121
1728,44.24051,-76.51792,40,4224
1728,44.24059,-76.51701,41,4297
1728,44.24173,-76.51696,42,4423
1728,44.24207,-76.51693,43,4466
1728,44.24206,-76.51702,44,4472
1728,44.24231,-76.51704,45,4499
1728,44.24231,-76.5167,46,4526
1728,44.24176,-76.5167,47,4587
1728,44.24173,-76.51696,48,4608
1728,44.24059,-76.51701,49,4734
1728,44.24041,-76.51921,50,4910
1728,44.24029,-76.52064,51,5024
1728,44.24018,-76.52331,52,5250
1728,44.24006,-76.5233,53,5263
1728,44.2399,-76.5251,54,5408
1728,44.23993,-76.52598,55,5489
1728,44.23981,-76.52595,56,5502
1728,44.23949,-76.52897,57,5745
1728,44.23913,-76.53313,58,6090
1728,44.23904,-76.53311,59,6101
1728,44.23871,-76.53602,60,6336
1728,44.23877,-76.53689,61,6418
1728,44.23864,-76.53687,62,6432
1728,44.23818,-76.54218,63,6859
1728,44.23884,-76.54208,64,6938
1728,44.23884,-76.54216,65,6944
1728,44.24122,-76.54215,66,7208
1728,44.2413,-76.54217,67,7216
1728,44.2414,-76.54228,68,7228
1728,44.24154,-76.54274,69,7267
1728,44.2416,-76.54283,70,7276
1728,44.24165,-76.54288,71,7283
1728,44.24192,-76.54297,72,7319
1728,44.2419,-76.54304,73,7325
1728,44.24209,-76.54317,74,7348
1728,44.24172,-76.54454,75,7468
1728,44.24169,-76.54471,76,7484
1728,44.24162,-76.54769,77,7726
1728,44.24158,-76.54785,78,7742
1728,44.24152,-76.54956,79,7877
1728,44.24151,-76.55133,80,8023
1728,44.24146,-76.55137,81,8030
1728,44.24147,-76.55159,82,8047
1728,44.24159,-76.55202,83,8083
1728,44.24226,-76.553,84,8189
1728,44.24237,-76.55321,85,8210
1728,44.24251,-76.55369,86,8253
1728,44.24247,-76.55386,87,8266
1728,44.24334,-76.55404,88,8363
1728,44.24334,-76.55431,89,8384
1728,44.24338,-76.55456,90,8404
1728,44.24351,-76.55485,91,8430
1728,44.24375,-76.55501,92,8466
1728,44.2437,-76.55509,93,8474
1728,44.24376,-76.55517,94,8483
1728,44.24274,-76.55697,95,8666
1728,44.24199,-76.55856,96,8817
1728,44.24177,-76.55908,97,8864
1728,44.24164,-76.55927,98,8884
1728,44.24146,-76.55944,99,8907
1728,44.24102,-76.55967,100,8960
1728,44.24102,-76.55957,101,8968
1728,44.23931,-76.55956,102,9162
1728,44.23702,-76.55936,103,9422
1728,44.23705,-76.56261,104,9681
1728,44.2372,-76.56387,105,9797
1728,44.23706,-76.56387,106,9813
1728,44.23719,-76.56746,107,10098
1728,44.2378,-76.56737,108,10177
1728,44.23779,-76.56753,109,10190
1728,44.24067,-76.56772,110,10510
1728,44.24164,-76.56761,111,10628
1728,44.24164,-76.56775,112,10639
1728,44.24471,-76.56791,113,10979
1728,44.24473,-76.56754,114,11011
1728,44.2443,-76.56572,115,11163
1728,44.24492,-76.5653,116,11245
1728,44.24493,-76.56541,117,11253
1728,44.24594,-76.5649,118,11373
1728,44.24611,-76.56494,119,11391
1728,44.24626,-76.56504,120,11409
1728,44.24644,-76.56486,121,11434
1728,44.24666,-76.56479,122,11458
1728,44.24673,-76.56479,123,11465
1728,44.24683,-76.56484,124,11475
1728,44.24775,-76.5657,125,11597
1728,44.24785,-76.56577,126,11608
1728,44.24828,-76.56581,127,11654
1728,44.24832,-76.56658,128,11721
1728,44.24826,-76.56658,129,11727
1728,44.24822,-76.56817,130,11854
1728,44.24926,-76.56825,131,11969
1728,44.25066,-76.56834,132,12124
1728,44.25126,-76.56821,133,12204
1728,44.25497,-76.57308,134,12770
1730,44.21891,-76.56943,0,0
1730,44.21892,-76.56929,1,11
1730,44.2184,-76.56924,2,68
1730,44.21842,-76.57048,3,178
1730,44.21832,-76.57047,4,189
1730,44.2183,-76.57232,5,345
1730,44.21821,-76.57232,6,355
1730,44.21811,-76.57402,7,490
1730,44.21927,-76.57406,8,624
1730,44.2193,-76.57413,9,631
1730,44.2199,-76.5741,10,696
1730,44.21985,-76.57521,11,784
1730,44.22,-76.57673,12,906
1730,44.22007,-76.57697,13,926
1730,44.22026,-76.57727,14,954
1730,44.22042,-76.5774,15,972
1730,44.2207,-76.57741,16,1006
1730,44.2208,-76.57749,17,1023
1730,44.22245,-76.57758,18,1211
1730,44.22256,-76.57766,19,1229
1730,44.22263,-76.57768,20,1236
1730,44.22346,-76.5783,21,1343
1730,44.22419,-76.57901,22,1445
1730,44.22447,-76.57915,23,1476
1730,44.22591,-76.57922,24,1641
1730,44.226,-76.5793,25,1655
1730,44.22767,-76.57947,26,1840
1730,44.22796,-76.57942,27,1877
1730,44.22814,-76.57951,28,1902
1730,44.22992,-76.57967,29,2100
1730,44.23156,-76.57983,30,2282
1730,44.23164,-76.57978,31,2290
1730,44.23167,-76.57969,32,2296
1730,44.23165,-76.57918,33,2341
1730,44.23173,-76.57859,34,2393
1730,44.23321,-76.57874,35,2557
1730,44.23345,-76.57859,36,2590
1730,44.23354,-76.57863,37,2604
1730,44.23432,-76.58258,38,2931
1730,44.23437,-76.58284,39,2952
1730,44.23441,-76.58371,40,3029
1730,44.23435,-76.58375,41,3036
1730,44.23456,-76.58519,42,3153
1730,44.2348,-76.58674,43,3279
1730,44.23481,-76.58699,44,3299
1730,44.23475,-76.58743,45,3332
1730,44.23467,-76.58769,46,3352
1730,44.23442,-76.58812,47,3392
1730,44.23429,-76.58826,48,3408
1730,44.23403,-76.58843,49,3437
1730,44.2332,-76.58871,50,3531
1730,44.23197,-76.5886,51,3667
1730,44.23182,-76.58867,52,3689
1730,44.23182,-76.58859,53,3695
1730,44.23063,-76.58848,54,3827
1730,44.22979,-76.58866,55,3927
1730,44.22978,-76.58857,56,3934
1730,44.229,-76.58876,57,4020
1730,44.22925,-76.59056,58,4165
1730,44.22937,-76.5911,59,4207
1730,44.2298,-76.59202,60,4288
1730,44.23036,-76.59263,61,4361
1730,44.23095,-76.59294,62,4426
1730,44.23242,-76.59314,63,4588
1730,44.23241,-76.59437,64,4691
1730,44.23235,-76.59436,65,4697
1730,44.23227,-76.59583,66,4814
1730,44.23225,-76.59642,67,4860
1730,44.23232,-76.59686,68,4895
1730,44.23244,-76.59719,69,4923
1730,44.23311,-76.59808,70,5030
1730,44.23307,-76.59815,71,5036
1730,44.23333,-76.59834,72,5067
1730,44.23495,-76.59855,73,5245
1730,44.23512,-76.5985,74,5269
1730,44.23557,-76.59861,75,5323
1730,44.2359,-76.59851,76,5359
1730,44.23613,-76.59834,77,5387
1730,44.23643,-76.59788,78,5433
1730,44.23662,-76.59737,79,5477
1730,44.23697,-76.59747,80,5521
1730,44.23726,-76.59769,81,5562
1730,44.23788,-76.59776,82,5634
1730,44.23816,-76.59783,83,5670
1730,44.23814,-76.59586,84,5827
1730,44.23813,-76.59569,85,5840
1730,44.23809,-76.59548,86,5856
1730,44.23771,-76.59467,87,5930
1730,44.23761,-76.59421,88,5965
1730,44.23752,-76.59283,89,6074
1730,44.23726,-76.59225,90,6137
1730,44.23735,-76.59219,91,6148
1730,44.2371,-76.59138,92,6218
1730,44.23709,-76.59115,93,6236
1730,44.23712,-76.59095,94,6252
1730,44.23722,-76.59072,95,6272
1730,44.23732,-76.5906,96,6286
1730,44.23737,-76.59056,97,6292
1730,44.23803,-76.59026,98,6369
1730,44.23777,-76.58892,99,6479
1730,44.23746,-76.58695,100,6639
1730,44.23724,-76.58496,101,6799
1730,44.23724,-76.5832,102,6939
1730,44.23715,-76.58266,103,6995
1730,44.23727,-76.58266,104,7009
1730,44.23757,-76.5799,105,7230
1730,44.23773,-76.57863,106,7332
1730,44.23759,-76.57724,107,7455
1730,44.23772,-76.57723,108,7470
1730,44.23758,-76.57459,109,7681
1730,44.23738,-76.57337,110,7794
1730,44.23751,-76.57335,111,7808
1730,44.23739,-76.57112,112,7987
1730,44.2372,-76.57033,113,8067
1730,44.23735,-76.57032,114,8083
1730,44.23719,-76.56746,115,8312
1730,44.2378,-76.56737,116,8391
1730,44.23779,-76.56753,117,8404
1730,44.24067,-76.56772,118,8724
1730,44.24181,-76.56776,119,8850
1730,44.24183,-76.56843,120,8907
1730,44.24168,-76.57206,121,9200
1730,44.24171,-76.5726,122,9249
1730,44.24166,-76.5726,123,9255
1730,44.24157,-76.5751,124,9455
1730,44.24133,-76.57661,125,9577
1730,44.24126,-76.57713,126,9624
1730,44.24121,-76.5771,127,9630
1730,44.24093,-76.57835,128,9734
1730,44.24084,-76.57968,129,9845
1730,44.24075,-76.57997,130,9874
1730,44.24054,-76.58229,131,10060
1730,44.2405,-76.58285,132,10103
1730,44.24055,-76.58317,133,10127
1730,44.24113,-76.58474,134,10272
1730,44.24126,-76.58528,135,10321
1730,44.24234,-76.58458,136,10454
1730,44.24245,-76.58455,137,10465
1730,44.24265,-76.5846,138,10486
1730,44.24373,-76.58556,139,10632
1730,44.2443,-76.5863,140,10719
1730,44.24482,-76.58742,141,10825
1730,44.24508,-76.58802,142,10877
1730,44.24511,-76.58823,143,10894
1730,44.24508,-76.58954,144,10997
1730,44.24512,-76.59018,145,11054
1730,44.24506,-76.59018,146,11060
1730,44.24503,-76.59236,147,11236
1730,44.24498,-76.59252,148,11252
1730,44.24497,-76.59292,149,11283
1730,44.24505,-76.59329,150,11312
1730,44.24519,-76.59357,151,11337
1730,44.24529,-76.59369,152,11351
1730,44.24556,-76.59386,153,11381
1730,44.24667,-76.59394,154,11503
1730,44.24722,-76.59402,155,11568
1730,44.24721,-76.5941,156,11574
1730,44.2481,-76.5944,157,11676
1730,44.24836,-76.59454,158,11706
1730,44.24843,-76.59461,159,11715
1730,44.24865,-76.59496,160,11750
1730,44.2487,-76.59513,161,11763
1730,44.24873,-76.59535,162,11780
1730,44.24872,-76.59734,163,11943
1730,44.24866,-76.59747,164,11958
1730,44.24856,-76.59892,165,12073
1730,44.24859,-76.59968,166,12137
1730,44.24848,-76.60112,167,12257
1730,44.24849,-76.60266,168,12386
1730,44.24843,-76.60266,169,12392
1730,44.24841,-76.60355,170,12463
1730,44.24752,-76.60351,171,12561
1730,44.24745,-76.60348,172,12567
1730,44.24738,-76.60352,173,12574
1730,44.24735,-76.6036,174,12580
1730,44.24739,-76.60452,175,12658
1730,44.24733,-76.60452,176,12664
1730,44.2473,-76.60542,177,12734
1730,44.24735,-76.60562,178,12749
1730,44.24748,-76.60593,179,12776
1730,44.24751,-76.60623,180,12798
1730,44.24747,-76.60698,181,12858
1730,44.24745,-76.60706,182,12864
1730,44.24736,-76.60725,183,12882
1730,44.24713,-76.60757,184,12916
1730,44.24708,-76.60772,185,12928
1730,44.2471,-76.60852,186,12998
1730,44.24705,-76.60852,187,13004
1730,44.24697,-76.61045,188,13157
1730,44.24695,-76.61119,189,13216
1730,44.24653,-76.61123,190,13266
1730,44.24603,-76.61113,191,13327
1730,44.24586,-76.61123,192,13346
1730,44.24574,-76.61145,193,13367
1730,44.24556,-76.61331,194,13515
1730,44.24561,-76.61348,195,13535
1730,44.24554,-76.61347,196,13543
1730,44.24538,-76.61519,197,13681
1730,44.24531,-76.61538,198,13697
1730,44.24524,-76.61544,199,13705
1730,44.24512,-76.61548,200,13717
1730,44.24445,-76.61543,201,13791
1730,44.24438,-76.61545,202,13798
1730,44.24432,-76.61549,203,13804
1730,44.24425,-76.61559,204,13813
1730,44.24403,-76.61649,205,13887
1730,44.24403,-76.6166,206,13895
1730,44.24405,-76.6167,207,13901
1730,44.24418,-76.61685,208,13923
1730,44.24421,-76.61704,209,13943
1730,44.24518,-76.61625,210,14067
1730,44.24657,-76.61536,211,14237
1730,44.24675,-76.61517,212,14264
1730,44.24794,-76.61453,213,14411
1730,44.24814,-76.61437,214,14442
1730,44.24816,-76.61444,215,14448
1730,44.24906,-76.61406,216,14552
1730,44.24924,-76.61396,217,14574
1730,44.24931,-76.61387,218,14584
1730,44.24935,-76.61377,219,14593
1730,44.24946,-76.61247,220,14697
1730,44.24946,-76.61193,221,14744
1730,44.24953,-76.61085,222,14841
1730,44.24959,-76.61086,223,14848
1730,44.24961,-76.61064,224,14865
1730,44.25016,-76.61069,225,14926
1730,44.25038,-76.60833,226,15116
1730,44.25048,-76.60605,227,15298
1730,44.25065,-76.60478,228,15396
1730,44.25157,-76.60155,229,15671
1730,44.25275,-76.60212,230,15815
1730,44.25272,-76.60219,231,15821
1730,44.25302,-76.60239,232,15854
1730,44.25314,-76.60253,233,15869
1730,44.25326,-76.60277,234,15890
1730,44.25334,-76.60308,235,15913
1730,44.25336,-76.60434,236,16018
1730,44.25329,-76.60434,237,16025
1730,44.25326,-76.60564,238,16127
1730,44.25334,-76.60591,239,16149
1730,44.25349,-76.60616,240,16173
1730,44.25355,-76.60621,241,16180
1730,44.25441,-76.60658,242,16280
1730,44.25479,-76.60654,243,16327
1730,44.25479,-76.60662,244,16333
1730,44.25485,-76.60662,245,16339
1730,44.25526,-76.60641,246,16385
1730,44.25537,-76.60631,247,16398
1730,44.25554,-76.60608,248,16422
1730,44.25607,-76.60423,249,16587
1730,44.25617,-76.60404,250,16608
1730,44.25622,-76.60389,251,16621
1730,44.25631,-76.60373,252,16636
1730,44.25644,-76.60358,253,16654
1730,44.25672,-76.60351,254,16684
1730,44.25782,-76.60357,255,16812
1730,44.25782,-76.60365,256,16818
1730,44.25794,-76.60367,257,16832
1730,44.25812,-76.60031,258,17105
1730,44.25818,-76.60032,259,17111
1730,44.25837,-76.59763,260,17327
1730,44.25835,-76.59703,261,17379
1730,44.25841,-76.59705,262,17385
1730,44.25854,-76.59516,263,17536
1730,44.25738,-76.59508,264,17665
1730,44.25666,-76.59503,265,17744
1730,44.25628,-76.59516,266,17786
1730,44.25623,-76.59444,267,17849
1730,44.25628,-76.59444,268,17855
1730,44.25637,-76.59314,269,17958
1730,44.25642,-76.59142,270,18097
1730,44.25645,-76.5913,271,18111
1730,44.25636,-76.59091,272,18142
1730,44.25596,-76.59017,273,18212
1730,44.25572,-76.58988,274,18245
1730,44.25539,-76.58968,275,18280
1730,44.25532,-76.58966,276,18287
1730,44.25493,-76.58971,277,18329
1730,44.25457,-76.58996,278,18378
1730,44.25443,-76.58994,279,18396
1730,44.25378,-76.59027,280,18472
1730,44.25353,-76.5905,281,18504
1730,44.25337,-76.59073,282,18529
1730,44.2532,-76.59112,283,18564
1730,44.25312,-76.59142,284,18589
1730,44.25307,-76.59239,285,18672
1730,44.25301,-76.59238,286,18678
1730,44.25284,-76.59365,287,18781
1730,44.25284,-76.59405,288,18811
1730,44.25175,-76.59451,289,18944
1730,44.25173,-76.59444,290,18950
1730,44.25155,-76.5945,291,18970
1730,44.25097,-76.59255,292,19149
1730,44.25107,-76.59251,293,19161
1730,44.25039,-76.58969,294,19397
1730,44.25076,-76.58933,295,19459
1730,44.2508,-76.5895,296,19473
1730,44.25264,-76.5885,297,19699
1730,44.25266,-76.5886,298,19707
1730,44.25365,-76.58813,299,19822
1730,44.2546,-76.58749,300,19934
1730,44.2554,-76.58655,301,20046
1730,44.2555,-76.58622,302,20082
1730,44.25557,-76.58632,303,20093
1730,44.25651,-76.58503,304,20239
1730,44.25716,-76.58444,305,20319
1730,44.25887,-76.58399,306,20508
1730,44.26013,-76.58357,307,20651
1730,44.26026,-76.58338,308,20679
1730,44.2603,-76.58349,309,20689
1730,44.26051,-76.58335,310,20714
1730,44.26085,-76.58326,311,20749
1730,44.26133,-76.5834,312,20801
1730,44.26201,-76.58391,313,20885
1730,44.26221,-76.58398,314,20906
1730,44.26245,-76.58239,315,21045
1730,44.26251,-76.58236,316,21052
1730,44.26253,-76.58198,317,21082
1730,44.26248,-76.58163,318,21110
1730,44.26242,-76.58143,319,21127
1730,44.26186,-76.58024,320,21241
1730,44.26191,-76.58023,321,21247
1730,44.26178,-76.57908,322,21339
1730,44.26181,-76.57875,323,21364
1730,44.26184,-76.57862,324,21374
1730,44.26221,-76.57788,325,21450
1730,44.26225,-76.57794,326,21456
1730,44.26251,-76.57757,327,21495
1730,44.26284,-76.57735,328,21534
1730,44.26413,-76.57737,329,21676
1730,44.26493,-76.57731,330,21771
1730,44.26493,-76.57739,331,21777
1730,44.26535,-76.57747,332,21824
1730,44.26629,-76.57804,333,21935
1730,44.26696,-76.5783,334,22020
1730,44.26693,-76.57841,335,22029
1730,44.26704,-76.57847,336,22042
1730,44.26724,-76.5778,337,22099
1730,44.26723,-76.57657,338,22201
1730,44.2673,-76.57658,339,22207
1730,44.26732,-76.57417,340,22398
1730,44.26659,-76.57426,341,22489
1730,44.26659,-76.57415,342,22498
1730,44.26516,-76.5741,343,22657
1730,44.26333,-76.57423,344,22872
1730,44.26332,-76.57407,345,22884
1730,44.26236,-76.57406,346,22991
1730,44.26134,-76.57406,347,23104
1730,44.26038,-76.57417,348,23219
1730,44.26037,-76.57405,349,23227
1730,44.25858,-76.57404,350,23426
1730,44.25738,-76.574,351,23558
1730,44.25709,-76.57422,352,23600
1730,44.25707,-76.57413,353,23607
1730,44.25671,-76.57431,354,23649
1730,44.25564,-76.57428,355,23764
1730,44.25506,-76.57424,356,23828
1730,44.25495,-76.57417,357,23839
1730,44.25485,-76.57399,358,23854
1730,44.25483,-76.57389,359,23862
1730,44.25485,-76.57314,360,23921
1730,44.25514,-76.57316,361,23953
1730,44.2552,-76.57189,362,24054
1730,44.25489,-76.57188,363,24087
1730,44.25498,-76.57283,364,24175
1732,44.25497,-76.57308,0,0
1732,44.25485,-76.57308,1,13
1732,44.25483,-76.57389,2,77
1732,44.25485,-76.57399,3,85
1732,44.25495,-76.57417,4,100
1732,44.25506,-76.57424,5,111
1732,44.25637,-76.57432,6,255
1732,44.2566,-76.57433,7,280
1732,44.25677,-76.57429,8,297
1732,44.25722,-76.57395,9,360
1732,44.25724,-76.57406,10,368
1732,44.25738,-76.574,11,383
1732,44.25858,-76.57404,12,515
1732,44.25866,-76.57585,13,659
1732,44.25882,-76.57651,14,725
1732,44.25871,-76.57654,15,737
1732,44.25889,-76.57832,16,879
1732,44.25943,-76.581,17,1113
1732,44.25932,-76.58104,18,1125
1732,44.25972,-76.58367,19,1340
1732,44.25761,-76.58425,20,1578
1732,44.25716,-76.58444,21,1626
1732,44.25651,-76.58503,22,1706
1732,44.2554,-76.58655,23,1878
1732,44.25535,-76.58682,24,1907
1732,44.25528,-76.58672,25,1918
1732,44.25447,-76.5876,26,2028
1732,44.25278,-76.58854,27,2226
1732,44.25254,-76.58877,28,2264
1732,44.25252,-76.58867,29,2272
1732,44.25106,-76.58937,30,2443
1732,44.25039,-76.58969,31,2522
1732,44.25009,-76.58895,32,2597
1732,44.25019,-76.58891,33,2607
1732,44.24956,-76.5868,34,2788
1732,44.249,-76.5854,35,2926
1732,44.24911,-76.58533,36,2938
1732,44.24828,-76.58268,37,3169
1732,44.24801,-76.58133,38,3274
1732,44.24787,-76.58076,39,3330
1732,44.24798,-76.58075,40,3341
1732,44.24807,-76.57942,41,3447
1732,44.2483,-76.57838,42,3532
1732,44.24758,-76.57783,43,3624
1732,44.24763,-76.57778,44,3630
1732,44.24746,-76.57743,45,3660
1732,44.24736,-76.57702,46,3692
1732,44.24729,-76.5757,47,3795
1732,44.24712,-76.57452,48,3895
1732,44.24718,-76.57451,49,3901
1732,44.2468,-76.57211,50,4095
1732,44.24661,-76.57072,51,4205
1732,44.24654,-76.5684,52,4394
1732,44.24661,-76.5684,53,4401
1732,44.24662,-76.56805,54,4428
1732,44.24473,-76.56791,55,4637
1732,44.24433,-76.56808,56,4695
1732,44.24433,-76.56789,57,4710
1732,44.242,-76.56793,58,4980
1732,44.24201,-76.56777,59,4992
1732,44.24067,-76.56772,60,5139
1732,44.23832,-76.56776,61,5414
1733,44.25498,-76.57283,0,0
1733,44.25486,-76.57282,1,13
1733,44.25483,-76.57389,2,97
1733,44.25485,-76.57399,3,105
1733,44.25495,-76.57417,4,120
1733,44.25506,-76.57424,5,131
1733,44.25637,-76.57432,6,275
1733,44.2566,-76.57433,7,300
1733,44.25677,-76.57429,8,317
1733,44.25722,-76.57395,9,380
1733,44.25724,-76.57406,10,388
1733,44.25738,-76.574,11,403
1733,44.25858,-76.57404,12,535
1733,44.26051,-76.57397,13,755
1733,44.2605,-76.57405,14,761
1733,44.26236,-76.57406,15,967
1733,44.26488,-76.57402,16,1250
1733,44.26516,-76.5741,17,1286
1733,44.26732,-76.57417,18,1527
1733,44.26737,-76.57577,19,1661
1733,44.2673,-76.57576,20,1668
1733,44.26729,-76.57731,21,1791
1733,44.26721,-76.57793,22,1840
1733,44.26704,-76.57847,23,1886
1733,44.26656,-76.57826,24,1947
1733,44.26558,-76.57758,25,2072
1733,44.26507,-76.57739,26,2129
1733,44.26494,-76.57747,27,2149
1733,44.26494,-76.57739,28,2155
1733,44.26284,-76.57735,29,2387
1733,44.26251,-76.57757,30,2426
1733,44.26219,-76.57811,31,2484
1733,44.26196,-76.57837,32,2520
1733,44.26189,-76.57849,33,2532
1733,44.26183,-76.57866,34,2546
1733,44.26179,-76.57889,35,2564
1733,44.26178,-76.57917,36,2585
1733,44.26194,-76.58044,37,2686
1733,44.26207,-76.58057,38,2707
1733,44.26201,-76.58062,39,2714
1733,44.26242,-76.58143,40,2792
1733,44.2625,-76.58172,41,2816
1733,44.26252,-76.58306,42,2926
1733,44.26246,-76.5832,43,2942
1733,44.26234,-76.58401,44,3008
1733,44.26201,-76.58391,45,3043
1733,44.26133,-76.5834,46,3127
1733,44.26091,-76.58326,47,3172
1733,44.26064,-76.58338,48,3208
1733,44.26063,-76.5833,49,3214
1733,44.26051,-76.58335,50,3226
1733,44.26035,-76.58347,51,3246
1733,44.25887,-76.58399,52,3413
1733,44.25761,-76.58425,53,3554
1733,44.25716,-76.58444,54,3602
1733,44.25651,-76.58503,55,3682
1733,44.2554,-76.58655,56,3854
1733,44.25535,-76.58682,57,3883
1733,44.25528,-76.58672,58,3894
1733,44.25447,-76.5876,59,4004
1733,44.25278,-76.58854,60,4202
1733,44.25254,-76.58877,61,4240
1733,44.25252,-76.58867,62,4248
1733,44.25106,-76.58937,63,4419
1733,44.25039,-76.58969,64,4498
1733,44.25074,-76.59046,65,4587
1733,44.25059,-76.59054,66,4605
1733,44.251,-76.59222,67,4746
1733,44.25162,-76.59427,68,4935
1733,44.25151,-76.59432,69,4947
1733,44.25155,-76.5945,70,4961
1733,44.25275,-76.594,71,5105
1733,44.25276,-76.59408,72,5111
1733,44.25284,-76.59405,73,5120
1733,44.25283,-76.59369,74,5147
1733,44.25301,-76.59202,75,5285
1733,44.25307,-76.59186,76,5302
1733,44.25312,-76.59142,77,5337
1733,44.25324,-76.591,78,5372
1733,44.25353,-76.5905,79,5422
1733,44.25391,-76.59019,80,5469
1733,44.25493,-76.58971,81,5588
1733,44.25524,-76.58958,82,5627
1733,44.25524,-76.58966,83,5633
1733,44.25532,-76.58966,84,5641
1733,44.25566,-76.58983,85,5676
1733,44.25619,-76.59054,86,5754
1733,44.25638,-76.59097,87,5791
1733,44.25653,-76.59175,88,5857
1733,44.25648,-76.59189,89,5873
1733,44.25627,-76.59496,90,6114
1733,44.25628,-76.59516,91,6130
1733,44.25674,-76.59495,92,6186
1733,44.2568,-76.59502,93,6197
1733,44.25801,-76.59513,94,6332
1733,44.25839,-76.59508,95,6378
1733,44.25854,-76.59516,96,6400
1733,44.25847,-76.59739,97,6587
1733,44.25839,-76.59739,98,6596
1733,44.25826,-76.60034,99,6839
1733,44.25818,-76.60033,100,6847
1733,44.25804,-76.60308,101,7072
1733,44.25799,-76.60307,102,7078
1733,44.25794,-76.60367,103,7125
1733,44.25678,-76.60352,104,7255
1733,44.25672,-76.60351,105,7261
1733,44.25644,-76.60358,106,7291
1733,44.25631,-76.60373,107,7309
1733,44.25622,-76.60389,108,7324
1733,44.25602,-76.60478,109,7402
1733,44.25562,-76.60591,110,7506
1733,44.25544,-76.60623,111,7538
1733,44.255,-76.60663,112,7594
1733,44.25441,-76.60658,113,7662
1733,44.25355,-76.60621,114,7762
1733,44.25349,-76.60616,115,7769
1733,44.25334,-76.60591,116,7793
1733,44.25326,-76.60564,117,7815
1733,44.25323,-76.60467,118,7895
1733,44.25329,-76.60446,119,7917
1733,44.25335,-76.60319,120,8017
1733,44.25334,-76.60308,121,8025
1733,44.25326,-76.60277,122,8048
1733,44.25314,-76.60253,123,8069
1733,44.25297,-76.60235,124,8089
1733,44.25281,-76.60232,125,8111
1733,44.25157,-76.60155,126,8265
1733,44.25074,-76.60443,127,8512
1733,44.25051,-76.60568,128,8610
1733,44.25038,-76.60833,129,8820
1733,44.25016,-76.61069,130,9010
1733,44.24975,-76.61079,131,9065
1733,44.24975,-76.61066,132,9075
1733,44.24961,-76.61064,133,9091
1733,44.24946,-76.61247,134,9237
1733,44.24936,-76.61376,135,9340
1733,44.24928,-76.61392,136,9355
1733,44.2492,-76.61399,137,9365
1733,44.24804,-76.61457,138,9507
1733,44.24794,-76.61453,139,9521
1733,44.24657,-76.61536,140,9686
1733,44.24639,-76.61557,141,9716
1733,44.24637,-76.61549,142,9722
1733,44.24518,-76.61625,143,9867
1733,44.24421,-76.61704,144,9991
1733,44.24398,-76.61657,145,10037
1733,44.24403,-76.61649,146,10046
1733,44.24425,-76.61559,147,10120
1733,44.2443,-76.61551,148,10127
1733,44.24438,-76.61545,149,10135
1733,44.24445,-76.61543,150,10142
1733,44.24512,-76.61548,151,10216
1733,44.24524,-76.61544,152,10228
1733,44.24531,-76.61538,153,10236
1733,44.24537,-76.61524,154,10248
1733,44.24546,-76.61384,155,10364
1733,44.24572,-76.61157,156,10551
1733,44.24574,-76.61145,157,10560
1733,44.24583,-76.61127,158,10577
1733,44.2459,-76.6112,159,10586
1733,44.24603,-76.61113,160,10600
1733,44.24663,-76.6111,161,10672
1733,44.24695,-76.61119,162,10712
1733,44.24697,-76.60934,163,10864
1733,44.24702,-76.6092,164,10880
1733,44.24707,-76.60779,165,10991
1733,44.24708,-76.60772,166,10997
1733,44.24713,-76.60757,167,11009
1733,44.24736,-76.60725,168,11043
1733,44.24745,-76.60706,169,11061
1733,44.24749,-76.60684,170,11079
1733,44.2475,-76.60605,171,11140
1733,44.2473,-76.60542,172,11191
1733,44.24727,-76.60481,173,11244
1733,44.24733,-76.60466,174,11260
1733,44.24735,-76.6036,175,11343
1733,44.24738,-76.60352,176,11349
1733,44.24745,-76.60348,177,11356
1733,44.24752,-76.60351,178,11362
1733,44.24841,-76.60355,179,11460
1733,44.24838,-76.6029,180,11516
1733,44.24843,-76.60273,181,11534
1733,44.24848,-76.60112,182,11663
1733,44.24847,-76.59985,183,11768
1733,44.2486,-76.59851,184,11880
1733,44.24863,-76.59703,185,12001
1733,44.24873,-76.59535,186,12140
1733,44.2487,-76.59513,187,12157
1733,44.24865,-76.59496,188,12170
1733,44.24843,-76.59461,189,12205
1733,44.24836,-76.59454,190,12214
1733,44.2481,-76.5944,191,12244
1733,44.24717,-76.59415,192,12354
1733,44.24685,-76.59397,193,12396
1733,44.24575,-76.59389,194,12516
1733,44.24551,-76.59384,195,12542
1733,44.24529,-76.59369,196,12566
1733,44.24519,-76.59357,197,12580
1733,44.24505,-76.59329,198,12605
1733,44.24493,-76.5926,199,12663
1733,44.24498,-76.59252,200,12673
1733,44.24499,-76.5907,201,12823
1733,44.24504,-76.5907,202,12829
1733,44.24511,-76.58841,203,13010
1733,44.24511,-76.58823,204,13024
1733,44.24508,-76.58802,205,13041
1733,44.2443,-76.5863,206,13199
1733,44.24401,-76.5859,207,13242
1733,44.24363,-76.58563,208,13295
1733,44.24365,-76.58556,209,13301
1733,44.24273,-76.58466,210,13425
1733,44.24265,-76.5846,211,13435
1733,44.2425,-76.58455,212,13451
1733,44.24234,-76.58458,213,13467
1733,44.24126,-76.58528,214,13600
1733,44.24102,-76.58479,215,13651
1733,44.24108,-76.58476,216,13657
1733,44.24055,-76.58317,217,13796
1733,44.2405,-76.58285,218,13820
1733,44.24065,-76.58113,219,13956
1733,44.24072,-76.57976,220,14070
1733,44.24077,-76.57979,221,14076
1733,44.24093,-76.57835,222,14191
1733,44.24125,-76.5765,223,14351
1733,44.24134,-76.57654,224,14361
1733,44.24157,-76.5751,225,14478
1733,44.24159,-76.57217,226,14722
1733,44.24167,-76.57216,227,14731
1733,44.24173,-76.56815,228,15058
1733,44.2418,-76.56816,229,15066
1733,44.24181,-76.56776,230,15098
1733,44.24067,-76.56772,231,15224
1733,44.23832,-76.56776,232,15499
1733,44.23833,-76.56757,233,15513
1733,44.23719,-76.56746,234,15639
1733,44.23751,-76.57076,235,15919
1733,44.23737,-76.57077,236,15934
1733,44.23767,-76.57433,237,16230
1733,44.23756,-76.57434,238,16241
1733,44.23783,-76.57728,239,16487
1733,44.23773,-76.57729,240,16498
1733,44.23773,-76.57863,241,16602
1733,44.23757,-76.5799,242,16704
1733,44.23732,-76.58209,243,16881
1733,44.23723,-76.58372,244,17009
1733,44.23735,-76.58415,245,17056
1733,44.23723,-76.58415,246,17069
1733,44.23734,-76.58595,247,17213
1733,44.2376,-76.58794,248,17373
1733,44.23803,-76.59026,249,17563
1733,44.23737,-76.59056,250,17640
1733,44.23727,-76.59065,251,17652
1733,44.23723,-76.59071,252,17658
1733,44.23712,-76.59095,253,17680
1733,44.23709,-76.59115,254,17696
1733,44.2371,-76.59138,255,17714
1733,44.23743,-76.59217,256,17794
1733,44.23736,-76.59222,257,17802
1733,44.23749,-76.59263,258,17837
1733,44.2376,-76.59409,259,17952
1733,44.23765,-76.59444,260,17979
1733,44.23775,-76.59478,261,18005
1733,44.23805,-76.59536,262,18060
1733,44.23809,-76.59548,263,18070
1733,44.23814,-76.59578,264,18092
1733,44.23816,-76.59783,265,18256
1733,44.2379,-76.59791,266,18291
1733,44.23789,-76.59783,267,18297
1733,44.23726,-76.59769,268,18365
1733,44.23662,-76.59737,269,18440
1733,44.23643,-76.59788,270,18484
1733,44.23613,-76.59834,271,18530
1733,44.2359,-76.59851,272,18558
1733,44.23532,-76.59868,273,18628
1733,44.23532,-76.59859,274,18635
1733,44.23405,-76.59846,275,18776
1733,44.2334,-76.59837,276,18848
1733,44.23292,-76.59806,277,18906
1733,44.23293,-76.59797,278,18915
1733,44.23244,-76.59719,279,18996
1733,44.23232,-76.59686,280,19024
1733,44.23225,-76.59642,281,19059
1733,44.23231,-76.59435,282,19228
1733,44.23237,-76.59405,283,19257
1733,44.23242,-76.59314,284,19330
1733,44.23118,-76.593,285,19468
1733,44.2305,-76.59273,286,19541
1733,44.2298,-76.59202,287,19630
1733,44.22944,-76.5913,288,19695
1733,44.22911,-76.58958,289,19833
1733,44.229,-76.58876,290,19898
1733,44.22964,-76.58854,291,19976
1733,44.22964,-76.58861,292,19982
1733,44.23063,-76.58848,293,20089
1733,44.23188,-76.58851,294,20234
1733,44.23188,-76.58859,295,20240
1733,44.23319,-76.58871,296,20385
1733,44.23415,-76.58836,297,20493
1733,44.23429,-76.58826,298,20509
1733,44.23442,-76.58812,299,20525
1733,44.23469,-76.58764,300,20569
1733,44.23481,-76.58699,301,20618
1733,44.23456,-76.58519,302,20764
1733,44.23441,-76.58447,303,20828
1733,44.23446,-76.58447,304,20834
1733,44.23435,-76.58375,305,20892
1733,44.23437,-76.58284,306,20962
1733,44.23378,-76.57981,307,21212
1733,44.23354,-76.57863,308,21310
1733,44.23319,-76.57881,309,21355
1733,44.23173,-76.57859,310,21522
1733,44.23176,-76.57901,311,21561
1733,44.23167,-76.57968,312,21618
1733,44.23164,-76.57978,313,21625
1733,44.23156,-76.57983,314,21633
1733,44.22992,-76.57967,315,21815
1733,44.22827,-76.57957,316,22002
1733,44.22824,-76.57951,317,22009
1733,44.22814,-76.57951,318,22020
1733,44.22828,-76.57808,319,22134
1733,44.22838,-76.57616,320,22287
1733,44.22836,-76.57566,321,22326
1733,44.22821,-76.57505,322,22376
1733,44.22821,-76.5733,323,22521
1733,44.22827,-76.5733,324,22527
1733,44.22836,-76.57141,325,22677
1733,44.22837,-76.57021,326,22772
1733,44.22579,-76.56995,327,23059
1733,44.22318,-76.56969,328,23349
1733,44.22133,-76.56953,329,23554
1733,44.21968,-76.56938,330,23738
1733,44.21891,-76.56943,331,23834
1734,44.21788,-76.52715,0,0
1734,44.21775,-76.52715,1,13
1734,44.21776,-76.52748,2,39
1734,44.21764,-76.52747,3,52
1734,44.21752,-76.52734,4,69
1734,44.21775,-76.52676,5,120
1734,44.21786,-76.52558,6,214
1734,44.21802,-76.52516,7,252
1734,44.21813,-76.52502,8,268
1734,44.21842,-76.52488,9,301
1734,44.21936,-76.5249,10,405
1734,44.22045,-76.525,11,525
1734,44.22047,-76.52292,12,700
1734,44.22056,-76.52292,13,710
1734,44.22062,-76.52071,14,893
1734,44.22069,-76.52072,15,900
1734,44.2208,-76.51878,16,1054
1734,44.22081,-76.51711,17,1194
1734,44.22088,-76.51711,18,1201
1734,44.22096,-76.51482,19,1383
1734,44.22111,-76.51284,20,1542
1734,44.22112,-76.51203,21,1613
1734,44.22119,-76.51205,22,1621
1734,44.22132,-76.51049,23,1746
1734,44.22134,-76.50893,24,1879
1734,44.22142,-76.50893,25,1888
1734,44.22155,-76.50707,26,2036
1734,44.2215,-76.5067,27,2072
1734,44.22158,-76.50672,28,2080
1734,44.22177,-76.50449,29,2259
1734,44.22192,-76.50291,30,2386
1734,44.22194,-76.50275,31,2398
1734,44.22235,-76.50152,32,2503
1734,44.22245,-76.49956,33,2666
1734,44.22253,-76.49957,34,2674
1734,44.22266,-76.49819,35,2784
1734,44.22288,-76.49517,36,3035
1734,44.22296,-76.49518,37,3044
1734,44.22301,-76.49384,38,3149
1734,44.22296,-76.49347,39,3177
1734,44.2227,-76.49256,40,3252
1734,44.22262,-76.49132,41,3355
1734,44.22269,-76.49132,42,3363
1734,44.22276,-76.49033,43,3442
1734,44.22329,-76.48927,44,3544
1734,44.22383,-76.48824,45,3645
1734,44.22391,-76.48795,46,3674
1734,44.22484,-76.48625,47,3848
1734,44.22447,-76.48609,48,3895
1734,44.22451,-76.48602,49,3901
1734,44.22425,-76.48583,50,3931
1734,44.22419,-76.48572,51,3939
1734,44.22417,-76.48562,52,3947
1734,44.22417,-76.48547,53,3959
1734,44.2242,-76.48537,54,3966
1734,44.22424,-76.4853,55,3973
1734,44.22516,-76.48431,56,4111
1734,44.22521,-76.4844,57,4120
1734,44.2261,-76.48357,58,4237
1734,44.22669,-76.4829,59,4330
1734,44.22674,-76.48298,60,4338
1734,44.22761,-76.4822,61,4453
1734,44.22837,-76.48146,62,4556
1734,44.22851,-76.4812,63,4588
1734,44.22856,-76.48129,64,4596
1734,44.22943,-76.4805,65,4711
1734,44.23022,-76.47976,66,4816
1734,44.23111,-76.47947,67,4917
1734,44.23127,-76.47932,68,4943
1734,44.23128,-76.47941,69,4950
1734,44.23286,-76.47893,70,5129
1734,44.23316,-76.48029,71,5247
1734,44.23309,-76.48031,72,5253
1734,44.23336,-76.48185,73,5379
1734,44.23365,-76.48366,74,5526
1734,44.23366,-76.48379,75,5536
1734,44.23461,-76.48371,76,5649
1734,44.2346,-76.48381,77,5657
1734,44.23582,-76.48385,78,5792
1734,44.23675,-76.48387,79,5894
1734,44.23693,-76.48282,80,5987
1734,44.237,-76.48285,81,5995
1734,44.23705,-76.48264,82,6013
1734,44.23808,-76.48276,83,6130
1734,44.23806,-76.48283,84,6136
1734,44.23828,-76.48287,85,6160
1734,44.23804,-76.48418,86,6267
1734,44.23793,-76.48509,87,6345
1734,44.23786,-76.48521,88,6360
1734,44.23889,-76.48576,89,6482
1734,44.24004,-76.48639,90,6619
1734,44.24033,-76.4865,91,6657
1734,44.24029,-76.48657,92,6664
1734,44.241,-76.48738,93,6764
1734,44.24122,-76.48756,94,6791
1734,44.24134,-76.48762,95,6805
1734,44.24155,-76.48756,96,6835
1734,44.24154,-76.48766,97,6843
1734,44.24257,-76.48784,98,6957
1734,44.24287,-76.48785,99,6989
1734,44.24263,-76.48995,100,7165
1734,44.24257,-76.48994,101,7172
1734,44.24225,-76.49213,102,7349
1734,44.24195,-76.49478,103,7571
1734,44.24187,-76.49476,104,7579
1734,44.24185,-76.49495,105,7594
1734,44.24169,-76.49543,106,7634
1734,44.24153,-76.49807,107,7845
1734,44.24157,-76.49858,108,7892
1734,44.2415,-76.49857,109,7900
1734,44.24143,-76.49999,110,8014
1734,44.24142,-76.50199,111,8180
1734,44.24135,-76.50199,112,8187
1734,44.24131,-76.5034,113,8299
1734,44.24125,-76.50477,114,8408
1734,44.24132,-76.50563,115,8485
1734,44.24124,-76.50563,116,8493
1734,44.24124,-76.50588,117,8512
1734,44.24141,-76.50643,118,8557
1734,44.24192,-76.50724,119,8639
1734,44.24198,-76.50745,120,8656
1734,44.24203,-76.5083,121,8727
1734,44.24192,-76.50953,122,8830
1734,44.24158,-76.51085,123,8940
1734,44.24115,-76.51153,124,9010
1734,44.24093,-76.51291,125,9122
1734,44.24099,-76.51358,126,9185
1734,44.24087,-76.51354,127,9198
1734,44.24059,-76.51701,128,9475
1734,44.24173,-76.51696,129,9601
1734,44.24231,-76.51704,130,9665
1734,44.24231,-76.5167,131,9692
1734,44.24181,-76.51679,132,9754
1737,44.242,-76.5168,0,0
1737,44.242,-76.5167,1,8
1737,44.24176,-76.5167,2,34
1737,44.24173,-76.51696,3,55
1737,44.24059,-76.51701,4,181
1737,44.24077,-76.51451,5,381
1737,44.24075,-76.51358,6,467
1737,44.24086,-76.5136,7,480
1737,44.24115,-76.51153,8,647
1737,44.24124,-76.50766,9,956
1737,44.24116,-76.50696,10,1018
1737,44.24123,-76.50696,11,1025
1737,44.24125,-76.50477,12,1198
1737,44.24131,-76.5034,13,1307
1737,44.24124,-76.50313,14,1336
1737,44.24132,-76.50314,15,1344
1737,44.24138,-76.50115,16,1501
1737,44.24149,-76.49876,17,1692
1737,44.24147,-76.49823,18,1739
1737,44.24152,-76.49824,19,1745
1737,44.24161,-76.49629,20,1900
1737,44.24169,-76.49543,21,1969
1737,44.24185,-76.49495,22,2009
1737,44.24182,-76.49461,23,2042
1737,44.24189,-76.49463,24,2050
1737,44.24225,-76.49213,25,2254
1737,44.24255,-76.49006,26,2422
1737,44.2425,-76.4898,27,2450
1737,44.24258,-76.48982,28,2459
1737,44.24287,-76.48785,29,2619
1737,44.24191,-76.48775,30,2724
1737,44.24126,-76.4877,31,2802
1737,44.24129,-76.4876,32,2811
1737,44.24109,-76.48747,33,2834
1737,44.24026,-76.48654,34,2950
1737,44.2401,-76.48653,35,2974
1737,44.24012,-76.48645,36,2981
1737,44.23903,-76.48584,37,3112
1737,44.23848,-76.48564,38,3181
1737,44.2385,-76.48555,39,3188
1737,44.23786,-76.48521,40,3263
1737,44.23828,-76.48287,41,3454
1737,44.23778,-76.48287,42,3517
1737,44.23778,-76.48277,43,3525
1737,44.23705,-76.48264,44,3605
1737,44.23675,-76.48387,45,3708
1737,44.23593,-76.48394,46,3804
1737,44.23594,-76.48385,47,3811
1737,44.23472,-76.48382,48,3946
1737,44.23398,-76.4839,49,4035
1737,44.23399,-76.4838,50,4043
1737,44.23366,-76.48379,51,4080
1737,44.23347,-76.48252,52,4183
1737,44.23307,-76.48065,53,4346
1737,44.23315,-76.48062,54,4355
1737,44.23286,-76.47893,55,4492
1737,44.23121,-76.47953,56,4688
1737,44.2312,-76.47944,57,4695
1737,44.23022,-76.47976,58,4805
1737,44.22943,-76.4805,59,4910
1737,44.22927,-76.48076,60,4942
1737,44.22923,-76.48068,61,4948
1737,44.22837,-76.48146,62,5060
1737,44.22761,-76.4822,63,5163
1737,44.22723,-76.48264,64,5222
1737,44.2272,-76.48256,65,5228
1737,44.2261,-76.48357,66,5374
1737,44.22594,-76.48382,67,5405
1737,44.2259,-76.48376,68,5411
1737,44.2251,-76.48459,69,5527
1737,44.22426,-76.48528,70,5639
1737,44.2242,-76.48537,71,5648
1737,44.22417,-76.48547,72,5655
1737,44.22417,-76.48562,73,5667
1737,44.22419,-76.48572,74,5675
1737,44.22425,-76.48583,75,5683
1737,44.2243,-76.48588,76,5689
1737,44.22471,-76.48608,77,5741
1737,44.22484,-76.48625,78,5764
1737,44.22384,-76.48835,79,5968
1737,44.2238,-76.4883,80,5974
1737,44.22277,-76.49031,81,6170
1737,44.22275,-76.49131,82,6256
1737,44.22269,-76.49131,83,6262
1737,44.22265,-76.49199,84,6315
1737,44.22273,-76.4927,85,6369
1737,44.22299,-76.49363,86,6445
1737,44.22298,-76.49501,87,6553
1737,44.223,-76.4953,88,6580
1737,44.22266,-76.49819,89,6819
1737,44.22254,-76.49944,90,6919
1737,44.22255,-76.49975,91,6948
1737,44.22239,-76.50101,92,7053
1737,44.22225,-76.50203,93,7136
1737,44.22214,-76.50219,94,7158
1737,44.22194,-76.50275,95,7207
1737,44.22177,-76.50449,96,7346
1737,44.2216,-76.50637,97,7497
1737,44.2216,-76.50694,98,7546
1737,44.22155,-76.50707,99,7560
1737,44.22145,-76.50835,100,7662
1737,44.22139,-76.51031,101,7824
1737,44.22133,-76.51031,102,7830
1737,44.22115,-76.51252,103,8007
1737,44.22116,-76.51289,104,8041
1737,44.2211,-76.51288,105,8047
1737,44.22096,-76.51482,106,8202
1737,44.22092,-76.51738,107,8410
1737,44.22086,-76.51762,108,8434
1737,44.22073,-76.52003,109,8627
1737,44.22065,-76.52246,110,8827
1737,44.22059,-76.52246,111,8834
1737,44.22052,-76.52381,112,8942
1737,44.22045,-76.525,113,9037
1737,44.21995,-76.52506,114,9099
1737,44.21996,-76.52495,115,9107
1737,44.21873,-76.52487,116,9242
1737,44.21842,-76.52488,117,9276
1737,44.21813,-76.52502,118,9309
1737,44.21802,-76.52516,119,9325
1737,44.21786,-76.52558,120,9363
1737,44.21788,-76.52715,121,9501
1738,44.24398,-76.61657,0,0
1738,44.24403,-76.61649,1,9
1738,44.24425,-76.61559,2,83
1738,44.2443,-76.61551,3,90
1738,44.24438,-76.61545,4,98
1738,44.24445,-76.61543,5,105
1738,44.24512,-76.61548,6,179
1738,44.24524,-76.61544,7,191
1738,44.24531,-76.61538,8,199
1738,44.24537,-76.61524,9,211
1738,44.24546,-76.61384,10,327
1738,44.24572,-76.61157,11,514
1738,44.24574,-76.61145,12,523
1738,44.24583,-76.61127,13,540
1738,44.2459,-76.6112,14,549
1738,44.24603,-76.61113,15,563
1738,44.24663,-76.6111,16,635
1738,44.24695,-76.61119,17,675
1738,44.24697,-76.60934,18,827
1738,44.24702,-76.6092,19,843
1738,44.24707,-76.60779,20,954
1738,44.24708,-76.60772,21,960
1738,44.24713,-76.60757,22,972
1738,44.24736,-76.60725,23,1006
1738,44.24745,-76.60706,24,1024
1738,44.24749,-76.60684,25,1042
1738,44.2475,-76.60605,26,1103
1738,44.2473,-76.60542,27,1154
1738,44.24727,-76.60481,28,1207
1738,44.24733,-76.60466,29,1223
1738,44.24735,-76.6036,30,1306
1738,44.24738,-76.60352,31,1312
1738,44.24745,-76.60348,32,1319
1738,44.24752,-76.60351,33,1325
1738,44.24841,-76.60355,34,1423
1738,44.24838,-76.6029,35,1479
1738,44.24843,-76.60273,36,1497
1738,44.24848,-76.60112,37,1626
1738,44.24847,-76.59985,38,1731
1738,44.2486,-76.59851,39,1843
1738,44.24863,-76.59703,40,1964
1738,44.24873,-76.59535,41,2103
1738,44.2487,-76.59513,42,2120
1738,44.24865,-76.59496,43,2133
1738,44.24843,-76.59461,44,2168
1738,44.24836,-76.59454,45,2177
1738,44.2481,-76.5944,46,2207
1738,44.24717,-76.59415,47,2317
1738,44.24685,-76.59397,48,2359
1738,44.24575,-76.59389,49,2479
1738,44.24551,-76.59384,50,2505
1738,44.24529,-76.59369,51,2529
1738,44.24519,-76.59357,52,2543
1738,44.24505,-76.59329,53,2568
1738,44.24493,-76.5926,54,2626
1738,44.24498,-76.59252,55,2636
1738,44.24499,-76.5907,56,2786
1738,44.24504,-76.5907,57,2792
1738,44.24511,-76.58841,58,2973
1738,44.24511,-76.58823,59,2987
1738,44.24508,-76.58802,60,3004
1738,44.2443,-76.5863,61,3162
1738,44.24401,-76.5859,62,3205
1738,44.24363,-76.58563,63,3258
1738,44.24365,-76.58556,64,3264
1738,44.24273,-76.58466,65,3388
1738,44.24265,-76.5846,66,3398
1738,44.2425,-76.58455,67,3414
1738,44.24234,-76.58458,68,3430
1738,44.24126,-76.58528,69,3563
1738,44.24102,-76.58479,70,3614
1738,44.24108,-76.58476,71,3620
1738,44.24055,-76.58317,72,3759
1738,44.2405,-76.58285,73,3783
1738,44.24065,-76.58113,74,3919
1738,44.24072,-76.57976,75,4033
1738,44.24077,-76.57979,76,4039
1738,44.24093,-76.57835,77,4154
1738,44.24125,-76.5765,78,4314
1738,44.24134,-76.57654,79,4324
1738,44.24157,-76.5751,80,4441
1738,44.24159,-76.57217,81,4685
1738,44.24167,-76.57216,82,4694
1738,44.24173,-76.56815,83,5021
1738,44.2418,-76.56816,84,5029
1738,44.24181,-76.56776,85,5061
1738,44.24067,-76.56772,86,5187
1738,44.23832,-76.56776,87,5462
1740,44.21788,-76.52715,0,0
1740,44.21775,-76.52715,1,13
1740,44.21776,-76.52748,2,39
1740,44.21764,-76.52747,3,52
1740,44.21752,-76.52734,4,69
1740,44.21775,-76.52676,5,120
1740,44.21786,-76.52558,6,214
1740,44.21802,-76.52516,7,252
1740,44.21813,-76.52502,8,268
1740,44.21842,-76.52488,9,301
1740,44.21936,-76.5249,10,405
1740,44.22045,-76.525,11,525
1740,44.22047,-76.52292,12,700
1740,44.22056,-76.52292,13,710
1740,44.22062,-76.52071,14,893
1740,44.22069,-76.52072,15,900
1740,44.2208,-76.51878,16,1054
1740,44.22081,-76.51711,17,1194
1740,44.22088,-76.51711,18,1201
1740,44.22096,-76.51482,19,1383
1740,44.22111,-76.51284,20,1542
1740,44.22112,-76.51203,21,1613
1740,44.22119,-76.51205,22,1621
1740,44.22132,-76.51049,23,1746
1740,44.22134,-76.50893,24,1879
1740,44.22142,-76.50893,25,1888
1740,44.22155,-76.50707,26,2036
1740,44.2215,-76.5067,27,2072
1740,44.22158,-76.50672,28,2080
1740,44.22177,-76.50449,29,2259
1740,44.22192,-76.50291,30,2386
1740,44.22194,-76.50275,31,2398
1740,44.22235,-76.50152,32,2503
1740,44.22245,-76.49956,33,2666
1740,44.22253,-76.49957,34,2674
1740,44.22266,-76.49819,35,2784
1740,44.22288,-76.49517,36,3035
1740,44.22296,-76.49518,37,3044
1740,44.22301,-76.49384,38,3149
1740,44.22296,-76.49347,39,3177
1740,44.2227,-76.49256,40,3252
1740,44.22262,-76.49132,41,3355
1740,44.22269,-76.49132,42,3363
1740,44.22276,-76.49033,43,3442
1740,44.22329,-76.48927,44,3544
1740,44.22383,-76.48824,45,3645
1740,44.22391,-76.48795,46,3674
1740,44.22484,-76.48625,47,3848
1740,44.22447,-76.48609,48,3895
1740,44.22451,-76.48602,49,3901
1740,44.22425,-76.48583,50,3931
1740,44.22419,-76.48572,51,3939
1740,44.22417,-76.48562,52,3947
1740,44.22417,-76.48547,53,3959
1740,44.2242,-76.48537,54,3966
1740,44.22424,-76.4853,55,3973
1740,44.22516,-76.48431,56,4111
1740,44.22521,-76.4844,57,4120
1740,44.2261,-76.48357,58,4237
1740,44.22669,-76.4829,59,4330
1740,44.22674,-76.48298,60,4338
1740,44.22761,-76.4822,61,4453
1740,44.22837,-76.48146,62,4556
1740,44.22851,-76.4812,63,4588
1740,44.22856,-76.48129,64,4596
1740,44.22943,-76.4805,65,4711
1740,44.23022,-76.47976,66,4816
1740,44.23111,-76.47947,67,4917
1740,44.23127,-76.47932,68,4943
1740,44.23128,-76.47941,69,4950
1740,44.23286,-76.47893,70,5129
1740,44.23316,-76.48029,71,5247
1740,44.23309,-76.48031,72,5253
1740,44.23336,-76.48185,73,5379
1740,44.23365,-76.48366,74,5526
1740,44.23366,-76.48379,75,5536
1740,44.23461,-76.48371,76,5649
1740,44.2346,-76.48381,77,5657
1740,44.23582,-76.48385,78,5792
1740,44.23675,-76.48387,79,5894
1740,44.23693,-76.48282,80,5987
1740,44.237,-76.48285,81,5995
1740,44.23705,-76.48264,82,6013
1740,44.23808,-76.48276,83,6130
1740,44.23806,-76.48283,84,6136
1740,44.23828,-76.48287,85,6160
1740,44.23804,-76.48418,86,6267
1740,44.23793,-76.48509,87,6345
1740,44.23786,-76.48521,88,6360
1740,44.23889,-76.48576,89,6482
1740,44.24004,-76.48639,90,6619
1740,44.24033,-76.4865,91,6657
1740,44.24029,-76.48657,92,6664
1740,44.241,-76.48738,93,6764
1740,44.24122,-76.48756,94,6791
1740,44.24134,-76.48762,95,6805
1740,44.24155,-76.48756,96,6835
1740,44.24154,-76.48766,97,6843
1740,44.24257,-76.48784,98,6957
1740,44.24287,-76.48785,99,6989
1740,44.24263,-76.48995,100,7165
1740,44.24257,-76.48994,101,7172
1740,44.24225,-76.49213,102,7349
1740,44.24195,-76.49478,103,7571
1740,44.24187,-76.49476,104,7579
1740,44.24185,-76.49495,105,7594
1740,44.24169,-76.49543,106,7634
1740,44.24153,-76.49807,107,7845
1740,44.24157,-76.49858,108,7892
1740,44.2415,-76.49857,109,7900
1740,44.24143,-76.49999,110,8014
1740,44.24142,-76.50199,111,8180
1740,44.24135,-76.50199,112,8187
1740,44.24131,-76.5034,113,8299
1740,44.24125,-76.50477,114,8408
1740,44.24132,-76.50563,115,8485
1740,44.24124,-76.50563,116,8493
1740,44.24124,-76.50588,117,8512
1740,44.24141,-76.50643,118,8557
1740,44.24192,-76.50724,119,8639
1740,44.24198,-76.50745,120,8656
1740,44.24203,-76.5083,121,8727
1740,44.24192,-76.50953,122,8830
1740,44.24158,-76.51085,123,8940
1740,44.24115,-76.51153,124,9010
1740,44.24093,-76.51291,125,9122
1740,44.24099,-76.51358,126,9185
1740,44.24087,-76.51354,127,9198
1740,44.24059,-76.51701,128,9475
1740,44.24173,-76.51696,129,9601
1740,44.24231,-76.51704,130,9665
1740,44.24231,-76.5167,131,9692
1740,44.24181,-76.51679,132,9754
1745,44.25291,-76.46075,0,0
1745,44.2529,-76.46061,1,11
1745,44.25198,-76.46066,2,113
1745,44.25067,-76.46077,3,258
1745,44.24933,-76.46111,4,414
1745,44.24932,-76.46101,5,421
1745,44.24823,-76.46125,6,543
1745,44.24635,-76.46207,7,761
1745,44.24598,-76.46042,8,899
1745,44.24595,-76.46029,9,909
1745,44.24576,-76.45993,10,943
1745,44.24555,-76.45971,11,970
1745,44.24537,-76.4596,12,990
1745,44.24431,-76.45944,13,1108
1745,44.24377,-76.45933,14,1166
1745,44.24369,-76.45929,15,1175
1745,44.2434,-76.45904,16,1211
1745,44.24314,-76.45865,17,1251
1745,44.24298,-76.45816,18,1291
1745,44.24292,-76.45698,19,1390
1745,44.24298,-76.45699,20,1397
1745,44.24299,-76.45686,21,1406
1745,44.24077,-76.45655,22,1653
1745,44.24066,-76.45648,23,1666
1745,44.24058,-76.45637,24,1677
1745,44.24054,-76.45626,25,1687
1745,44.24052,-76.45615,26,1695
1745,44.24055,-76.45554,27,1742
1745,44.24018,-76.45558,28,1788
1745,44.24019,-76.4555,29,1794
1745,44.23999,-76.45548,30,1815
1745,44.2399,-76.45717,31,1950
1745,44.2397,-76.45843,32,2052
1745,44.23884,-76.46095,33,2274
1745,44.23781,-76.46354,34,2509
1745,44.23684,-76.46595,35,2730
1745,44.23647,-76.46707,36,2835
1745,44.23641,-76.46703,37,2842
1745,44.23564,-76.46903,38,3022
1745,44.23495,-76.47199,39,3268
1745,44.23447,-76.47698,40,3669
1745,44.23446,-76.47718,41,3684
1745,44.23405,-76.47865,42,3808
1745,44.23382,-76.47912,43,3852
1745,44.23376,-76.47934,44,3870
1745,44.23375,-76.47957,45,3888
1745,44.23399,-76.48122,46,4021
1745,44.23406,-76.48163,47,4054
1745,44.23349,-76.4819,48,4126
1745,44.23348,-76.48181,49,4133
1745,44.23245,-76.48217,50,4250
1745,44.23272,-76.48393,51,4393
1745,44.23183,-76.48417,52,4493
1745,44.23138,-76.48441,53,4553
1745,44.23137,-76.48432,54,4560
1745,44.23093,-76.48447,55,4609
1745,44.22931,-76.48584,56,4819
1745,44.22775,-76.48718,57,5021
1745,44.22696,-76.48789,58,5125
1745,44.2269,-76.48769,59,5142
1745,44.22484,-76.48625,60,5396
1745,44.22383,-76.48824,61,5589
1745,44.22277,-76.49031,62,5790
1745,44.22265,-76.49199,63,5923
1745,44.22273,-76.4927,64,5977
1745,44.22299,-76.49363,65,6053
1745,44.22298,-76.49501,66,6161
1745,44.22431,-76.49502,67,6308
1745,44.22427,-76.49475,68,6336
1751,44.26492,-76.50275,0,0
1751,44.26492,-76.50288,1,9
1751,44.26578,-76.50291,2,104
1751,44.26579,-76.50065,3,284
1751,44.26587,-76.49959,4,367
1751,44.26578,-76.49883,5,428
1751,44.26565,-76.49864,6,448
1751,44.26552,-76.49856,7,464
1751,44.26419,-76.49859,8,628
1751,44.26421,-76.49837,9,646
1751,44.26244,-76.49825,10,841
1751,44.26081,-76.49827,11,1020
1751,44.2597,-76.49786,12,1146
1751,44.25958,-76.49675,13,1234
1751,44.25931,-76.49602,14,1298
1751,44.25822,-76.49425,15,1482
1751,44.25769,-76.49311,16,1590
1751,44.25728,-76.49187,17,1698
1751,44.25702,-76.49049,18,1808
1751,44.25693,-76.48908,19,1918
1751,44.25724,-76.4829,20,2411
1751,44.2572,-76.48252,21,2446
1751,44.25726,-76.48253,22,2453
1751,44.25744,-76.4793,23,2711
1751,44.25779,-76.47697,24,2900
1751,44.2589,-76.47101,25,3391
1751,44.25917,-76.46744,26,3676
1751,44.25916,-76.46536,27,3842
1751,44.25889,-76.4628,28,4048
1751,44.25891,-76.46205,29,4111
1751,44.25912,-76.46034,30,4253
1751,44.25767,-76.46043,31,4413
1751,44.25488,-76.46052,32,4722
1751,44.25357,-76.46058,33,4868
1751,44.25291,-76.46075,34,4953
1759,44.26305,-76.49703,0,0
1759,44.26308,-76.49711,1,7
1759,44.26392,-76.49723,2,100
1759,44.26385,-76.49832,3,186
1759,44.26279,-76.49826,4,302
1759,44.26166,-76.49828,5,427
1759,44.26069,-76.49825,6,533
1759,44.2597,-76.49786,7,646
1759,44.25876,-76.49754,8,748
1759,44.25775,-76.49738,9,859
1759,44.25653,-76.49734,10,1004
1759,44.25654,-76.49721,11,1014
1759,44.25562,-76.49707,12,1115
1759,44.25341,-76.4967,13,1362
1759,44.25346,-76.49797,14,1471
1759,44.25339,-76.49797,15,1479
1759,44.25337,-76.49936,16,1589
1759,44.25335,-76.50146,17,1763
1759,44.2533,-76.50146,18,1769
1759,44.25328,-76.50204,19,1815
1759,44.25107,-76.50189,20,2060
1759,44.24998,-76.50189,21,2187
1759,44.24998,-76.50181,22,2193
1759,44.24762,-76.50172,23,2460
1759,44.24752,-76.50164,24,2475
1759,44.24626,-76.50156,25,2614
1759,44.24534,-76.50149,26,2716
1759,44.2447,-76.50152,27,2791
1759,44.24461,-76.50145,28,2807
1759,44.24455,-76.50268,29,2904
1759,44.24292,-76.50252,30,3085
1759,44.24135,-76.50235,31,3260
1759,44.24125,-76.50477,32,3453
1759,44.24132,-76.50563,33,3530
1759,44.24124,-76.50563,34,3538
1759,44.24124,-76.50588,35,3557
1759,44.24141,-76.50643,36,3602
1759,44.24192,-76.50724,37,3684
1759,44.24198,-76.50745,38,3701
1759,44.24203,-76.5083,39,3772
1759,44.24192,-76.50953,40,3875
1759,44.24158,-76.51085,41,3985
1759,44.24115,-76.51153,42,4055
1759,44.24093,-76.51291,43,4167
1759,44.24099,-76.51358,44,4230
1759,44.24087,-76.51354,45,4243
1759,44.24059,-76.51701,46,4520
1759,44.24173,-76.51696,47,4646
1759,44.24231,-76.51704,48,4710
1759,44.24231,-76.5167,49,4737
1759,44.242,-76.5168,50,4780
1759,44.242,-76.5167,51,4788
1759,44.24176,-76.5167,52,4814
1759,44.24173,-76.51696,53,4835
1759,44.24059,-76.51701,54,4961
1759,44.24041,-76.51921,55,5137
1759,44.23949,-76.51904,56,5239
1759,44.23854,-76.51849,57,5362
1759,44.23862,-76.51835,58,5376
1759,44.23681,-76.51628,59,5636
1759,44.23595,-76.51531,60,5758
1759,44.23531,-76.51491,61,5830
1759,44.2339,-76.51474,62,5981
1759,44.23381,-76.51593,63,6078
1759,44.23375,-76.51596,64,6087
1759,44.23371,-76.51606,65,6096
1759,44.23454,-76.51665,66,6198
1759,44.2357,-76.51785,67,6362
1759,44.23566,-76.51791,68,6368
1759,44.23731,-76.51979,69,6604
1759,44.23772,-76.52017,70,6662
1759,44.23815,-76.52088,71,6739
1759,44.23843,-76.52162,72,6803
1759,44.23856,-76.52243,73,6866
1759,44.23852,-76.52319,74,6922
1759,44.2385,-76.5233,75,6930
1759,44.23775,-76.52331,76,7017
1759,44.23764,-76.52323,77,7034
1759,44.23655,-76.52319,78,7161
1759,44.23656,-76.52311,79,7167
1759,44.23529,-76.52308,80,7314
1759,44.23529,-76.52298,81,7321
1759,44.23347,-76.5229,82,7529
1759,44.23347,-76.52281,83,7536
1759,44.23304,-76.52275,84,7583
1759,44.23286,-76.52263,85,7603
1759,44.23281,-76.52258,86,7610
1759,44.23268,-76.52237,87,7632
1759,44.23243,-76.52258,88,7663
1759,44.23198,-76.52275,89,7718
1759,44.23199,-76.52267,90,7724
1759,44.23076,-76.52263,91,7865
1759,44.23076,-76.52254,92,7871
1759,44.23037,-76.5225,93,7914
1759,44.2304,-76.52114,94,8029
1759,44.23046,-76.52115,95,8036
1759,44.23064,-76.51849,96,8249
1759,44.23026,-76.51854,97,8295
1759,44.23028,-76.51846,98,8301
1759,44.2289,-76.51831,99,8453
1759,44.2278,-76.51821,100,8574
1759,44.22738,-76.51827,101,8628
1759,44.22739,-76.51817,102,8636
1759,44.227,-76.51814,103,8679
1759,44.22693,-76.52053,104,8875
1759,44.22688,-76.52053,105,8881
1759,44.22687,-76.52067,106,8892
1759,44.22528,-76.52048,107,9069
1759,44.22504,-76.52055,108,9101
1759,44.22505,-76.52047,109,9108
1759,44.22496,-76.52046,110,9118
1759,44.2249,-76.52165,111,9212
1759,44.22485,-76.52177,112,9222
1759,44.22476,-76.52185,113,9234
1759,44.22447,-76.52193,114,9267
1759,44.22443,-76.52185,115,9279
1759,44.22385,-76.52164,116,9341
1759,44.22262,-76.52151,117,9477
1759,44.22267,-76.52197,118,9520
1759,44.2226,-76.52197,119,9527
1759,44.2225,-76.52401,120,9689
1759,44.22252,-76.5243,121,9714
1759,44.22243,-76.5253,122,9797
1759,44.22354,-76.52541,123,9920
1759,44.2244,-76.52542,124,10022
1759,44.2244,-76.52549,125,10028
1759,44.22541,-76.5256,126,10140
1759,44.22539,-76.52616,127,10184
1759,44.22532,-76.52631,128,10199
1759,44.22509,-76.52654,129,10230
1759,44.22497,-76.5266,130,10242
1759,44.22403,-76.52654,131,10344
1759,44.22395,-76.52649,132,10354
1759,44.22372,-76.52642,133,10386
1760,44.22372,-76.52642,0,0
1760,44.22378,-76.52632,1,10
1760,44.22361,-76.52613,2,33
1760,44.22357,-76.52605,3,39
1760,44.22355,-76.52595,4,46
1760,44.22354,-76.52541,5,88
1760,44.22243,-76.5253,6,211
1760,44.2225,-76.52401,7,314
1760,44.22245,-76.52377,8,338
1760,44.22251,-76.52379,9,345
1760,44.22257,-76.52163,10,522
1760,44.22262,-76.52151,11,536
1760,44.22385,-76.52164,12,672
1760,44.22449,-76.52187,13,741
1760,44.22465,-76.52181,14,762
1760,44.22466,-76.52187,15,768
1760,44.22472,-76.52187,16,774
1760,44.22482,-76.52181,17,785
1760,44.22489,-76.52169,18,797
1760,44.22496,-76.52046,19,894
1760,44.22517,-76.52042,20,922
1760,44.22528,-76.52048,21,936
1760,44.22659,-76.52056,22,1087
1760,44.22687,-76.52067,23,1123
1760,44.22693,-76.51938,24,1225
1760,44.227,-76.51814,25,1324
1760,44.22748,-76.51811,26,1382
1760,44.2289,-76.51831,27,1544
1760,44.23046,-76.5184,28,1722
1760,44.23064,-76.51849,29,1746
1760,44.23053,-76.52089,30,1943
1760,44.23047,-76.52102,31,1958
1760,44.23037,-76.5225,32,2076
1760,44.23062,-76.52245,33,2109
1760,44.23061,-76.52252,34,2115
1760,44.23195,-76.52259,35,2268
1760,44.23195,-76.52267,36,2274
1760,44.23222,-76.52267,37,2303
1760,44.23248,-76.52255,38,2332
1760,44.23268,-76.52237,39,2358
1760,44.23281,-76.52258,40,2380
1760,44.23298,-76.52272,41,2400
1760,44.23321,-76.52279,42,2425
1760,44.23373,-76.52276,43,2488
1760,44.23373,-76.52283,44,2494
1760,44.23518,-76.52297,45,2655
1760,44.23532,-76.52292,46,2675
1760,44.2363,-76.52301,47,2794
1760,44.23644,-76.52309,48,2814
1760,44.23771,-76.52314,49,2961
1760,44.2377,-76.52323,50,2968
1760,44.2385,-76.5233,51,3057
1760,44.23856,-76.52243,52,3121
1760,44.23843,-76.52162,53,3184
1760,44.23815,-76.52088,54,3248
1760,44.2378,-76.52034,55,3304
1760,44.23764,-76.52029,56,3327
1760,44.23768,-76.52022,57,3334
1760,44.23621,-76.51855,58,3544
1760,44.23563,-76.51799,59,3628
1760,44.23566,-76.51792,60,3634
1760,44.23461,-76.51672,61,3785
1760,44.23381,-76.51625,62,3886
1760,44.23384,-76.51615,63,3894
1760,44.23371,-76.51606,64,3910
1760,44.23383,-76.51562,65,3946
1760,44.2339,-76.51474,66,4015
1760,44.23484,-76.51481,67,4117
1760,44.23546,-76.51498,68,4182
1760,44.23582,-76.5152,69,4222
1760,44.23681,-76.51628,70,4360
1760,44.23875,-76.51833,71,4641
1760,44.2387,-76.51843,72,4651
1760,44.2391,-76.51882,73,4704
1760,44.23941,-76.519,74,4740
1760,44.23962,-76.51899,75,4762
1760,44.23986,-76.5189,76,4789
1760,44.24003,-76.51873,77,4812
1760,44.24022,-76.51841,78,4845
1760,44.24057,-76.51725,79,4944
1760,44.24059,-76.51701,80,4963
1760,44.24173,-76.51696,81,5089
1760,44.24231,-76.51704,82,5153
1760,44.24231,-76.5167,83,5180
1760,44.242,-76.5168,84,5223
1761,44.25497,-76.57308,0,0
1761,44.25485,-76.57308,1,13
1761,44.25483,-76.57389,2,77
1761,44.25485,-76.57399,3,85
1761,44.25495,-76.57417,4,100
1761,44.25506,-76.57424,5,111
1761,44.25637,-76.57432,6,255
1761,44.2566,-76.57433,7,280
1761,44.25677,-76.57429,8,297
1761,44.25722,-76.57395,9,360
1761,44.25724,-76.57406,10,368
1761,44.25738,-76.574,11,383
1761,44.25858,-76.57404,12,515
1761,44.25866,-76.57585,13,659
1761,44.25882,-76.57651,14,725
1761,44.25871,-76.57654,15,737
1761,44.25889,-76.57832,16,879
1761,44.25943,-76.581,17,1113
1761,44.25932,-76.58104,18,1125
1761,44.25972,-76.58367,19,1340
1761,44.25761,-76.58425,20,1578
1761,44.25716,-76.58444,21,1626
1761,44.25651,-76.58503,22,1706
1761,44.2554,-76.58655,23,1878
1761,44.25535,-76.58682,24,1907
1761,44.25528,-76.58672,25,1918
1761,44.25447,-76.5876,26,2028
1761,44.25278,-76.58854,27,2226
1761,44.25254,-76.58877,28,2264
1761,44.25252,-76.58867,29,2272
1761,44.25106,-76.58937,30,2443
1761,44.25039,-76.58969,31,2522
1761,44.25009,-76.58895,32,2597
1761,44.25019,-76.58891,33,2607
1761,44.24956,-76.5868,34,2788
1761,44.249,-76.5854,35,2926
1761,44.24911,-76.58533,36,2938
1761,44.24828,-76.58268,37,3169
1761,44.24801,-76.58133,38,3274
1761,44.24787,-76.58076,39,3330
1761,44.24798,-76.58075,40,3341
1761,44.24807,-76.57942,41,3447
1761,44.2483,-76.57838,42,3532
1761,44.24758,-76.57783,43,3624
1761,44.24763,-76.57778,44,3630
1761,44.24746,-76.57743,45,3660
1761,44.24736,-76.57702,46,3692
1761,44.24729,-76.5757,47,3795
1761,44.24712,-76.57452,48,3895
1761,44.24718,-76.57451,49,3901
1761,44.2468,-76.57211,50,4095
1761,44.24661,-76.57072,51,4205
1761,44.24654,-76.5684,52,4394
1761,44.24661,-76.5684,53,4401
1761,44.24662,-76.56805,54,4428
1761,44.24473,-76.56791,55,4637
1761,44.24433,-76.56808,56,4695
1761,44.24433,-76.56789,57,4710
1761,44.242,-76.56793,58,4980
1761,44.24201,-76.56777,59,4992
1761,44.24067,-76.56772,60,5139
1761,44.23832,-76.56776,61,5414
1761,44.23833,-76.56757,62,5428
1761,44.23719,-76.56746,63,5554
1761,44.23751,-76.57076,64,5834
1761,44.23737,-76.57077,65,5849
1761,44.23758,-76.57459,66,6154
1761,44.23699,-76.5746,67,6225
1761,44.23699,-76.57453,68,6231
1761,44.2356,-76.57446,69,6392
1761,44.23561,-76.57437,70,6399
1761,44.23411,-76.57424,71,6564
1761,44.23171,-76.57399,72,6831
1761,44.23137,-76.57403,73,6873
1761,44.22825,-76.57366,74,7226
1761,44.22821,-76.5733,75,7261
1761,44.22827,-76.5733,76,7267
1761,44.22836,-76.57141,77,7417
1761,44.22837,-76.57021,78,7512
1761,44.22579,-76.56995,79,7799
1761,44.22318,-76.56969,80,8089
1761,44.22133,-76.56953,81,8294
1761,44.21968,-76.56938,82,8478
1761,44.21891,-76.56943,83,8574
1761,44.21892,-76.56929,84,8585
1761,44.2184,-76.56924,85,8642
1761,44.21842,-76.56733,86,8802
1761,44.2185,-76.56733,87,8811
1761,44.21858,-76.56578,88,8934
1761,44.21853,-76.56521,89,8988
1761,44.21861,-76.56522,90,8997
1761,44.21892,-76.55991,91,9421
1761,44.21885,-76.55931,92,9478
1761,44.21894,-76.55932,93,9488
1761,44.21912,-76.5556,94,9785
1761,44.21932,-76.55087,95,10163
1761,44.21959,-76.54809,96,10386
1761,44.22001,-76.54473,97,10657
1761,44.22019,-76.54237,98,10846
1761,44.22007,-76.53876,99,11134
1761,44.21997,-76.53617,100,11340
1761,44.21986,-76.53522,101,11426
1761,44.21998,-76.53523,102,11439
1761,44.22006,-76.5337,103,11561
1761,44.22017,-76.53128,104,11754
1761,44.22008,-76.53028,105,11847
1761,44.22022,-76.5303,106,11862
1761,44.22045,-76.525,107,12286
1761,44.22134,-76.52519,108,12386
1761,44.22158,-76.52514,109,12416
1761,44.22243,-76.5253,110,12516
1761,44.22354,-76.52541,111,12639
1761,44.2244,-76.52542,112,12741
1761,44.2244,-76.52549,113,12747
1761,44.22541,-76.5256,114,12859
1761,44.22539,-76.52616,115,12903
1761,44.22532,-76.52631,116,12918
1761,44.22509,-76.52654,117,12949
1761,44.22497,-76.5266,118,12961
1761,44.22403,-76.52654,119,13063
1761,44.22395,-76.52649,120,13073
1761,44.22372,-76.52642,121,13105
1762,44.23138,-76.48441,0,0
1762,44.23137,-76.48432,1,7
1762,44.23093,-76.48447,2,56
1762,44.23009,-76.48516,3,164
1762,44.22983,-76.4855,4,210
1762,44.22979,-76.48542,5,217
1762,44.2287,-76.48647,6,369
1762,44.22867,-76.48639,7,375
1762,44.22775,-76.48718,8,493
1762,44.22711,-76.48787,9,590
1762,44.22707,-76.48779,10,598
1762,44.22689,-76.48795,11,621
1762,44.22531,-76.49055,12,893
1762,44.22494,-76.49053,13,934
1762,44.2248,-76.49198,14,1056
1762,44.22473,-76.49195,15,1063
1762,44.22443,-76.49479,16,1299
1762,44.22435,-76.49477,17,1308
1762,44.22426,-76.49559,18,1373
1762,44.22614,-76.49548,19,1587
1762,44.22614,-76.49557,20,1593
1762,44.2279,-76.49555,21,1788
1762,44.22786,-76.49714,22,1919
1762,44.22779,-76.49711,23,1927
1762,44.2273,-76.49974,24,2143
1762,44.2273,-76.50008,25,2175
1762,44.22724,-76.50005,26,2181
1762,44.22701,-76.50137,27,2289
1762,44.22687,-76.50233,28,2372
1762,44.22681,-76.5023,29,2379
1762,44.22643,-76.50354,30,2486
1762,44.226,-76.50493,31,2605
1762,44.22547,-76.50693,32,2783
1762,44.22539,-76.50688,33,2792
1762,44.22496,-76.5083,34,2915
1762,44.22449,-76.50984,35,3047
1762,44.22445,-76.51013,36,3075
1762,44.22363,-76.51277,37,3309
1762,44.22335,-76.51396,38,3417
1762,44.22327,-76.51391,39,3426
1762,44.22258,-76.5161,40,3616
1762,44.22223,-76.51748,41,3733
1762,44.22203,-76.51803,42,3786
1762,44.22126,-76.51936,43,3925
1762,44.22109,-76.51978,44,3966
1762,44.22102,-76.51983,45,3978
1762,44.22071,-76.52047,46,4039
1762,44.22065,-76.52246,47,4205
1762,44.22059,-76.52246,48,4212
1762,44.22052,-76.52381,49,4320
1762,44.22055,-76.52471,50,4400
1762,44.22047,-76.5247,51,4409
1762,44.22045,-76.525,52,4433
1762,44.22134,-76.52519,53,4533
1762,44.22158,-76.52514,54,4563
1762,44.22243,-76.5253,55,4663
1762,44.22354,-76.52541,56,4786
1762,44.2244,-76.52542,57,4888
1762,44.2244,-76.52549,58,4894
1762,44.22541,-76.5256,59,5006
1762,44.22539,-76.52616,60,5050
1762,44.22532,-76.52631,61,5065
1762,44.22509,-76.52654,62,5096
1762,44.22497,-76.5266,63,5108
1762,44.22403,-76.52654,64,5210
1762,44.22395,-76.52649,65,5220
1762,44.22372,-76.52642,66,5252
1763,44.22372,-76.52642,0,0
1763,44.22378,-76.52632,1,10
1763,44.22361,-76.52613,2,33
1763,44.22357,-76.52605,3,39
1763,44.22355,-76.52595,4,46
1763,44.22354,-76.52541,5,88
1763,44.2244,-76.52542,6,190
1763,44.2244,-76.52549,7,196
1763,44.22541,-76.5256,8,308
1763,44.22664,-76.52574,9,445
1763,44.227,-76.52569,10,490
1763,44.227,-76.52578,11,496
1763,44.22994,-76.52596,12,830
1763,44.22993,-76.52607,13,839
1763,44.23185,-76.52631,14,1052
1763,44.23315,-76.52676,15,1199
1763,44.23479,-76.52737,16,1387
1763,44.23477,-76.5276,17,1405
1763,44.2347,-76.52789,18,1427
1763,44.23456,-76.52817,19,1451
1763,44.23473,-76.52845,20,1480
1763,44.23481,-76.5287,21,1501
1763,44.23482,-76.52878,22,1507
1763,44.23484,-76.52885,23,1513
1763,44.23486,-76.52955,24,1571
1763,44.23468,-76.531,25,1694
1763,44.2346,-76.5323,26,1796
1763,44.23449,-76.53305,27,1862
1763,44.23443,-76.53301,28,1869
1763,44.23435,-76.53321,29,1887
1763,44.23568,-76.5347,30,2076
1763,44.23595,-76.53485,31,2114
1763,44.23591,-76.53493,32,2121
1763,44.23599,-76.53502,33,2132
1763,44.23726,-76.53553,34,2285
1763,44.23724,-76.53562,35,2292
1763,44.238,-76.53597,36,2379
1763,44.23871,-76.53602,37,2458
1763,44.23887,-76.53349,38,2671
1763,44.23899,-76.53354,39,2684
1763,44.23918,-76.53035,40,2955
1763,44.23934,-76.53038,41,2972
1763,44.23949,-76.52897,42,3086
1763,44.23969,-76.52594,43,3341
1763,44.23981,-76.52596,44,3354
1763,44.23998,-76.52333,45,3572
1763,44.24006,-76.52334,46,3580
1763,44.24027,-76.5208,47,3783
1763,44.24041,-76.51921,48,3910
1763,44.24051,-76.51792,49,4013
1763,44.24059,-76.51701,50,4086
1763,44.24173,-76.51696,51,4212
1763,44.24231,-76.51704,52,4276
1763,44.24231,-76.5167,53,4303
1763,44.242,-76.5168,54,4346
1763,44.242,-76.5167,55,4354
1763,44.24176,-76.5167,56,4380
1763,44.24173,-76.51696,57,4401
1763,44.24059,-76.51701,58,4527
1763,44.24077,-76.51451,59,4727
1763,44.24075,-76.51358,60,4813
1763,44.24086,-76.5136,61,4826
1763,44.24115,-76.51153,62,4993
1763,44.24124,-76.50766,63,5302
1763,44.24116,-76.50696,64,5364
1763,44.24123,-76.50696,65,5371
1763,44.24125,-76.50477,66,5544
1763,44.24131,-76.5034,67,5653
1763,44.24124,-76.50313,68,5682
1763,44.24132,-76.50314,69,5690
1763,44.24138,-76.50115,70,5847
1763,44.24149,-76.49876,71,6038
1763,44.24147,-76.49823,72,6085
1763,44.24152,-76.49824,73,6091
1763,44.24161,-76.49629,74,6246
1763,44.24169,-76.49543,75,6315
1763,44.24185,-76.49495,76,6355
1763,44.24182,-76.49461,77,6388
1763,44.24189,-76.49463,78,6396
1763,44.24225,-76.49213,79,6600
1763,44.24255,-76.49006,80,6768
1763,44.2425,-76.4898,81,6796
1763,44.24258,-76.48982,82,6805
1763,44.24287,-76.48785,83,6965
1763,44.24191,-76.48775,84,7070
1763,44.24126,-76.4877,85,7148
1763,44.24129,-76.4876,86,7157
1763,44.24109,-76.48747,87,7180
1763,44.24026,-76.48654,88,7296
1763,44.2401,-76.48653,89,7320
1763,44.24012,-76.48645,90,7327
1763,44.23903,-76.48584,91,7458
1763,44.23848,-76.48564,92,7527
1763,44.2385,-76.48555,93,7534
1763,44.23786,-76.48521,94,7609
1763,44.23828,-76.48287,95,7800
1763,44.23778,-76.48287,96,7863
1763,44.23778,-76.48277,97,7871
1763,44.23705,-76.48264,98,7951
1763,44.23675,-76.48387,99,8054
1763,44.23593,-76.48394,100,8150
1763,44.23594,-76.48385,101,8157
1763,44.23472,-76.48382,102,8292
1763,44.23398,-76.4839,103,8381
1763,44.23399,-76.4838,104,8389
1763,44.23366,-76.48379,105,8426
1763,44.23347,-76.48252,106,8529
1763,44.23307,-76.48065,107,8692
1763,44.23315,-76.48062,108,8701
1763,44.23286,-76.47893,109,8838
1763,44.23121,-76.47953,110,9034
1763,44.2312,-76.47944,111,9041
1763,44.23022,-76.47976,112,9151
1763,44.22943,-76.4805,113,9256
1763,44.22927,-76.48076,114,9288
1763,44.22923,-76.48068,115,9294
1763,44.22837,-76.48146,116,9406
1763,44.22761,-76.4822,117,9509
1763,44.22723,-76.48264,118,9568
1763,44.2272,-76.48256,119,9574
1763,44.2261,-76.48357,120,9720
1763,44.22594,-76.48382,121,9751
1763,44.2259,-76.48376,122,9757
1763,44.2251,-76.48459,123,9873
1763,44.22426,-76.48528,124,9985
1763,44.2242,-76.48537,125,9994
1763,44.22417,-76.48547,126,10001
1763,44.22417,-76.48562,127,10013
1763,44.22419,-76.48572,128,10021
1763,44.22425,-76.48583,129,10029
1763,44.2243,-76.48588,130,10035
1763,44.22471,-76.48608,131,10087
1763,44.22484,-76.48625,132,10110
1763,44.22384,-76.48835,133,10314
1763,44.2238,-76.4883,134,10320
1763,44.22277,-76.49031,135,10516
1763,44.22275,-76.49131,136,10602
1763,44.22269,-76.49131,137,10608
1763,44.22265,-76.49199,138,10661
1763,44.22273,-76.4927,139,10715
1763,44.22299,-76.49363,140,10791
1763,44.22298,-76.49501,141,10899
1763,44.223,-76.4953,142,10926
1763,44.22266,-76.49819,143,11165
1763,44.22254,-76.49944,144,11265
1763,44.22255,-76.49975,145,11294
1763,44.22239,-76.50101,146,11399
1763,44.22225,-76.50203,147,11482
1763,44.22214,-76.50219,148,11504
1763,44.22194,-76.50275,149,11553
1763,44.22177,-76.50449,150,11692
1763,44.2216,-76.50637,151,11843
1763,44.2216,-76.50694,152,11892
1763,44.22155,-76.50707,153,11906
1763,44.22145,-76.50835,154,12008
1763,44.22139,-76.51031,155,12170
1763,44.22133,-76.51031,156,12176
1763,44.22115,-76.51252,157,12353
1763,44.22116,-76.51289,158,12387
1763,44.2211,-76.51288,159,12393
1763,44.22096,-76.51482,160,12548
1763,44.22092,-76.51738,161,12756
1763,44.22086,-76.51762,162,12780
1763,44.22073,-76.52003,163,12973
1763,44.22065,-76.52246,164,13173
1763,44.22059,-76.52246,165,13180
1763,44.22052,-76.52381,166,13288
1763,44.22045,-76.525,167,13383
1763,44.21995,-76.52506,168,13445
1763,44.21996,-76.52495,169,13453
1763,44.21873,-76.52487,170,13588
1763,44.21842,-76.52488,171,13622
1763,44.21813,-76.52502,172,13655
1763,44.21802,-76.52516,173,13671
1763,44.21786,-76.52558,174,13709
1763,44.21788,-76.52715,175,13847
1764,44.25773,-76.53782,0,0
1764,44.25776,-76.53775,1,6
1764,44.25825,-76.53803,2,64
1764,44.25875,-76.53816,3,120
1764,44.25905,-76.53594,4,299
1764,44.25923,-76.53266,5,561
1764,44.25924,-76.53133,6,667
1764,44.25898,-76.52846,7,897
1764,44.25894,-76.52786,8,945
1764,44.25879,-76.52787,9,961
1764,44.25847,-76.52805,10,999
1764,44.25819,-76.52839,11,1039
1764,44.2579,-76.52896,12,1095
1764,44.25732,-76.52963,13,1178
1764,44.2569,-76.52996,14,1232
1764,44.25631,-76.53015,15,1307
1764,44.25631,-76.53004,16,1316
1764,44.25518,-76.52998,17,1440
1764,44.25325,-76.52997,18,1662
1764,44.25325,-76.52986,19,1670
1764,44.25149,-76.52976,20,1865
1764,44.24956,-76.52962,21,2079
1764,44.2488,-76.52971,22,2171
1764,44.2488,-76.52961,23,2179
1764,44.24679,-76.52949,24,2402
1764,44.24442,-76.5293,25,2664
1764,44.24283,-76.52931,26,2849
1764,44.24283,-76.5292,27,2858
1764,44.24093,-76.52907,28,3070
1764,44.23971,-76.52901,29,3204
1764,44.23871,-76.52867,30,3318
1764,44.23858,-76.5287,31,3338
1764,44.2386,-76.52862,32,3345
1764,44.23759,-76.52827,33,3460
1764,44.23569,-76.5277,34,3675
1764,44.23479,-76.52737,35,3777
1764,44.23445,-76.52735,36,3822
1764,44.23447,-76.52725,37,3830
1764,44.23315,-76.52676,38,3981
1764,44.23222,-76.5264,39,4088
1764,44.23027,-76.5262,40,4311
1764,44.23027,-76.52611,41,4318
1764,44.2276,-76.52584,42,4615
1764,44.227,-76.52586,43,4687
1764,44.22701,-76.52578,44,4693
1764,44.22541,-76.5256,45,4870
1764,44.22539,-76.52616,46,4914
1764,44.22532,-76.52631,47,4929
1764,44.22509,-76.52654,48,4960
1764,44.22497,-76.5266,49,4972
1764,44.22403,-76.52654,50,5074
1764,44.22395,-76.52649,51,5084
1764,44.22372,-76.52642,52,5116
1764,44.22378,-76.52632,53,5126
1764,44.22361,-76.52613,54,5149
1764,44.22357,-76.52605,55,5155
1764,44.22355,-76.52595,56,5162
1764,44.22354,-76.52541,57,5204
1764,44.22243,-76.5253,58,5327
1764,44.2213,-76.52529,59,5460
1764,44.22131,-76.52518,60,5468
1764,44.22045,-76.525,61,5564
1764,44.22047,-76.52292,62,5739
1764,44.22056,-76.52292,63,5749
1764,44.22062,-76.52071,64,5932
1764,44.22069,-76.52072,65,5939
1764,44.22073,-76.52003,66,5993
1764,44.2208,-76.52002,67,6001
1764,44.22096,-76.51993,68,6018
1764,44.22172,-76.5185,69,6158
1764,44.22223,-76.51748,70,6256
1764,44.22221,-76.51728,71,6277
1764,44.22227,-76.51732,72,6284
1764,44.22258,-76.5161,73,6387
1764,44.22295,-76.51492,74,6489
1764,44.22303,-76.51447,75,6531
1764,44.22309,-76.5145,76,6537
1764,44.22363,-76.51277,77,6687
1764,44.22408,-76.51118,78,6823
1764,44.22438,-76.50996,79,6931
1764,44.22444,-76.51,80,6937
1764,44.22484,-76.50868,81,7050
1764,44.22522,-76.50743,82,7157
1764,44.22551,-76.50624,83,7263
1764,44.22558,-76.5063,84,7271
1764,44.226,-76.50493,85,7389
1764,44.22636,-76.50377,86,7489
1764,44.22663,-76.50261,87,7594
1764,44.2267,-76.50265,88,7603
1764,44.22701,-76.50137,89,7710
1764,44.2272,-76.49989,90,7836
1764,44.22727,-76.49991,91,7843
1764,44.22758,-76.49822,92,7982
1764,44.22769,-76.49717,93,8074
1764,44.22777,-76.4972,94,8082
1764,44.22793,-76.49622,95,8160
1764,44.2279,-76.49555,96,8212
1764,44.22624,-76.49571,97,8406
1764,44.22624,-76.49557,98,8417
1764,44.22509,-76.49558,99,8544
1764,44.22426,-76.49559,100,8636
1764,44.22427,-76.49475,101,8709
1764,44.22435,-76.49477,102,8717
1764,44.22464,-76.49221,103,8929
1764,44.22469,-76.49223,104,8935
1764,44.22494,-76.49053,105,9072
1764,44.22531,-76.49055,106,9113
1764,44.22683,-76.48793,107,9388
1764,44.22688,-76.48798,108,9394
1764,44.22775,-76.48718,109,9508
1764,44.22844,-76.48647,110,9609
1764,44.22848,-76.48656,111,9616
1764,44.22931,-76.48584,112,9723
1764,44.23009,-76.48516,113,9825
1764,44.23093,-76.48447,114,9933
1764,44.23117,-76.4856,115,10033
1764,44.23111,-76.48562,116,10039
1764,44.23139,-76.4875,117,10192
1764,44.23166,-76.48926,118,10335
1764,44.23193,-76.49101,119,10477
1764,44.23207,-76.49143,120,10522
1764,44.23199,-76.49145,121,10531
1764,44.23219,-76.49274,122,10635
1764,44.23346,-76.49304,123,10777
1764,44.23478,-76.49327,124,10932
1764,44.23477,-76.49337,125,10940
1764,44.23581,-76.49365,126,11056
1764,44.23726,-76.49402,127,11219
1764,44.23795,-76.49406,128,11301
1764,44.23794,-76.49415,129,11307
1764,44.23916,-76.49428,130,11449
1764,44.23916,-76.49437,131,11456
1764,44.24078,-76.49462,132,11642
1764,44.24077,-76.4947,133,11648
1764,44.24185,-76.49495,134,11768
1764,44.24341,-76.49519,135,11942
1764,44.24371,-76.49515,136,11981
1764,44.24371,-76.49523,137,11987
1764,44.24463,-76.49536,138,12089
1764,44.24554,-76.49539,139,12196
1764,44.24553,-76.49549,140,12203
1764,44.24784,-76.49575,141,12465
1764,44.24783,-76.49583,142,12471
1764,44.24977,-76.49616,143,12686
1764,44.25018,-76.4961,144,12739
1764,44.25017,-76.49622,145,12748
1764,44.25341,-76.4967,146,13109
1764,44.25379,-76.49664,147,13159
1764,44.25378,-76.49676,148,13168
1764,44.25494,-76.49695,149,13297
1764,44.25637,-76.49719,150,13455
1764,44.25637,-76.4986,151,13575
1764,44.2563,-76.4986,152,13583
1764,44.25618,-76.50115,153,13786
1764,44.25622,-76.50141,154,13811
1764,44.25616,-76.5014,155,13817
1764,44.25609,-76.50293,156,13939
1764,44.25612,-76.5038,157,14015
1764,44.25604,-76.50379,158,14023
1764,44.25595,-76.50589,159,14190
1764,44.25875,-76.50603,160,14509
1765,44.25851,-76.50624,0,0
1765,44.25852,-76.50614,1,8
1765,44.25595,-76.50589,2,293
1765,44.25596,-76.50403,3,447
1765,44.25603,-76.50403,4,454
1765,44.25609,-76.50114,5,692
1765,44.25618,-76.50115,6,701
1765,44.25625,-76.49963,7,823
1765,44.25626,-76.49763,8,990
1765,44.25634,-76.49764,9,999
1765,44.25637,-76.49719,10,1035
1765,44.25528,-76.49701,11,1155
1765,44.25341,-76.4967,12,1364
1765,44.25317,-76.49678,13,1397
1765,44.25318,-76.49667,14,1405
1765,44.25027,-76.49635,15,1738
1765,44.25028,-76.49623,16,1747
1765,44.24794,-76.49585,17,2007
1765,44.24759,-76.49589,18,2052
1765,44.2476,-76.4958,19,2059
1765,44.24562,-76.4955,20,2279
1765,44.24533,-76.49554,21,2317
1765,44.24533,-76.49546,22,2323
1765,44.24383,-76.49524,23,2489
1765,44.2435,-76.49529,24,2530
1765,44.24351,-76.4952,25,2536
1765,44.24185,-76.49495,26,2721
1765,44.24093,-76.49485,27,2831
1765,44.24094,-76.49474,28,2840
1765,44.23993,-76.49455,29,2952
1765,44.23903,-76.49444,30,3059
1765,44.23904,-76.49435,31,3066
1765,44.23807,-76.49417,32,3175
1765,44.23791,-76.49422,33,3198
1765,44.23791,-76.49414,34,3204
1765,44.23662,-76.49385,35,3348
1765,44.23529,-76.4935,36,3497
1765,44.23475,-76.49348,37,3564
1765,44.23476,-76.49337,38,3572
1765,44.23346,-76.49304,39,3718
1765,44.2329,-76.49151,40,3861
1765,44.23297,-76.49149,41,3868
1765,44.23259,-76.48902,42,4068
1765,44.23237,-76.48795,43,4161
1765,44.23205,-76.48556,44,4359
1765,44.23183,-76.48417,45,4472
1765,44.23138,-76.48441,46,4532
1765,44.23137,-76.48432,47,4539
1765,44.23093,-76.48447,48,4588
1765,44.23009,-76.48516,49,4696
1765,44.22983,-76.4855,50,4742
1765,44.22979,-76.48542,51,4749
1765,44.2287,-76.48647,52,4901
1765,44.22867,-76.48639,53,4907
1765,44.22775,-76.48718,54,5025
1765,44.22711,-76.48787,55,5122
1765,44.22707,-76.48779,56,5130
1765,44.22689,-76.48795,57,5153
1765,44.22531,-76.49055,58,5425
1765,44.22494,-76.49053,59,5466
1765,44.2248,-76.49198,60,5588
1765,44.22473,-76.49195,61,5595
1765,44.22443,-76.49479,62,5831
1765,44.22435,-76.49477,63,5840
1765,44.22426,-76.49559,64,5905
1765,44.22614,-76.49548,65,6119
1765,44.22614,-76.49557,66,6125
1765,44.2279,-76.49555,67,6320
1765,44.22786,-76.49714,68,6451
1765,44.22779,-76.49711,69,6459
1765,44.2273,-76.49974,70,6675
1765,44.2273,-76.50008,71,6707
1765,44.22724,-76.50005,72,6713
1765,44.22701,-76.50137,73,6821
1765,44.22687,-76.50233,74,6904
1765,44.22681,-76.5023,75,6911
1765,44.22643,-76.50354,76,7018
1765,44.226,-76.50493,77,7137
1765,44.22547,-76.50693,78,7315
1765,44.22539,-76.50688,79,7324
1765,44.22496,-76.5083,80,7447
1765,44.22449,-76.50984,81,7579
1765,44.22445,-76.51013,82,7607
1765,44.22363,-76.51277,83,7841
1765,44.22335,-76.51396,84,7949
1765,44.22327,-76.51391,85,7958
1765,44.22258,-76.5161,86,8148
1765,44.22223,-76.51748,87,8265
1765,44.22203,-76.51803,88,8318
1765,44.22126,-76.51936,89,8457
1765,44.22109,-76.51978,90,8498
1765,44.22102,-76.51983,91,8510
1765,44.22071,-76.52047,92,8571
1765,44.22065,-76.52246,93,8737
1765,44.22059,-76.52246,94,8744
1765,44.22052,-76.52381,95,8852
1765,44.22055,-76.52471,96,8932
1765,44.22047,-76.5247,97,8941
1765,44.22045,-76.525,98,8965
1765,44.22134,-76.52519,99,9065
1765,44.22158,-76.52514,100,9095
1765,44.22243,-76.5253,101,9195
1765,44.22354,-76.52541,102,9318
1765,44.2244,-76.52542,103,9420
1765,44.2244,-76.52549,104,9426
1765,44.22541,-76.5256,105,9538
1765,44.22539,-76.52616,106,9582
1765,44.22532,-76.52631,107,9597
1765,44.22509,-76.52654,108,9628
1765,44.22497,-76.5266,109,9640
1765,44.22403,-76.52654,110,9742
1765,44.22395,-76.52649,111,9752
1765,44.22372,-76.52642,112,9784
1765,44.22378,-76.52632,113,9794
1765,44.22361,-76.52613,114,9817
1765,44.22357,-76.52605,115,9823
1765,44.22355,-76.52595,116,9830
1765,44.22354,-76.52541,117,9872
1765,44.2244,-76.52542,118,9974
1765,44.2244,-76.52549,119,9980
1765,44.22541,-76.5256,120,10092
1765,44.22664,-76.52574,121,10229
1765,44.227,-76.52569,122,10274
1765,44.227,-76.52578,123,10280
1765,44.22994,-76.52596,124,10614
1765,44.22993,-76.52607,125,10623
1765,44.23185,-76.52631,126,10836
1765,44.23315,-76.52676,127,10983
1765,44.2347,-76.52722,128,11166
1765,44.23468,-76.52733,129,11174
1765,44.23569,-76.5277,130,11289
1765,44.23685,-76.52802,131,11420
1765,44.23783,-76.52823,132,11538
1765,44.23781,-76.52834,133,11547
1765,44.23871,-76.52867,134,11650
1765,44.23971,-76.52901,135,11764
1765,44.24077,-76.52906,136,11881
1765,44.24097,-76.529,137,11907
1765,44.2427,-76.52919,138,12104
1765,44.24291,-76.52913,139,12135
1765,44.24293,-76.5292,140,12141
1765,44.24435,-76.52922,141,12304
1765,44.24435,-76.52929,142,12310
1765,44.24654,-76.52936,143,12560
1765,44.24653,-76.52947,144,12568
1765,44.24849,-76.52949,145,12792
1765,44.24849,-76.52959,146,12799
1765,44.24956,-76.52962,147,12918
1765,44.25031,-76.52959,148,13007
1765,44.25031,-76.52968,149,13014
1765,44.25149,-76.52976,150,13145
1765,44.25261,-76.52976,151,13274
1765,44.25518,-76.52998,152,13564
1765,44.25607,-76.52994,153,13668
1765,44.25607,-76.53003,154,13674
1765,44.25664,-76.53004,155,13737
1765,44.2569,-76.52996,156,13766
1765,44.25732,-76.52963,157,13820
1765,44.2579,-76.52896,158,13903
1765,44.25819,-76.52839,159,13959
1765,44.25847,-76.52805,160,13999
1765,44.25879,-76.52787,161,14037
1765,44.25893,-76.52784,162,14052
1765,44.2591,-76.52991,163,14217
1765,44.25924,-76.53133,164,14331
1765,44.25905,-76.53594,165,14699
1765,44.25876,-76.53815,166,14878
1765,44.25773,-76.53782,167,14998
1766,44.22372,-76.52642,0,0
1766,44.22378,-76.52632,1,10
1766,44.22361,-76.52613,2,33
1766,44.22357,-76.52605,3,39
1766,44.22355,-76.52595,4,46
1766,44.22354,-76.52541,5,88
1766,44.22243,-76.5253,6,211
1766,44.2225,-76.52401,7,314
1766,44.22245,-76.52377,8,338
1766,44.22251,-76.52379,9,345
1766,44.22257,-76.52163,10,522
1766,44.22262,-76.52151,11,536
1766,44.22385,-76.52164,12,672
1766,44.22449,-76.52187,13,741
1766,44.22465,-76.52181,14,762
1766,44.22466,-76.52187,15,768
1766,44.22472,-76.52187,16,774
1766,44.22482,-76.52181,17,785
1766,44.22489,-76.52169,18,797
1766,44.22496,-76.52046,19,894
1766,44.22517,-76.52042,20,922
1766,44.22528,-76.52048,21,936
1766,44.22659,-76.52056,22,1087
1766,44.22687,-76.52067,23,1123
1766,44.22693,-76.51938,24,1225
1766,44.227,-76.51814,25,1324
1766,44.22748,-76.51811,26,1382
1766,44.2289,-76.51831,27,1544
1766,44.23046,-76.5184,28,1722
1766,44.23064,-76.51849,29,1746
1766,44.23053,-76.52089,30,1943
1766,44.23047,-76.52102,31,1958
1766,44.23037,-76.5225,32,2076
1766,44.23062,-76.52245,33,2109
1766,44.23061,-76.52252,34,2115
1766,44.23195,-76.52259,35,2268
1766,44.23195,-76.52267,36,2274
1766,44.23222,-76.52267,37,2303
1766,44.23248,-76.52255,38,2332
1766,44.23268,-76.52237,39,2358
1766,44.23281,-76.52258,40,2380
1766,44.23298,-76.52272,41,2400
1766,44.23321,-76.52279,42,2425
1766,44.23373,-76.52276,43,2488
1766,44.23373,-76.52283,44,2494
1766,44.23518,-76.52297,45,2655
1766,44.23532,-76.52292,46,2675
1766,44.2363,-76.52301,47,2794
1766,44.23644,-76.52309,48,2814
1766,44.23771,-76.52314,49,2961
1766,44.2377,-76.52323,50,2968
1766,44.2385,-76.5233,51,3057
1766,44.23856,-76.52243,52,3121
1766,44.23843,-76.52162,53,3184
1766,44.23815,-76.52088,54,3248
1766,44.2378,-76.52034,55,3304
1766,44.23764,-76.52029,56,3327
1766,44.23768,-76.52022,57,3334
1766,44.23621,-76.51855,58,3544
1766,44.23563,-76.51799,59,3628
1766,44.23566,-76.51792,60,3634
1766,44.23461,-76.51672,61,3785
1766,44.23381,-76.51625,62,3886
1766,44.23384,-76.51615,63,3894
1766,44.23371,-76.51606,64,3910
1766,44.23383,-76.51562,65,3946
1766,44.2339,-76.51474,66,4015
1766,44.23484,-76.51481,67,4117
1766,44.23546,-76.51498,68,4182
1766,44.23582,-76.5152,69,4222
1766,44.23681,-76.51628,70,4360
1766,44.23875,-76.51833,71,4641
1766,44.2387,-76.51843,72,4651
1766,44.2391,-76.51882,73,4704
1766,44.23941,-76.519,74,4740
1766,44.23962,-76.51899,75,4762
1766,44.23986,-76.5189,76,4789
1766,44.24003,-76.51873,77,4812
1766,44.24022,-76.51841,78,4845
1766,44.24057,-76.51725,79,4944
1766,44.24059,-76.51701,80,4963
1766,44.24173,-76.51696,81,5089
1766,44.24231,-76.51704,82,5153
1766,44.24231,-76.5167,83,5180
1766,44.24181,-76.51679,84,5242
1766,44.24181,-76.5167,85,5249
1766,44.24176,-76.5167,86,5255
1766,44.24173,-76.51696,87,5276
1766,44.24059,-76.51701,88,5402
1766,44.24077,-76.51451,89,5602
1766,44.24075,-76.51358,90,5688
1766,44.24086,-76.5136,91,5701
1766,44.24115,-76.51153,92,5868
1766,44.24124,-76.50766,93,6177
1766,44.24116,-76.50696,94,6239
1766,44.24123,-76.50696,95,6246
1766,44.24125,-76.50477,96,6419
1766,44.24131,-76.5034,97,6528
1766,44.24124,-76.50313,98,6557
1766,44.24132,-76.50314,99,6565
1766,44.24135,-76.50235,100,6627
1766,44.24292,-76.50252,101,6802
1766,44.24455,-76.50268,102,6983
1766,44.24454,-76.50157,103,7076
1766,44.2446,-76.50158,104,7082
1766,44.24461,-76.50145,105,7092
1766,44.24626,-76.50156,106,7275
1766,44.24743,-76.50155,107,7411
1766,44.24743,-76.50164,108,7418
1766,44.24992,-76.50181,109,7694
1766,44.25008,-76.50174,110,7717
1766,44.25008,-76.50182,111,7723
1766,44.25107,-76.50189,112,7834
1766,44.25241,-76.50198,113,7982
1766,44.25328,-76.50204,114,8079
1766,44.25324,-76.50138,115,8137
1766,44.2533,-76.50138,116,8143
1766,44.25337,-76.49936,117,8304
1766,44.25333,-76.49789,118,8426
1766,44.25339,-76.49789,119,8432
1766,44.25341,-76.4967,120,8526
1766,44.25379,-76.49664,121,8576
1766,44.25378,-76.49676,122,8585
1766,44.25494,-76.49695,123,8714
1766,44.25625,-76.49704,124,8868
1766,44.25624,-76.49717,125,8878
1766,44.25775,-76.49738,126,9045
1766,44.25876,-76.49754,127,9156
1766,44.2597,-76.49786,128,9258
1766,44.26057,-76.49822,129,9358
1766,44.26166,-76.49828,130,9477
1766,44.26279,-76.49826,131,9602
1766,44.26366,-76.49817,132,9707
1766,44.26366,-76.49829,133,9716
1766,44.26385,-76.49832,134,9736
1766,44.26392,-76.49723,135,9822
1766,44.26258,-76.49711,136,9975
1767,44.27481,-76.47791,0,0
1767,44.27484,-76.47813,1,20
1767,44.27483,-76.47825,2,28
1767,44.27422,-76.47936,3,138
1767,44.27413,-76.4796,4,166
1767,44.27408,-76.47955,5,173
1767,44.27322,-76.48047,6,292
1767,44.27223,-76.48157,7,432
1767,44.2717,-76.48239,8,527
1767,44.27165,-76.48233,9,534
1767,44.27104,-76.48323,10,632
1767,44.27154,-76.48377,11,702
1767,44.27157,-76.48387,12,710
1767,44.27135,-76.48445,13,766
1767,44.2704,-76.48624,14,952
1767,44.26964,-76.48759,15,1093
1767,44.2696,-76.48767,16,1100
1767,44.26952,-76.48772,17,1108
1767,44.26844,-76.48764,18,1233
1767,44.26844,-76.48756,19,1239
1767,44.26835,-76.48755,20,1249
1767,44.2685,-76.48488,21,1467
1767,44.26855,-76.48489,22,1473
1767,44.26867,-76.48329,23,1601
1767,44.26877,-76.48195,24,1707
1767,44.26874,-76.48179,25,1717
1767,44.26854,-76.48175,26,1744
1767,44.26855,-76.48167,27,1750
1767,44.26825,-76.48164,28,1782
1767,44.26819,-76.48166,29,1788
1767,44.26812,-76.48171,30,1796
1767,44.26717,-76.48339,31,1965
1767,44.26682,-76.48414,32,2042
1767,44.26677,-76.48407,33,2049
1767,44.26624,-76.48511,34,2149
1767,44.26603,-76.48762,35,2355
1767,44.26598,-76.48761,36,2361
1767,44.26577,-76.49119,37,2653
1767,44.26571,-76.49119,38,2659
1767,44.26567,-76.49203,39,2725
1767,44.26633,-76.49475,40,2960
1767,44.26627,-76.49478,41,2967
1767,44.26651,-76.49592,42,3060
1767,44.26649,-76.49734,43,3179
1767,44.26642,-76.49733,44,3186
1767,44.26637,-76.498,45,3239
1767,44.26616,-76.49864,46,3295
1767,44.26502,-76.49849,47,3421
1767,44.26419,-76.49859,48,3530
1767,44.26421,-76.49837,49,3548
1767,44.26279,-76.49826,50,3704
1767,44.26166,-76.49828,51,3829
1767,44.26069,-76.49825,52,3935
1767,44.2597,-76.49786,53,4048
1767,44.25958,-76.4992,54,4156
1767,44.2595,-76.50309,55,4466
1767,44.25953,-76.5036,56,4511
1767,44.25948,-76.50359,57,4517
1767,44.25941,-76.50557,58,4675
1767,44.25939,-76.50622,59,4726
1767,44.25851,-76.50624,60,4831
1767,44.25852,-76.50614,61,4839
1767,44.25595,-76.50589,62,5124
1767,44.25596,-76.50403,63,5278
1767,44.25603,-76.50403,64,5285
1767,44.25609,-76.50114,65,5523
1767,44.25618,-76.50115,66,5532
1767,44.25625,-76.49963,67,5654
1767,44.25626,-76.49763,68,5821
1767,44.25634,-76.49764,69,5830
1767,44.25637,-76.49719,70,5866
1767,44.25528,-76.49701,71,5986
1767,44.25341,-76.4967,72,6195
1767,44.25317,-76.49678,73,6228
1767,44.25318,-76.49667,74,6236
1767,44.25027,-76.49635,75,6569
1767,44.25028,-76.49623,76,6578
1767,44.24794,-76.49585,77,6838
1767,44.24759,-76.49589,78,6883
1767,44.2476,-76.4958,79,6890
1767,44.24562,-76.4955,80,7110
1767,44.24533,-76.49554,81,7148
1767,44.24533,-76.49546,82,7154
1767,44.24383,-76.49524,83,7320
1767,44.2435,-76.49529,84,7361
1767,44.24351,-76.4952,85,7367
1767,44.24185,-76.49495,86,7552
1767,44.24093,-76.49485,87,7662
1767,44.24094,-76.49474,88,7671
1767,44.23993,-76.49455,89,7783
1767,44.23903,-76.49444,90,7890
1767,44.23904,-76.49435,91,7897
1767,44.23807,-76.49417,92,8006
1767,44.23791,-76.49422,93,8029
1767,44.23791,-76.49414,94,8035
1767,44.23662,-76.49385,95,8179
1767,44.23529,-76.4935,96,8328
1767,44.23475,-76.49348,97,8395
1767,44.23476,-76.49337,98,8403
1767,44.23346,-76.49304,99,8549
1767,44.2329,-76.49151,100,8692
1767,44.23297,-76.49149,101,8699
1767,44.23259,-76.48902,102,8899
1767,44.23237,-76.48795,103,8992
1767,44.23205,-76.48556,104,9190
1767,44.23183,-76.48417,105,9303
1767,44.23138,-76.48441,106,9363
1767,44.23137,-76.48432,107,9370
1767,44.23093,-76.48447,108,9419
1767,44.23009,-76.48516,109,9527
1767,44.22983,-76.4855,110,9573
1767,44.22979,-76.48542,111,9580
1767,44.2287,-76.48647,112,9732
1767,44.22867,-76.48639,113,9738
1767,44.22775,-76.48718,114,9856
1767,44.22711,-76.48787,115,9953
1767,44.22707,-76.48779,116,9961
1767,44.22689,-76.48795,117,9984
1767,44.22531,-76.49055,118,10256
1767,44.22494,-76.49053,119,10297
1767,44.2248,-76.49198,120,10419
1767,44.22473,-76.49195,121,10426
1767,44.22443,-76.49479,122,10662
1767,44.22435,-76.49477,123,10671
1767,44.22426,-76.49559,124,10736
1767,44.22614,-76.49548,125,10950
1767,44.22614,-76.49557,126,10956
1767,44.2279,-76.49555,127,11151
1767,44.22786,-76.49714,128,11282
1767,44.22779,-76.49711,129,11290
1767,44.2273,-76.49974,130,11506
1767,44.2273,-76.50008,131,11538
1767,44.22724,-76.50005,132,11544
1767,44.22701,-76.50137,133,11652
1767,44.22687,-76.50233,134,11735
1767,44.22681,-76.5023,135,11742
1767,44.22643,-76.50354,136,11849
1767,44.226,-76.50493,137,11968
1767,44.22547,-76.50693,138,12146
1767,44.22539,-76.50688,139,12155
1767,44.22496,-76.5083,140,12278
1767,44.22449,-76.50984,141,12410
1767,44.22445,-76.51013,142,12438
1767,44.22363,-76.51277,143,12672
1767,44.22335,-76.51396,144,12780
1767,44.22327,-76.51391,145,12789
1767,44.22258,-76.5161,146,12979
1767,44.22223,-76.51748,147,13096
1767,44.22203,-76.51803,148,13149
1767,44.22126,-76.51936,149,13288
1767,44.22109,-76.51978,150,13329
1767,44.22102,-76.51983,151,13341
1767,44.22071,-76.52047,152,13402
1767,44.22065,-76.52246,153,13568
1767,44.22059,-76.52246,154,13575
1767,44.22052,-76.52381,155,13683
1767,44.22055,-76.52471,156,13763
1767,44.22047,-76.5247,157,13772
1767,44.22045,-76.525,158,13796
1767,44.22134,-76.52519,159,13896
1767,44.22158,-76.52514,160,13926
1767,44.22243,-76.5253,161,14026
1767,44.22354,-76.52541,162,14149
1767,44.2244,-76.52542,163,14251
1767,44.2244,-76.52549,164,14257
1767,44.22541,-76.5256,165,14369
1767,44.22539,-76.52616,166,14413
1767,44.22532,-76.52631,167,14428
1767,44.22509,-76.52654,168,14459
1767,44.22497,-76.5266,169,14471
1767,44.22403,-76.52654,170,14573
1767,44.22395,-76.52649,171,14583
1767,44.22372,-76.52642,172,14615
1767,44.22378,-76.52632,173,14625
1767,44.22361,-76.52613,174,14648
1767,44.22357,-76.52605,175,14654
1767,44.22355,-76.52595,176,14661
1767,44.22354,-76.52541,177,14703
1767,44.2244,-76.52542,178,14805
1767,44.2244,-76.52549,179,14811
1767,44.22541,-76.5256,180,14923
1767,44.22664,-76.52574,181,15060
1767,44.227,-76.52569,182,15105
1767,44.227,-76.52578,183,15111
1767,44.22994,-76.52596,184,15445
1767,44.22993,-76.52607,185,15454
1767,44.23185,-76.52631,186,15667
1767,44.23315,-76.52676,187,15814
1767,44.2347,-76.52722,188,15997
1767,44.23468,-76.52733,189,16005
1767,44.23569,-76.5277,190,16120
1767,44.23685,-76.52802,191,16251
1767,44.23783,-76.52823,192,16369
1767,44.23781,-76.52834,193,16378
1767,44.23871,-76.52867,194,16481
1767,44.23971,-76.52901,195,16595
1767,44.24077,-76.52906,196,16712
1767,44.24097,-76.529,197,16738
1767,44.2427,-76.52919,198,16935
1767,44.24291,-76.52913,199,16966
1767,44.24293,-76.5292,200,16972
1767,44.24435,-76.52922,201,17135
1767,44.24435,-76.52929,202,17141
1767,44.24654,-76.52936,203,17391
1767,44.24653,-76.52947,204,17399
1767,44.24849,-76.52949,205,17623
1767,44.24849,-76.52959,206,17630
1767,44.24956,-76.52962,207,17749
1767,44.25031,-76.52959,208,17838
1767,44.25031,-76.52968,209,17845
1767,44.25149,-76.52976,210,17976
1767,44.25261,-76.52976,211,18105
1767,44.25518,-76.52998,212,18395
1767,44.25607,-76.52994,213,18499
1767,44.25607,-76.53003,214,18505
1767,44.25664,-76.53004,215,18568
1767,44.2569,-76.52996,216,18597
1767,44.25732,-76.52963,217,18651
1767,44.2579,-76.52896,218,18734
1767,44.25819,-76.52839,219,18790
1767,44.25847,-76.52805,220,18830
1767,44.25879,-76.52787,221,18868
1767,44.25893,-76.52784,222,18883
1767,44.2591,-76.52991,223,19048
1767,44.25924,-76.53133,224,19162
1767,44.25905,-76.53594,225,19530
1767,44.25876,-76.53815,226,19709
1767,44.25773,-76.53782,227,19829
1768,44.25508,-76.57215,0,0
1768,44.25519,-76.57216,1,12
1768,44.2552,-76.57189,2,33
1768,44.25489,-76.57188,3,66
1768,44.25485,-76.57314,4,166
1768,44.25483,-76.57389,5,225
1768,44.25485,-76.57399,6,233
1768,44.25495,-76.57417,7,248
1768,44.25506,-76.57424,8,259
1768,44.25637,-76.57432,9,403
1768,44.2566,-76.57433,10,428
1768,44.25677,-76.57429,11,445
1768,44.25722,-76.57395,12,508
1768,44.25724,-76.57406,13,516
1768,44.25738,-76.574,14,531
1768,44.25858,-76.57404,15,663
1768,44.25847,-76.57154,16,862
1768,44.25835,-76.56867,17,1091
1768,44.2582,-76.56627,18,1294
1768,44.25831,-76.56628,19,1306
1768,44.25828,-76.56391,20,1495
1768,44.25821,-76.55879,21,1903
1768,44.25807,-76.55771,22,2004
1768,44.25821,-76.5577,23,2019
1768,44.25818,-76.5543,24,2290
1768,44.25805,-76.55368,25,2352
1768,44.25817,-76.55368,26,2365
1768,44.25813,-76.54906,27,2733
1768,44.25801,-76.54824,28,2813
1768,44.25815,-76.54824,29,2828
1768,44.25818,-76.54684,30,2940
1768,44.25828,-76.54422,31,3148
1768,44.25829,-76.54411,32,3156
1768,44.25827,-76.54393,33,3170
1768,44.2581,-76.54341,34,3210
1768,44.25707,-76.54208,35,3362
1768,44.25652,-76.54166,36,3449
1768,44.25662,-76.54148,37,3467
1768,44.25527,-76.5397,38,3673
1768,44.25324,-76.53699,39,3986
1768,44.25211,-76.53479,40,4200
1768,44.25131,-76.53342,41,4353
1768,44.25141,-76.53333,42,4366
1768,44.24995,-76.53069,43,4643
1768,44.25005,-76.5306,44,4656
1768,44.24873,-76.52786,45,4918
1768,44.24772,-76.52578,46,5118
1768,44.2469,-76.52432,47,5277
1768,44.24699,-76.52423,48,5289
1768,44.24513,-76.52028,49,5666
1768,44.2446,-76.51908,50,5777
1768,44.24436,-76.51927,51,5807
1768,44.24265,-76.51953,52,6008
1768,44.24265,-76.51933,53,6024
1768,44.24041,-76.51921,54,6273
1768,44.23949,-76.51904,55,6375
1768,44.23854,-76.51849,56,6498
1768,44.23862,-76.51835,57,6512
1768,44.23681,-76.51628,58,6772
1768,44.23595,-76.51531,59,6894
1768,44.23531,-76.51491,60,6966
1768,44.2339,-76.51474,61,7117
1768,44.23338,-76.5147,62,7175
1768,44.23336,-76.51496,63,7196
1768,44.23338,-76.5147,64,7217
1768,44.23094,-76.51446,65,7488
1768,44.23086,-76.51595,66,7607
1768,44.23064,-76.51849,67,7809
1768,44.23053,-76.52089,68,8006
1768,44.23047,-76.52102,69,8021
1768,44.23037,-76.5225,70,8139
1768,44.23016,-76.52542,71,8373
1768,44.23011,-76.52609,72,8426
1768,44.2276,-76.52584,73,8705
1768,44.227,-76.52586,74,8777
1768,44.22701,-76.52578,75,8783
1768,44.22541,-76.5256,76,8960
1768,44.22539,-76.52616,77,9004
1768,44.22532,-76.52631,78,9019
1768,44.22509,-76.52654,79,9050
1768,44.22497,-76.5266,80,9062
1768,44.22403,-76.52654,81,9164
1768,44.22395,-76.52649,82,9174
1768,44.22372,-76.52642,83,9206
1768,44.22378,-76.52632,84,9216
1768,44.22361,-76.52613,85,9239
1768,44.22357,-76.52605,86,9245
1768,44.22355,-76.52595,87,9252
1768,44.22354,-76.52541,88,9294
1768,44.22243,-76.5253,89,9417
1768,44.2213,-76.52529,90,9550
1768,44.22131,-76.52518,91,9558
1768,44.22045,-76.525,92,9654
1768,44.22047,-76.52292,93,9829
1768,44.22056,-76.52292,94,9839
1768,44.22062,-76.52071,95,10022
1768,44.22069,-76.52072,96,10029
1768,44.22073,-76.52003,97,10083
1768,44.2208,-76.52002,98,10091
1768,44.22096,-76.51993,99,10108
1768,44.22172,-76.5185,100,10248
1768,44.22223,-76.51748,101,10346
1768,44.22221,-76.51728,102,10367
1768,44.22227,-76.51732,103,10374
1768,44.22258,-76.5161,104,10477
1768,44.22295,-76.51492,105,10579
1768,44.22303,-76.51447,106,10621
1768,44.22309,-76.5145,107,10627
1768,44.22363,-76.51277,108,10777
1768,44.22408,-76.51118,109,10913
1768,44.22438,-76.50996,110,11021
1768,44.22444,-76.51,111,11027
1768,44.22484,-76.50868,112,11140
1768,44.22522,-76.50743,113,11247
1768,44.22551,-76.50624,114,11353
1768,44.22558,-76.5063,115,11361
1768,44.226,-76.50493,116,11479
1768,44.22636,-76.50377,117,11579
1768,44.22663,-76.50261,118,11684
1768,44.2267,-76.50265,119,11693
1768,44.22701,-76.50137,120,11800
1768,44.2272,-76.49989,121,11926
1768,44.22727,-76.49991,122,11933
1768,44.22758,-76.49822,123,12072
1768,44.22769,-76.49717,124,12164
1768,44.22777,-76.4972,125,12172
1768,44.22793,-76.49622,126,12250
1768,44.22777,-76.49342,127,12473
1768,44.22767,-76.49186,128,12596
1768,44.22759,-76.49078,129,12683
1768,44.22885,-76.49091,130,12822
1768,44.23008,-76.49104,131,12958
1768,44.23126,-76.49116,132,13089
1768,44.23193,-76.49101,133,13162
1768,44.23207,-76.49143,134,13207
1768,44.23199,-76.49145,135,13216
1768,44.23219,-76.49274,136,13320
1768,44.23346,-76.49304,137,13462
1768,44.23478,-76.49327,138,13617
1768,44.23477,-76.49337,139,13625
1768,44.23581,-76.49365,140,13741
1768,44.23726,-76.49402,141,13904
1768,44.23795,-76.49406,142,13986
1768,44.23794,-76.49415,143,13992
1768,44.23916,-76.49428,144,14134
1768,44.23916,-76.49437,145,14141
1768,44.24078,-76.49462,146,14327
1768,44.24077,-76.4947,147,14333
1768,44.24185,-76.49495,148,14453
1768,44.24341,-76.49519,149,14627
1768,44.24371,-76.49515,150,14666
1768,44.24371,-76.49523,151,14672
1768,44.24463,-76.49536,152,14774
1768,44.24554,-76.49539,153,14881
1768,44.24553,-76.49549,154,14888
1768,44.24784,-76.49575,155,15150
1768,44.24783,-76.49583,156,15156
1768,44.24977,-76.49616,157,15371
1768,44.25018,-76.4961,158,15424
1768,44.25017,-76.49622,159,15433
1768,44.25341,-76.4967,160,15794
1768,44.25379,-76.49664,161,15844
1768,44.25378,-76.49676,162,15853
1768,44.25494,-76.49695,163,15982
1768,44.25625,-76.49704,164,16136
1768,44.25624,-76.49717,165,16146
1768,44.25775,-76.49738,166,16313
1768,44.25876,-76.49754,167,16424
1768,44.2597,-76.49786,168,16526
1768,44.26057,-76.49822,169,16626
1768,44.26166,-76.49828,170,16745
1768,44.26244,-76.49825,171,16831
1768,44.26245,-76.49716,172,16917
1768,44.26243,-76.49702,173,16927
1768,44.26305,-76.49703,174,17006
1768,44.26308,-76.49711,175,17013
1768,44.26392,-76.49723,176,17106
1768,44.26385,-76.49832,177,17192
1768,44.26279,-76.49826,178,17308
1768,44.26166,-76.49828,179,17433
1768,44.26069,-76.49825,180,17539
1768,44.2597,-76.49786,181,17652
1768,44.25958,-76.4992,182,17760
1768,44.2595,-76.50309,183,18070
1768,44.25953,-76.5036,184,18115
1768,44.25948,-76.50359,185,18121
1768,44.25941,-76.50557,186,18279
1768,44.25939,-76.50622,187,18330
1768,44.25851,-76.50624,188,18435
1769,44.27897,-76.47257,0,0
1769,44.27871,-76.47265,1,29
1769,44.27873,-76.47282,2,42
1769,44.27855,-76.47309,3,71
1769,44.27862,-76.47343,4,99
1769,44.27759,-76.47388,5,218
1769,44.27666,-76.4743,6,326
1769,44.27571,-76.47497,7,441
1769,44.27462,-76.47609,8,591
1769,44.27379,-76.4769,9,701
1769,44.27302,-76.47762,10,811
1769,44.27298,-76.47753,11,819
1769,44.27124,-76.47887,12,1040
1769,44.27165,-76.47982,13,1132
1769,44.27159,-76.47984,14,1138
1769,44.27161,-76.47993,15,1145
1769,44.27161,-76.48001,16,1151
1769,44.27172,-76.48067,17,1204
1769,44.2718,-76.48088,18,1220
1769,44.27223,-76.48157,19,1291
1769,44.2717,-76.48239,20,1386
1769,44.27165,-76.48233,21,1393
1769,44.27104,-76.48323,22,1491
1769,44.27154,-76.48377,23,1561
1769,44.27157,-76.48387,24,1569
1769,44.27135,-76.48445,25,1625
1769,44.2704,-76.48624,26,1811
1769,44.26964,-76.48759,27,1952
1769,44.2696,-76.48767,28,1959
1769,44.26952,-76.48772,29,1967
1769,44.26844,-76.48764,30,2092
1769,44.26844,-76.48756,31,2098
1769,44.26835,-76.48755,32,2108
1769,44.26828,-76.4885,33,2183
1769,44.26822,-76.48865,34,2194
1769,44.26815,-76.48875,35,2205
1769,44.26734,-76.48903,36,2296
1769,44.26678,-76.48906,37,2362
1769,44.2668,-76.48897,38,2368
1769,44.26589,-76.48884,39,2469
1769,44.2659,-76.48787,40,2552
1769,44.26596,-76.48788,41,2558
1769,44.26597,-76.4877,42,2572
1769,44.2655,-76.48765,43,2623
1769,44.26536,-76.48756,44,2639
1769,44.26495,-76.48715,45,2694
1769,44.26478,-76.48746,46,2725
1769,44.2647,-76.4877,47,2745
1769,44.26472,-76.48796,48,2769
1769,44.26452,-76.49061,49,2992
1769,44.26446,-76.49061,50,2998
1769,44.26445,-76.49072,51,3006
1769,44.2644,-76.49085,52,3016
1769,44.26432,-76.49095,53,3026
1769,44.26425,-76.49099,54,3033
1769,44.26417,-76.49101,55,3040
1769,44.26269,-76.49087,56,3211
1769,44.2627,-76.49078,57,3218
1769,44.2619,-76.49066,58,3307
1769,44.26177,-76.4931,59,3506
1769,44.26171,-76.49329,60,3526
1769,44.26147,-76.49655,61,3787
1769,44.26221,-76.49669,62,3870
1769,44.26229,-76.49675,63,3878
1769,44.26241,-76.49695,64,3896
1769,44.26245,-76.49716,65,3912
1769,44.26244,-76.49825,66,3998
1769,44.26366,-76.49817,67,4142
1769,44.26366,-76.49829,68,4151
1769,44.26385,-76.49832,69,4171
1769,44.26392,-76.49723,70,4257
1769,44.26258,-76.49711,71,4410
1769,44.26243,-76.49702,72,4432
1769,44.26241,-76.49695,73,4438
1769,44.26229,-76.49675,74,4456
1769,44.26221,-76.49669,75,4464
1769,44.26147,-76.49655,76,4547
1769,44.26171,-76.49335,77,4804
1769,44.26165,-76.49313,78,4827
1769,44.26172,-76.49315,79,4835
1769,44.2619,-76.49066,80,5035
1769,44.26186,-76.49003,81,5093
1769,44.26194,-76.49004,82,5102
1769,44.2621,-76.48795,83,5269
1769,44.26215,-76.48663,84,5381
1769,44.26221,-76.48664,85,5388
1769,44.26233,-76.48503,86,5516
1769,44.26245,-76.48358,87,5632
1769,44.26252,-76.48185,88,5777
1769,44.26258,-76.48186,89,5784
1769,44.26273,-76.48012,90,5923
1769,44.26272,-76.47991,91,5939
1769,44.26263,-76.47966,92,5961
1769,44.26194,-76.48049,93,6061
1769,44.26137,-76.48098,94,6133
1769,44.25966,-76.48179,95,6331
1769,44.25944,-76.48201,96,6368
1769,44.25941,-76.4819,97,6377
1769,44.25724,-76.4829,98,6630
1769,44.25629,-76.48305,99,6736
1769,44.25616,-76.48317,100,6758
1769,44.25617,-76.48305,101,6767
1769,44.25523,-76.48313,102,6867
1769,44.25465,-76.48349,103,6941
1769,44.25463,-76.48342,104,6947
1769,44.25348,-76.48446,105,7097
1769,44.25268,-76.48522,106,7209
1769,44.25265,-76.48513,107,7216
1769,44.25245,-76.48529,108,7242
1769,44.25145,-76.48555,109,7354
1769,44.25127,-76.48568,110,7381
1769,44.25127,-76.48558,111,7388
1769,44.25015,-76.48577,112,7513
1769,44.24823,-76.48681,113,7741
1769,44.24802,-76.48706,114,7776
1769,44.24801,-76.48695,115,7785
1769,44.24582,-76.48747,116,8038
1769,44.24581,-76.4874,117,8044
1769,44.24466,-76.48758,118,8172
1769,44.24304,-76.48794,119,8360
1769,44.24303,-76.48783,120,8368
1769,44.24191,-76.48775,121,8491
1769,44.24126,-76.4877,122,8569
1769,44.24129,-76.4876,123,8578
1769,44.24109,-76.48747,124,8601
1769,44.24026,-76.48654,125,8717
1769,44.2401,-76.48653,126,8741
1769,44.24012,-76.48645,127,8748
1769,44.23903,-76.48584,128,8879
1769,44.23848,-76.48564,129,8948
1769,44.2385,-76.48555,130,8955
1769,44.23786,-76.48521,131,9030
1769,44.23828,-76.48287,132,9221
1769,44.23778,-76.48287,133,9284
1769,44.23778,-76.48277,134,9292
1769,44.23705,-76.48264,135,9372
1769,44.23675,-76.48387,136,9475
1769,44.23593,-76.48394,137,9571
1769,44.23594,-76.48385,138,9578
1769,44.23472,-76.48382,139,9713
1769,44.23398,-76.4839,140,9802
1769,44.23399,-76.4838,141,9810
1769,44.23328,-76.48378,142,9888
1769,44.23183,-76.48417,143,10051
1769,44.23138,-76.48441,144,10111
1769,44.23137,-76.48432,145,10118
1769,44.23093,-76.48447,146,10167
1769,44.23009,-76.48516,147,10275
1769,44.22983,-76.4855,148,10321
1769,44.22979,-76.48542,149,10328
1769,44.2287,-76.48647,150,10480
1769,44.22867,-76.48639,151,10486
1769,44.22775,-76.48718,152,10604
1769,44.22711,-76.48787,153,10701
1769,44.22707,-76.48779,154,10709
1769,44.22689,-76.48795,155,10732
1769,44.22531,-76.49055,156,11004
1769,44.22494,-76.49053,157,11045
1769,44.2248,-76.49198,158,11167
1769,44.22473,-76.49195,159,11174
1769,44.22443,-76.49479,160,11410
1769,44.22435,-76.49477,161,11419
1769,44.22426,-76.49559,162,11484
1769,44.22614,-76.49548,163,11698
1769,44.22614,-76.49557,164,11704
1769,44.2279,-76.49555,165,11899
1769,44.22786,-76.49714,166,12030
1769,44.22779,-76.49711,167,12038
1769,44.2273,-76.49974,168,12254
1769,44.2273,-76.50008,169,12286
1769,44.22724,-76.50005,170,12292
1769,44.22701,-76.50137,171,12400
1769,44.22687,-76.50233,172,12483
1769,44.22681,-76.5023,173,12490
1769,44.22643,-76.50354,174,12597
1769,44.226,-76.50493,175,12716
1769,44.22547,-76.50693,176,12894
1769,44.22539,-76.50688,177,12903
1769,44.22496,-76.5083,178,13026
1769,44.22449,-76.50984,179,13158
1769,44.22445,-76.51013,180,13186
1769,44.22363,-76.51277,181,13420
1769,44.22335,-76.51396,182,13528
1769,44.22327,-76.51391,183,13537
1769,44.22258,-76.5161,184,13727
1769,44.22223,-76.51748,185,13844
1769,44.22203,-76.51803,186,13897
1769,44.22126,-76.51936,187,14036
1769,44.22109,-76.51978,188,14077
1769,44.22102,-76.51983,189,14089
1769,44.22071,-76.52047,190,14150
1769,44.22065,-76.52246,191,14316
1769,44.22059,-76.52246,192,14323
1769,44.22052,-76.52381,193,14431
1769,44.22055,-76.52471,194,14511
1769,44.22047,-76.5247,195,14520
1769,44.22045,-76.525,196,14544
1769,44.22134,-76.52519,197,14644
1769,44.22158,-76.52514,198,14674
1769,44.22243,-76.5253,199,14774
1769,44.22354,-76.52541,200,14897
1769,44.2244,-76.52542,201,14999
1769,44.2244,-76.52549,202,15005
1769,44.22541,-76.5256,203,15117
1769,44.22539,-76.52616,204,15161
1769,44.22532,-76.52631,205,15176
1769,44.22509,-76.52654,206,15207
1769,44.22497,-76.5266,207,15219
1769,44.22403,-76.52654,208,15321
1769,44.22395,-76.52649,209,15331
1769,44.22372,-76.52642,210,15363
1770,44.242,-76.5168,0,0
1770,44.242,-76.5167,1,8
1770,44.24176,-76.5167,2,34
1770,44.24173,-76.51696,3,55
1770,44.24059,-76.51701,4,181
1770,44.24041,-76.51921,5,357
1770,44.23949,-76.51904,6,459
1770,44.23854,-76.51849,7,582
1770,44.23862,-76.51835,8,596
1770,44.23681,-76.51628,9,856
1770,44.23595,-76.51531,10,978
1770,44.23531,-76.51491,11,1050
1770,44.2339,-76.51474,12,1201
1770,44.23381,-76.51593,13,1298
1770,44.23375,-76.51596,14,1307
1770,44.23371,-76.51606,15,1316
1770,44.23454,-76.51665,16,1418
1770,44.2357,-76.51785,17,1582
1770,44.23566,-76.51791,18,1588
1770,44.23731,-76.51979,19,1824
1770,44.23772,-76.52017,20,1882
1770,44.23815,-76.52088,21,1959
1770,44.23843,-76.52162,22,2023
1770,44.23856,-76.52243,23,2086
1770,44.23852,-76.52319,24,2142
1770,44.2385,-76.5233,25,2150
1770,44.23775,-76.52331,26,2237
1770,44.23764,-76.52323,27,2254
1770,44.23655,-76.52319,28,2381
1770,44.23656,-76.52311,29,2387
1770,44.23529,-76.52308,30,2534
1770,44.23529,-76.52298,31,2541
1770,44.23347,-76.5229,32,2749
1770,44.23347,-76.52281,33,2756
1770,44.23304,-76.52275,34,2803
1770,44.23286,-76.52263,35,2823
1770,44.23281,-76.52258,36,2830
1770,44.23268,-76.52237,37,2852
1770,44.23243,-76.52258,38,2883
1770,44.23198,-76.52275,39,2938
1770,44.23199,-76.52267,40,2944
1770,44.23076,-76.52263,41,3085
1770,44.23076,-76.52254,42,3091
1770,44.23037,-76.5225,43,3134
1770,44.2304,-76.52114,44,3249
1770,44.23046,-76.52115,45,3256
1770,44.23064,-76.51849,46,3469
1770,44.23026,-76.51854,47,3515
1770,44.23028,-76.51846,48,3521
1770,44.2289,-76.51831,49,3673
1770,44.2278,-76.51821,50,3794
1770,44.22738,-76.51827,51,3848
1770,44.22739,-76.51817,52,3856
1770,44.227,-76.51814,53,3899
1770,44.22693,-76.52053,54,4095
1770,44.22688,-76.52053,55,4101
1770,44.22687,-76.52067,56,4112
1770,44.22528,-76.52048,57,4289
1770,44.22504,-76.52055,58,4321
1770,44.22505,-76.52047,59,4328
1770,44.22496,-76.52046,60,4338
1770,44.2249,-76.52165,61,4432
1770,44.22485,-76.52177,62,4442
1770,44.22476,-76.52185,63,4454
1770,44.22447,-76.52193,64,4487
1770,44.22443,-76.52185,65,4499
1770,44.22385,-76.52164,66,4561
1770,44.22262,-76.52151,67,4697
1770,44.22267,-76.52197,68,4740
1770,44.2226,-76.52197,69,4747
1770,44.2225,-76.52401,70,4909
1770,44.22252,-76.5243,71,4934
1770,44.22243,-76.5253,72,5017
1770,44.22354,-76.52541,73,5140
1770,44.2244,-76.52542,74,5242
1770,44.2244,-76.52549,75,5248
1770,44.22541,-76.5256,76,5360
1770,44.22539,-76.52616,77,5404
1770,44.22532,-76.52631,78,5419
1770,44.22509,-76.52654,79,5450
1770,44.22497,-76.5266,80,5462
1770,44.22403,-76.52654,81,5564
1770,44.22395,-76.52649,82,5574
1770,44.22372,-76.52642,83,5606
1771,44.26305,-76.49703,0,0
1771,44.26308,-76.49711,1,7
1771,44.26392,-76.49723,2,100
1771,44.26385,-76.49832,3,186
1771,44.26279,-76.49826,4,302
1771,44.26166,-76.49828,5,427
1771,44.26069,-76.49825,6,533
1771,44.2597,-76.49786,7,646
1771,44.25876,-76.49754,8,748
1771,44.25775,-76.49738,9,859
1771,44.25653,-76.49734,10,1004
1771,44.25654,-76.49721,11,1014
1771,44.25562,-76.49707,12,1115
1771,44.25341,-76.4967,13,1362
1771,44.25346,-76.49797,14,1471
1771,44.25339,-76.49797,15,1479
1771,44.25337,-76.49936,16,1589
1771,44.25335,-76.50146,17,1763
1771,44.2533,-76.50146,18,1769
1771,44.25328,-76.50204,19,1815
1771,44.25107,-76.50189,20,2060
1771,44.24998,-76.50189,21,2187
1771,44.24998,-76.50181,22,2193
1771,44.24762,-76.50172,23,2460
1771,44.24752,-76.50164,24,2475
1771,44.24626,-76.50156,25,2614
1771,44.24534,-76.50149,26,2716
1771,44.2447,-76.50152,27,2791
1771,44.24461,-76.50145,28,2807
1771,44.24455,-76.50268,29,2904
1771,44.24292,-76.50252,30,3085
1771,44.24135,-76.50235,31,3260
1771,44.24125,-76.50477,32,3453
1771,44.24132,-76.50563,33,3530
1771,44.24124,-76.50563,34,3538
1771,44.24124,-76.50588,35,3557
1771,44.24141,-76.50643,36,3602
1771,44.24192,-76.50724,37,3684
1771,44.24198,-76.50745,38,3701
1771,44.24203,-76.5083,39,3772
1771,44.24192,-76.50953,40,3875
1771,44.24158,-76.51085,41,3985
1771,44.24115,-76.51153,42,4055
1771,44.24093,-76.51291,43,4167
1771,44.24099,-76.51358,44,4230
1771,44.24087,-76.51354,45,4243
1771,44.24059,-76.51701,46,4520
1771,44.24173,-76.51696,47,4646
1771,44.24231,-76.51704,48,4710
1771,44.24231,-76.5167,49,4737
1771,44.242,-76.5168,50,4780
1771,44.242,-76.5167,51,4788
1771,44.24176,-76.5167,52,4814
1771,44.24173,-76.51696,53,4835
1771,44.24059,-76.51701,54,4961
1771,44.24041,-76.51921,55,5137
1771,44.23949,-76.51904,56,5239
1771,44.23854,-76.51849,57,5362
1771,44.23862,-76.51835,58,5376
1771,44.23681,-76.51628,59,5636
1771,44.23595,-76.51531,60,5758
1771,44.23531,-76.51491,61,5830
1771,44.2339,-76.51474,62,5981
1771,44.23381,-76.51593,63,6078
1771,44.23375,-76.51596,64,6087
1771,44.23371,-76.51606,65,6096
1771,44.23454,-76.51665,66,6198
1771,44.2357,-76.51785,67,6362
1771,44.23566,-76.51791,68,6368
1771,44.23731,-76.51979,69,6604
1771,44.23772,-76.52017,70,6662
1771,44.23815,-76.52088,71,6739
1771,44.23843,-76.52162,72,6803
1771,44.23856,-76.52243,73,6866
1771,44.23852,-76.52319,74,6922
1771,44.2385,-76.5233,75,6930
1771,44.23775,-76.52331,76,7017
1771,44.23764,-76.52323,77,7034
1771,44.23655,-76.52319,78,7161
1771,44.23656,-76.52311,79,7167
1771,44.23529,-76.52308,80,7314
1771,44.23529,-76.52298,81,7321
1771,44.23347,-76.5229,82,7529
1771,44.23347,-76.52281,83,7536
1771,44.23304,-76.52275,84,7583
1771,44.23286,-76.52263,85,7603
1771,44.23281,-76.52258,86,7610
1771,44.23268,-76.52237,87,7632
1771,44.23243,-76.52258,88,7663
1771,44.23198,-76.52275,89,7718
1771,44.23199,-76.52267,90,7724
1771,44.23076,-76.52263,91,7865
1771,44.23076,-76.52254,92,7871
1771,44.23037,-76.5225,93,7914
1771,44.2304,-76.52114,94,8029
1771,44.23046,-76.52115,95,8036
1771,44.23064,-76.51849,96,8249
1771,44.23026,-76.51854,97,8295
1771,44.23028,-76.51846,98,8301
1771,44.2289,-76.51831,99,8453
1771,44.2278,-76.51821,100,8574
1771,44.22738,-76.51827,101,8628
1771,44.22739,-76.51817,102,8636
1771,44.227,-76.51814,103,8679
1771,44.22693,-76.52053,104,8875
1771,44.22688,-76.52053,105,8881
1771,44.22687,-76.52067,106,8892
1771,44.22528,-76.52048,107,9069
1771,44.22504,-76.52055,108,9101
1771,44.22505,-76.52047,109,9108
1771,44.22496,-76.52046,110,9118
1771,44.2249,-76.52165,111,9212
1771,44.22485,-76.52177,112,9222
1771,44.22476,-76.52185,113,9234
1771,44.22447,-76.52193,114,9267
1771,44.22443,-76.52185,115,9279
1771,44.22385,-76.52164,116,9341
1771,44.22262,-76.52151,117,9477
1771,44.22267,-76.52197,118,9520
1771,44.2226,-76.52197,119,9527
1771,44.2225,-76.52401,120,9689
1771,44.22252,-76.5243,121,9714
1771,44.22243,-76.5253,122,9797
1771,44.22354,-76.52541,123,9920
1771,44.2244,-76.52542,124,10022
1771,44.2244,-76.52549,125,10028
1771,44.22541,-76.5256,126,10140
1771,44.22539,-76.52616,127,10184
1771,44.22532,-76.52631,128,10199
1771,44.22509,-76.52654,129,10230
1771,44.22497,-76.5266,130,10242
1771,44.22403,-76.52654,131,10344
1771,44.22395,-76.52649,132,10354
1771,44.22372,-76.52642,133,10386
1772,44.27897,-76.47257,0,0
1772,44.27871,-76.47265,1,29
1772,44.27873,-76.47282,2,42
1772,44.27855,-76.47309,3,71
1772,44.27862,-76.47343,4,99
1772,44.27759,-76.47388,5,218
1772,44.27666,-76.4743,6,326
1772,44.27571,-76.47497,7,441
1772,44.27462,-76.47609,8,591
1772,44.27379,-76.4769,9,701
1772,44.27302,-76.47762,10,811
1772,44.27298,-76.47753,11,819
1772,44.27124,-76.47887,12,1040
1772,44.27165,-76.47982,13,1132
1772,44.27159,-76.47984,14,1138
1772,44.27161,-76.47993,15,1145
1772,44.27161,-76.48001,16,1151
1772,44.27172,-76.48067,17,1204
1772,44.2718,-76.48088,18,1220
1772,44.27223,-76.48157,19,1291
1772,44.2717,-76.48239,20,1386
1772,44.27165,-76.48233,21,1393
1772,44.27104,-76.48323,22,1491
1772,44.27154,-76.48377,23,1561
1772,44.27157,-76.48387,24,1569
1772,44.27135,-76.48445,25,1625
1772,44.2704,-76.48624,26,1811
1772,44.26964,-76.48759,27,1952
1772,44.2696,-76.48767,28,1959
1772,44.26952,-76.48772,29,1967
1772,44.26844,-76.48764,30,2092
1772,44.26844,-76.48756,31,2098
1772,44.26835,-76.48755,32,2108
1772,44.26828,-76.4885,33,2183
1772,44.26822,-76.48865,34,2194
1772,44.26815,-76.48875,35,2205
1772,44.26734,-76.48903,36,2296
1772,44.26678,-76.48906,37,2362
1772,44.2668,-76.48897,38,2368
1772,44.26589,-76.48884,39,2469
1772,44.2659,-76.48787,40,2552
1772,44.26596,-76.48788,41,2558
1772,44.26597,-76.4877,42,2572
1772,44.2655,-76.48765,43,2623
1772,44.26536,-76.48756,44,2639
1772,44.26495,-76.48715,45,2694
1772,44.26478,-76.48746,46,2725
1772,44.2647,-76.4877,47,2745
1772,44.26472,-76.48796,48,2769
1772,44.26452,-76.49061,49,2992
1772,44.26446,-76.49061,50,2998
1772,44.26445,-76.49072,51,3006
1772,44.2644,-76.49085,52,3016
1772,44.26432,-76.49095,53,3026
1772,44.26425,-76.49099,54,3033
1772,44.26417,-76.49101,55,3040
1772,44.26269,-76.49087,56,3211
1772,44.2627,-76.49078,57,3218
1772,44.2619,-76.49066,58,3307
1772,44.26177,-76.4931,59,3506
1772,44.26171,-76.49329,60,3526
1772,44.26147,-76.49655,61,3787
1772,44.26221,-76.49669,62,3870
1772,44.26229,-76.49675,63,3878
1772,44.26241,-76.49695,64,3896
1772,44.26245,-76.49716,65,3912
1772,44.26244,-76.49825,66,3998
1772,44.26366,-76.49817,67,4142
1772,44.26366,-76.49829,68,4151
1772,44.26385,-76.49832,69,4171
1772,44.26392,-76.49723,70,4257
1772,44.26258,-76.49711,71,4410
1772,44.26243,-76.49702,72,4432
1772,44.26241,-76.49695,73,4438
1772,44.26229,-76.49675,74,4456
1772,44.26221,-76.49669,75,4464
1772,44.26147,-76.49655,76,4547
1772,44.26171,-76.49335,77,4804
1772,44.26165,-76.49313,78,4827
1772,44.26172,-76.49315,79,4835
1772,44.2619,-76.49066,80,5035
1772,44.26186,-76.49003,81,5093
1772,44.26194,-76.49004,82,5102
1772,44.2621,-76.48795,83,5269
1772,44.26215,-76.48663,84,5381
1772,44.26221,-76.48664,85,5388
1772,44.26233,-76.48503,86,5516
1772,44.26245,-76.48358,87,5632
1772,44.26252,-76.48185,88,5777
1772,44.26258,-76.48186,89,5784
1772,44.26273,-76.48012,90,5923
1772,44.26272,-76.47991,91,5939
1772,44.26263,-76.47966,92,5961
1772,44.26194,-76.48049,93,6061
1772,44.26137,-76.48098,94,6133
1772,44.25966,-76.48179,95,6331
1772,44.25944,-76.48201,96,6368
1772,44.25941,-76.4819,97,6377
1772,44.25724,-76.4829,98,6630
1772,44.25629,-76.48305,99,6736
1772,44.25616,-76.48317,100,6758
1772,44.25617,-76.48305,101,6767
1772,44.25523,-76.48313,102,6867
1772,44.25465,-76.48349,103,6941
1772,44.25463,-76.48342,104,6947
1772,44.25348,-76.48446,105,7097
1772,44.25268,-76.48522,106,7209
1772,44.25265,-76.48513,107,7216
1772,44.25245,-76.48529,108,7242
1772,44.25145,-76.48555,109,7354
1772,44.25127,-76.48568,110,7381
1772,44.25127,-76.48558,111,7388
1772,44.25015,-76.48577,112,7513
1772,44.24823,-76.48681,113,7741
1772,44.24802,-76.48706,114,7776
1772,44.24801,-76.48695,115,7785
1772,44.24582,-76.48747,116,8038
1772,44.24581,-76.4874,117,8044
1772,44.24466,-76.48758,118,8172
1772,44.24304,-76.48794,119,8360
1772,44.24303,-76.48783,120,8368
1772,44.24191,-76.48775,121,8491
1772,44.24126,-76.4877,122,8569
1772,44.24129,-76.4876,123,8578
1772,44.24109,-76.48747,124,8601
1772,44.24026,-76.48654,125,8717
1772,44.2401,-76.48653,126,8741
1772,44.24012,-76.48645,127,8748
1772,44.23903,-76.48584,128,8879
1772,44.23848,-76.48564,129,8948
1772,44.2385,-76.48555,130,8955
1772,44.23786,-76.48521,131,9030
1772,44.23828,-76.48287,132,9221
1772,44.23778,-76.48287,133,9284
1772,44.23778,-76.48277,134,9292
1772,44.23705,-76.48264,135,9372
1772,44.23675,-76.48387,136,9475
1772,44.23593,-76.48394,137,9571
1772,44.23594,-76.48385,138,9578
1772,44.23472,-76.48382,139,9713
1772,44.23398,-76.4839,140,9802
1772,44.23399,-76.4838,141,9810
1772,44.23328,-76.48378,142,9888
1772,44.23183,-76.48417,143,10051
1772,44.23138,-76.48441,144,10111
1772,44.23137,-76.48432,145,10118
1772,44.23093,-76.48447,146,10167
1772,44.23009,-76.48516,147,10275
1772,44.22983,-76.4855,148,10321
1772,44.22979,-76.48542,149,10328
1772,44.2287,-76.48647,150,10480
1772,44.22867,-76.48639,151,10486
1772,44.22775,-76.48718,152,10604
1772,44.22711,-76.48787,153,10701
1772,44.22707,-76.48779,154,10709
1772,44.22689,-76.48795,155,10732
1772,44.22531,-76.49055,156,11004
1772,44.22494,-76.49053,157,11045
1772,44.2248,-76.49198,158,11167
1772,44.22473,-76.49195,159,11174
1772,44.22443,-76.49479,160,11410
1772,44.22435,-76.49477,161,11419
1772,44.22426,-76.49559,162,11484
1772,44.22614,-76.49548,163,11698
1772,44.22614,-76.49557,164,11704
1772,44.2279,-76.49555,165,11899
1772,44.22786,-76.49714,166,12030
1772,44.22779,-76.49711,167,12038
1772,44.2273,-76.49974,168,12254
1772,44.2273,-76.50008,169,12286
1772,44.22724,-76.50005,170,12292
1772,44.22701,-76.50137,171,12400
1772,44.22687,-76.50233,172,12483
1772,44.22681,-76.5023,173,12490
1772,44.22643,-76.50354,174,12597
1772,44.226,-76.50493,175,12716
1772,44.22547,-76.50693,176,12894
1772,44.22539,-76.50688,177,12903
1772,44.22496,-76.5083,178,13026
1772,44.22449,-76.50984,179,13158
1772,44.22445,-76.51013,180,13186
1772,44.22363,-76.51277,181,13420
1772,44.22335,-76.51396,182,13528
1772,44.22327,-76.51391,183,13537
1772,44.22258,-76.5161,184,13727
1772,44.22223,-76.51748,185,13844
1772,44.22203,-76.51803,186,13897
1772,44.22126,-76.51936,187,14036
1772,44.22109,-76.51978,188,14077
1772,44.22102,-76.51983,189,14089
1772,44.22071,-76.52047,190,14150
1772,44.22065,-76.52246,191,14316
1772,44.22059,-76.52246,192,14323
1772,44.22052,-76.52381,193,14431
1772,44.22055,-76.52471,194,14511
1772,44.22047,-76.5247,195,14520
1772,44.22045,-76.525,196,14544
1772,44.22134,-76.52519,197,14644
1772,44.22158,-76.52514,198,14674
1772,44.22243,-76.5253,199,14774
1772,44.22354,-76.52541,200,14897
1772,44.2244,-76.52542,201,14999
1772,44.2244,-76.52549,202,15005
1772,44.22541,-76.5256,203,15117
1772,44.22539,-76.52616,204,15161
1772,44.22532,-76.52631,205,15176
1772,44.22509,-76.52654,206,15207
1772,44.22497,-76.5266,207,15219
1772,44.22403,-76.52654,208,15321
1772,44.22395,-76.52649,209,15331
1772,44.22372,-76.52642,210,15363
1773,44.21788,-76.52715,0,0
1773,44.21775,-76.52715,1,13
1773,44.21776,-76.52748,2,39
1773,44.21764,-76.52747,3,52
1773,44.21752,-76.52734,4,69
1773,44.21775,-76.52676,5,120
1773,44.21786,-76.52558,6,214
1773,44.21802,-76.52516,7,252
1773,44.21813,-76.52502,8,268
1773,44.21842,-76.52488,9,301
1773,44.21936,-76.5249,10,405
1773,44.22045,-76.525,11,525
1773,44.22047,-76.52292,12,700
1773,44.22056,-76.52292,13,710
1773,44.22062,-76.52071,14,893
1773,44.22069,-76.52072,15,900
1773,44.2208,-76.51878,16,1054
1773,44.22081,-76.51711,17,1194
1773,44.22088,-76.51711,18,1201
1773,44.22096,-76.51482,19,1383
1773,44.22111,-76.51284,20,1542
1773,44.22112,-76.51203,21,1613
1773,44.22119,-76.51205,22,1621
1773,44.22132,-76.51049,23,1746
1773,44.22134,-76.50893,24,1879
1773,44.22142,-76.50893,25,1888
1773,44.22155,-76.50707,26,2036
1773,44.2215,-76.5067,27,2072
1773,44.22158,-76.50672,28,2080
1773,44.22177,-76.50449,29,2259
1773,44.22192,-76.50291,30,2386
1773,44.22194,-76.50275,31,2398
1773,44.22235,-76.50152,32,2503
1773,44.22245,-76.49956,33,2666
1773,44.22253,-76.49957,34,2674
1773,44.22266,-76.49819,35,2784
1773,44.22288,-76.49517,36,3035
1773,44.22296,-76.49518,37,3044
1773,44.22301,-76.49384,38,3149
1773,44.22296,-76.49347,39,3177
1773,44.2227,-76.49256,40,3252
1773,44.22262,-76.49132,41,3355
1773,44.22269,-76.49132,42,3363
1773,44.22276,-76.49033,43,3442
1773,44.22329,-76.48927,44,3544
1773,44.22383,-76.48824,45,3645
1773,44.22391,-76.48795,46,3674
1773,44.22484,-76.48625,47,3848
1773,44.22447,-76.48609,48,3895
1773,44.22451,-76.48602,49,3901
1773,44.22425,-76.48583,50,3931
1773,44.22419,-76.48572,51,3939
1773,44.22417,-76.48562,52,3947
1773,44.22417,-76.48547,53,3959
1773,44.2242,-76.48537,54,3966
1773,44.22424,-76.4853,55,3973
1773,44.22516,-76.48431,56,4111
1773,44.22521,-76.4844,57,4120
1773,44.2261,-76.48357,58,4237
1773,44.22669,-76.4829,59,4330
1773,44.22674,-76.48298,60,4338
1773,44.22761,-76.4822,61,4453
1773,44.22837,-76.48146,62,4556
1773,44.22851,-76.4812,63,4588
1773,44.22856,-76.48129,64,4596
1773,44.22943,-76.4805,65,4711
1773,44.23022,-76.47976,66,4816
1773,44.23111,-76.47947,67,4917
1773,44.23127,-76.47932,68,4943
1773,44.23128,-76.47941,69,4950
1773,44.23286,-76.47893,70,5129
1773,44.23316,-76.48029,71,5247
1773,44.23309,-76.48031,72,5253
1773,44.23336,-76.48185,73,5379
1773,44.23365,-76.48366,74,5526
1773,44.23366,-76.48379,75,5536
1773,44.23461,-76.48371,76,5649
1773,44.2346,-76.48381,77,5657
1773,44.23582,-76.48385,78,5792
1773,44.23675,-76.48387,79,5894
1773,44.23693,-76.48282,80,5987
1773,44.237,-76.48285,81,5995
1773,44.23705,-76.48264,82,6013
1773,44.23808,-76.48276,83,6130
1773,44.23806,-76.48283,84,6136
1773,44.23828,-76.48287,85,6160
1773,44.23804,-76.48418,86,6267
1773,44.23793,-76.48509,87,6345
1773,44.23786,-76.48521,88,6360
1773,44.23889,-76.48576,89,6482
1773,44.24004,-76.48639,90,6619
1773,44.24033,-76.4865,91,6657
1773,44.24029,-76.48657,92,6664
1773,44.241,-76.48738,93,6764
1773,44.24122,-76.48756,94,6791
1773,44.24134,-76.48762,95,6805
1773,44.24155,-76.48756,96,6835
1773,44.24154,-76.48766,97,6843
1773,44.24257,-76.48784,98,6957
1773,44.24287,-76.48785,99,6989
1773,44.24263,-76.48995,100,7165
1773,44.24257,-76.48994,101,7172
1773,44.24225,-76.49213,102,7349
1773,44.24195,-76.49478,103,7571
1773,44.24187,-76.49476,104,7579
1773,44.24185,-76.49495,105,7594
1773,44.24169,-76.49543,106,7634
1773,44.24153,-76.49807,107,7845
1773,44.24157,-76.49858,108,7892
1773,44.2415,-76.49857,109,7900
1773,44.24143,-76.49999,110,8014
1773,44.24142,-76.50199,111,8180
1773,44.24135,-76.50199,112,8187
1773,44.24131,-76.5034,113,8299
1773,44.24125,-76.50477,114,8408
1773,44.24132,-76.50563,115,8485
1773,44.24124,-76.50563,116,8493
1773,44.24124,-76.50588,117,8512
1773,44.24141,-76.50643,118,8557
1773,44.24192,-76.50724,119,8639
1773,44.24198,-76.50745,120,8656
1773,44.24203,-76.5083,121,8727
1773,44.24192,-76.50953,122,8830
1773,44.24158,-76.51085,123,8940
1773,44.24115,-76.51153,124,9010
1773,44.24093,-76.51291,125,9122
1773,44.24099,-76.51358,126,9185
1773,44.24087,-76.51354,127,9198
1773,44.24059,-76.51701,128,9475
1773,44.24173,-76.51696,129,9601
1773,44.24231,-76.51704,130,9665
1773,44.24231,-76.5167,131,9692
1773,44.24181,-76.51679,132,9754
1773,44.24181,-76.5167,133,9761
1773,44.24176,-76.5167,134,9767
1773,44.24173,-76.51696,135,9788
1773,44.24059,-76.51701,136,9914
1773,44.24041,-76.51921,137,10090
1773,44.24029,-76.52064,138,10204
1773,44.24018,-76.52331,139,10430
1773,44.24006,-76.5233,140,10443
1773,44.2399,-76.5251,141,10588
1773,44.23993,-76.52598,142,10669
1773,44.23981,-76.52595,143,10682
1773,44.23949,-76.52897,144,10925
1773,44.23913,-76.53313,145,11270
1773,44.23904,-76.53311,146,11281
1773,44.23871,-76.53602,147,11516
1773,44.23792,-76.53595,148,11604
1773,44.23777,-76.53599,149,11624
1773,44.2378,-76.5359,150,11631
1773,44.23677,-76.53539,151,11751
1773,44.23573,-76.53486,152,11878
1773,44.23577,-76.5348,153,11884
1773,44.23454,-76.53337,154,12061
1773,44.23435,-76.53321,155,12085
1773,44.23442,-76.53287,156,12117
1773,44.23449,-76.53278,157,12131
1773,44.2346,-76.5323,158,12171
1773,44.23468,-76.531,159,12273
1773,44.23475,-76.52955,160,12394
1773,44.23481,-76.52956,161,12400
1773,44.23485,-76.52905,162,12440
1773,44.23484,-76.52885,163,12455
1773,44.23482,-76.52878,164,12461
1773,44.23481,-76.5287,165,12467
1773,44.23473,-76.52845,166,12488
1773,44.23456,-76.52817,167,12517
1773,44.2347,-76.52789,168,12541
1773,44.23477,-76.5276,169,12563
1773,44.23479,-76.52737,170,12581
1773,44.23445,-76.52735,171,12626
1773,44.23447,-76.52725,172,12634
1773,44.23315,-76.52676,173,12785
1773,44.23222,-76.5264,174,12892
1773,44.23027,-76.5262,175,13115
1773,44.23027,-76.52611,176,13122
1773,44.2276,-76.52584,177,13419
1773,44.227,-76.52586,178,13491
1773,44.22701,-76.52578,179,13497
1773,44.22541,-76.5256,180,13674
1773,44.22539,-76.52616,181,13718
1773,44.22532,-76.52631,182,13733
1773,44.22509,-76.52654,183,13764
1773,44.22497,-76.5266,184,13776
1773,44.22403,-76.52654,185,13878
1773,44.22395,-76.52649,186,13888
1773,44.22372,-76.52642,187,13920
1774,44.24181,-76.51679,0,0
1774,44.24181,-76.5167,1,7
1774,44.24176,-76.5167,2,13
1774,44.24173,-76.51696,3,34
1774,44.24059,-76.51701,4,160
1774,44.24041,-76.51921,5,336
1774,44.24029,-76.52064,6,450
1774,44.24018,-76.52331,7,676
1774,44.24006,-76.5233,8,689
1774,44.2399,-76.5251,9,834
1774,44.23993,-76.52598,10,915
1774,44.23981,-76.52595,11,928
1774,44.23949,-76.52897,12,1171
1774,44.23913,-76.53313,13,1516
1774,44.23904,-76.53311,14,1527
1774,44.23871,-76.53602,15,1762
1774,44.23792,-76.53595,16,1850
1774,44.23777,-76.53599,17,1870
1774,44.2378,-76.5359,18,1877
1774,44.23677,-76.53539,19,1997
1774,44.23573,-76.53486,20,2124
1774,44.23577,-76.5348,21,2130
1774,44.23454,-76.53337,22,2307
1774,44.23435,-76.53321,23,2331
1774,44.23442,-76.53287,24,2363
1774,44.23449,-76.53278,25,2377
1774,44.2346,-76.5323,26,2417
1774,44.23468,-76.531,27,2519
1774,44.23475,-76.52955,28,2640
1774,44.23481,-76.52956,29,2646
1774,44.23485,-76.52905,30,2686
1774,44.23484,-76.52885,31,2701
1774,44.23482,-76.52878,32,2707
1774,44.23481,-76.5287,33,2713
1774,44.23473,-76.52845,34,2734
1774,44.23456,-76.52817,35,2763
1774,44.2347,-76.52789,36,2787
1774,44.23477,-76.5276,37,2809
1774,44.23479,-76.52737,38,2827
1774,44.23445,-76.52735,39,2872
1774,44.23447,-76.52725,40,2880
1774,44.23315,-76.52676,41,3031
1774,44.23222,-76.5264,42,3138
1774,44.23027,-76.5262,43,3361
1774,44.23027,-76.52611,44,3368
1774,44.2276,-76.52584,45,3665
1774,44.227,-76.52586,46,3737
1774,44.22701,-76.52578,47,3743
1774,44.22541,-76.5256,48,3920
1774,44.22539,-76.52616,49,3964
1774,44.22532,-76.52631,50,3979
1774,44.22509,-76.52654,51,4010
1774,44.22497,-76.5266,52,4022
1774,44.22403,-76.52654,53,4124
1774,44.22395,-76.52649,54,4134
1774,44.22372,-76.52642,55,4166
1775,44.27481,-76.47791,0,0
1775,44.27484,-76.47813,1,20
1775,44.27483,-76.47825,2,28
1775,44.27422,-76.47936,3,138
1775,44.27413,-76.4796,4,166
1775,44.27408,-76.47955,5,173
1775,44.27322,-76.48047,6,292
1775,44.27223,-76.48157,7,432
1775,44.2717,-76.48239,8,527
1775,44.27165,-76.48233,9,534
1775,44.27104,-76.48323,10,632
1775,44.27154,-76.48377,11,702
1775,44.27157,-76.48387,12,710
1775,44.27135,-76.48445,13,766
1775,44.2704,-76.48624,14,952
1775,44.26964,-76.48759,15,1093
1775,44.2696,-76.48767,16,1100
1775,44.26952,-76.48772,17,1108
1775,44.26844,-76.48764,18,1233
1775,44.26844,-76.48756,19,1239
1775,44.26835,-76.48755,20,1249
1775,44.2685,-76.48488,21,1467
1775,44.26855,-76.48489,22,1473
1775,44.26867,-76.48329,23,1601
1775,44.26877,-76.48195,24,1707
1775,44.26874,-76.48179,25,1717
1775,44.26854,-76.48175,26,1744
1775,44.26855,-76.48167,27,1750
1775,44.26825,-76.48164,28,1782
1775,44.26819,-76.48166,29,1788
1775,44.26812,-76.48171,30,1796
1775,44.26717,-76.48339,31,1965
1775,44.26682,-76.48414,32,2042
1775,44.26677,-76.48407,33,2049
1775,44.26624,-76.48511,34,2149
1775,44.26603,-76.48762,35,2355
1775,44.26598,-76.48761,36,2361
1775,44.26577,-76.49119,37,2653
1775,44.26571,-76.49119,38,2659
1775,44.26567,-76.49203,39,2725
1775,44.26633,-76.49475,40,2960
1775,44.26627,-76.49478,41,2967
1775,44.26651,-76.49592,42,3060
1775,44.26649,-76.49734,43,3179
1775,44.26642,-76.49733,44,3186
1775,44.26637,-76.498,45,3239
1775,44.26616,-76.49864,46,3295
1775,44.26502,-76.49849,47,3421
1775,44.26419,-76.49859,48,3530
1775,44.26421,-76.49837,49,3548
1775,44.26279,-76.49826,50,3704
1775,44.26166,-76.49828,51,3829
1775,44.26069,-76.49825,52,3935
1775,44.2597,-76.49786,53,4048
1775,44.25958,-76.4992,54,4156
1775,44.2595,-76.50309,55,4466
1775,44.25953,-76.5036,56,4511
1775,44.25948,-76.50359,57,4517
1775,44.25941,-76.50557,58,4675
1775,44.25939,-76.50622,59,4726
1775,44.25851,-76.50624,60,4831
1775,44.25852,-76.50614,61,4839
1775,44.25595,-76.50589,62,5124
1775,44.25596,-76.50403,63,5278
1775,44.25603,-76.50403,64,5285
1775,44.25609,-76.50114,65,5523
1775,44.25618,-76.50115,66,5532
1775,44.25625,-76.49963,67,5654
1775,44.25626,-76.49763,68,5821
1775,44.25634,-76.49764,69,5830
1775,44.25637,-76.49719,70,5866
1775,44.25528,-76.49701,71,5986
1775,44.25341,-76.4967,72,6195
1775,44.25317,-76.49678,73,6228
1775,44.25318,-76.49667,74,6236
1775,44.25027,-76.49635,75,6569
1775,44.25028,-76.49623,76,6578
1775,44.24794,-76.49585,77,6838
1775,44.24759,-76.49589,78,6883
1775,44.2476,-76.4958,79,6890
1775,44.24562,-76.4955,80,7110
1775,44.24533,-76.49554,81,7148
1775,44.24533,-76.49546,82,7154
1775,44.24383,-76.49524,83,7320
1775,44.2435,-76.49529,84,7361
1775,44.24351,-76.4952,85,7367
1775,44.24185,-76.49495,86,7552
1775,44.24093,-76.49485,87,7662
1775,44.24094,-76.49474,88,7671
1775,44.23993,-76.49455,89,7783
1775,44.23903,-76.49444,90,7890
1775,44.23904,-76.49435,91,7897
1775,44.23807,-76.49417,92,8006
1775,44.23791,-76.49422,93,8029
1775,44.23791,-76.49414,94,8035
1775,44.23662,-76.49385,95,8179
1775,44.23529,-76.4935,96,8328
1775,44.23475,-76.49348,97,8395
1775,44.23476,-76.49337,98,8403
1775,44.23346,-76.49304,99,8549
1775,44.2329,-76.49151,100,8692
1775,44.23297,-76.49149,101,8699
1775,44.23259,-76.48902,102,8899
1775,44.23237,-76.48795,103,8992
1775,44.23205,-76.48556,104,9190
1775,44.23183,-76.48417,105,9303
1775,44.23138,-76.48441,106,9363
1775,44.23137,-76.48432,107,9370
1775,44.23093,-76.48447,108,9419
1775,44.23009,-76.48516,109,9527
1775,44.22983,-76.4855,110,9573
1775,44.22979,-76.48542,111,9580
1775,44.2287,-76.48647,112,9732
1775,44.22867,-76.48639,113,9738
1775,44.22775,-76.48718,114,9856
1775,44.22711,-76.48787,115,9953
1775,44.22707,-76.48779,116,9961
1775,44.22689,-76.48795,117,9984
1775,44.22531,-76.49055,118,10256
1775,44.22494,-76.49053,119,10297
1775,44.2248,-76.49198,120,10419
1775,44.22473,-76.49195,121,10426
1775,44.22443,-76.49479,122,10662
1775,44.22435,-76.49477,123,10671
1775,44.22426,-76.49559,124,10736
1775,44.22614,-76.49548,125,10950
1775,44.22614,-76.49557,126,10956
1775,44.2279,-76.49555,127,11151
1775,44.22786,-76.49714,128,11282
1775,44.22779,-76.49711,129,11290
1775,44.2273,-76.49974,130,11506
1775,44.2273,-76.50008,131,11538
1775,44.22724,-76.50005,132,11544
1775,44.22701,-76.50137,133,11652
1775,44.22687,-76.50233,134,11735
1775,44.22681,-76.5023,135,11742
1775,44.22643,-76.50354,136,11849
1775,44.226,-76.50493,137,11968
1775,44.22547,-76.50693,138,12146
1775,44.22539,-76.50688,139,12155
1775,44.22496,-76.5083,140,12278
1775,44.22449,-76.50984,141,12410
1775,44.22445,-76.51013,142,12438
1775,44.22363,-76.51277,143,12672
1775,44.22335,-76.51396,144,12780
1775,44.22327,-76.51391,145,12789
1775,44.22258,-76.5161,146,12979
1775,44.22223,-76.51748,147,13096
1775,44.22203,-76.51803,148,13149
1775,44.22126,-76.51936,149,13288
1775,44.22109,-76.51978,150,13329
1775,44.22102,-76.51983,151,13341
1775,44.22071,-76.52047,152,13402
1775,44.22065,-76.52246,153,13568
1775,44.22059,-76.52246,154,13575
1775,44.22052,-76.52381,155,13683
1775,44.22055,-76.52471,156,13763
1775,44.22047,-76.5247,157,13772
1775,44.22045,-76.525,158,13796
1775,44.22134,-76.52519,159,13896
1775,44.22158,-76.52514,160,13926
1775,44.22243,-76.5253,161,14026
1775,44.22354,-76.52541,162,14149
1775,44.2244,-76.52542,163,14251
1775,44.2244,-76.52549,164,14257
1775,44.22541,-76.5256,165,14369
1775,44.22539,-76.52616,166,14413
1775,44.22532,-76.52631,167,14428
1775,44.22509,-76.52654,168,14459
1775,44.22497,-76.5266,169,14471
1775,44.22403,-76.52654,170,14573
1775,44.22395,-76.52649,171,14583
1775,44.22372,-76.52642,172,14615
1776,44.24181,-76.51679,0,0
1776,44.24181,-76.5167,1,7
1776,44.24176,-76.5167,2,13
1776,44.24173,-76.51696,3,34
1776,44.24059,-76.51701,4,160
1776,44.24041,-76.51921,5,336
1776,44.24029,-76.52064,6,450
1776,44.24018,-76.52331,7,676
1776,44.24006,-76.5233,8,689
1776,44.2399,-76.5251,9,834
1776,44.23993,-76.52598,10,915
1776,44.23981,-76.52595,11,928
1776,44.23949,-76.52897,12,1171
1776,44.23913,-76.53313,13,1516
1776,44.23904,-76.53311,14,1527
1776,44.23871,-76.53602,15,1762
1776,44.23792,-76.53595,16,1850
1776,44.23777,-76.53599,17,1870
1776,44.2378,-76.5359,18,1877
1776,44.23677,-76.53539,19,1997
1776,44.23573,-76.53486,20,2124
1776,44.23577,-76.5348,21,2130
1776,44.23454,-76.53337,22,2307
1776,44.23435,-76.53321,23,2331
1776,44.23442,-76.53287,24,2363
1776,44.23449,-76.53278,25,2377
1776,44.2346,-76.5323,26,2417
1776,44.23468,-76.531,27,2519
1776,44.23475,-76.52955,28,2640
1776,44.23481,-76.52956,29,2646
1776,44.23485,-76.52905,30,2686
1776,44.23484,-76.52885,31,2701
1776,44.23482,-76.52878,32,2707
1776,44.23481,-76.5287,33,2713
1776,44.23473,-76.52845,34,2734
1776,44.23456,-76.52817,35,2763
1776,44.2347,-76.52789,36,2787
1776,44.23477,-76.5276,37,2809
1776,44.23479,-76.52737,38,2827
1776,44.23445,-76.52735,39,2872
1776,44.23447,-76.52725,40,2880
1776,44.23315,-76.52676,41,3031
1776,44.23222,-76.5264,42,3138
1776,44.23027,-76.5262,43,3361
1776,44.23027,-76.52611,44,3368
1776,44.2276,-76.52584,45,3665
1776,44.227,-76.52586,46,3737
1776,44.22701,-76.52578,47,3743
1776,44.22541,-76.5256,48,3920
1776,44.22539,-76.52616,49,3964
1776,44.22532,-76.52631,50,3979
1776,44.22509,-76.52654,51,4010
1776,44.22497,-76.5266,52,4022
1776,44.22403,-76.52654,53,4124
1776,44.22395,-76.52649,54,4134
1776,44.22372,-76.52642,55,4166
1777,44.24059,-76.43969,0,0
1777,44.24052,-76.43968,1,7
1777,44.2404,-76.44056,2,76
1777,44.23938,-76.44062,3,189
1777,44.23849,-76.44051,4,288
1777,44.23851,-76.44088,5,323
1777,44.23846,-76.44088,6,329
1777,44.23835,-76.44228,7,440
1777,44.23817,-76.44489,8,648
1777,44.23822,-76.44516,9,675
1777,44.23815,-76.44515,10,682
1777,44.23795,-76.44816,11,923
1777,44.23798,-76.44851,12,956
1777,44.23784,-76.44983,13,1066
1777,44.23769,-76.45115,14,1175
1777,44.23762,-76.45121,15,1187
1777,44.23731,-76.45205,16,1262
1777,44.23663,-76.45305,17,1367
1777,44.23615,-76.4535,18,1430
1777,44.23579,-76.45371,19,1472
1777,44.23598,-76.45418,20,1519
1777,44.23601,-76.45444,21,1542
1777,44.23617,-76.45473,22,1569
1777,44.23632,-76.4549,23,1590
1777,44.23656,-76.45505,24,1618
1777,44.23801,-76.45517,25,1786
1777,44.23802,-76.45528,26,1794
1777,44.23894,-76.45538,27,1895
1777,44.24,-76.45534,28,2011
1777,44.2399,-76.45717,29,2157
1777,44.2397,-76.45843,30,2259
1777,44.23884,-76.46095,31,2481
1777,44.23781,-76.46354,32,2716
1777,44.23684,-76.46595,33,2937
1777,44.23647,-76.46707,34,3042
1777,44.23641,-76.46703,35,3049
1777,44.23564,-76.46903,36,3229
1777,44.23495,-76.47199,37,3475
1777,44.23447,-76.47698,38,3876
1777,44.23446,-76.47718,39,3891
1777,44.23405,-76.47865,40,4015
1777,44.23382,-76.47912,41,4059
1777,44.23376,-76.47934,42,4077
1777,44.23375,-76.47957,43,4095
1777,44.23399,-76.48122,44,4228
1777,44.23406,-76.48163,45,4261
1777,44.23349,-76.4819,46,4333
1777,44.23348,-76.48181,47,4340
1777,44.23245,-76.48217,48,4457
1777,44.23272,-76.48393,49,4600
1777,44.23183,-76.48417,50,4700
1777,44.23138,-76.48441,51,4760
1777,44.23137,-76.48432,52,4767
1777,44.23093,-76.48447,53,4816
1777,44.23009,-76.48516,54,4924
1777,44.22983,-76.4855,55,4970
1777,44.22979,-76.48542,56,4977
1777,44.2287,-76.48647,57,5129
1777,44.22867,-76.48639,58,5135
1777,44.22775,-76.48718,59,5253
1777,44.22711,-76.48787,60,5350
1777,44.22707,-76.48779,61,5358
1777,44.22689,-76.48795,62,5381
1777,44.22531,-76.49055,63,5653
1777,44.22494,-76.49053,64,5694
1777,44.2248,-76.49198,65,5816
1777,44.22473,-76.49195,66,5823
1777,44.22443,-76.49479,67,6059
1777,44.22435,-76.49477,68,6068
1777,44.22426,-76.49559,69,6133
1777,44.22614,-76.49548,70,6347
1777,44.22614,-76.49557,71,6353
1777,44.2279,-76.49555,72,6548
1777,44.22786,-76.49714,73,6679
1777,44.22779,-76.49711,74,6687
1777,44.2273,-76.49974,75,6903
1777,44.2273,-76.50008,76,6935
1777,44.22724,-76.50005,77,6941
1777,44.22701,-76.50137,78,7049
1777,44.22687,-76.50233,79,7132
1777,44.22681,-76.5023,80,7139
1777,44.22643,-76.50354,81,7246
1777,44.226,-76.50493,82,7365
1777,44.22547,-76.50693,83,7543
1777,44.22539,-76.50688,84,7552
1777,44.22496,-76.5083,85,7675
1777,44.22449,-76.50984,86,7807
1777,44.22445,-76.51013,87,7835
1777,44.22363,-76.51277,88,8069
1777,44.22335,-76.51396,89,8177
1777,44.22327,-76.51391,90,8186
1777,44.22258,-76.5161,91,8376
1777,44.22223,-76.51748,92,8493
1777,44.22203,-76.51803,93,8546
1777,44.22126,-76.51936,94,8685
1777,44.22109,-76.51978,95,8726
1777,44.22102,-76.51983,96,8738
1777,44.22071,-76.52047,97,8799
1777,44.22065,-76.52246,98,8965
1777,44.22059,-76.52246,99,8972
1777,44.22052,-76.52381,100,9080
1777,44.22055,-76.52471,101,9160
1777,44.22047,-76.5247,102,9169
1777,44.22045,-76.525,103,9193
1777,44.22134,-76.52519,104,9293
1777,44.22158,-76.52514,105,9323
1777,44.22243,-76.5253,106,9423
1777,44.22354,-76.52541,107,9546
1777,44.2244,-76.52542,108,9648
1777,44.2244,-76.52549,109,9654
1777,44.22541,-76.5256,110,9766
1777,44.22539,-76.52616,111,9810
1777,44.22532,-76.52631,112,9825
1777,44.22509,-76.52654,113,9856
1777,44.22497,-76.5266,114,9868
1777,44.22403,-76.52654,115,9970
1777,44.22395,-76.52649,116,9980
1777,44.22372,-76.52642,117,10012
1778,44.22372,-76.52642,0,0
1778,44.22378,-76.52632,1,10
1778,44.22361,-76.52613,2,33
1778,44.22357,-76.52605,3,39
1778,44.22355,-76.52595,4,46
1778,44.22354,-76.52541,5,88
1778,44.22243,-76.5253,6,211
1778,44.2213,-76.52529,7,344
1778,44.22131,-76.52518,8,352
1778,44.22045,-76.525,9,448
1778,44.22047,-76.52292,10,623
1778,44.22056,-76.52292,11,633
1778,44.22062,-76.52071,12,816
1778,44.22069,-76.52072,13,823
1778,44.22073,-76.52003,14,877
1778,44.2208,-76.52002,15,885
1778,44.22096,-76.51993,16,902
1778,44.22172,-76.5185,17,1042
1778,44.22223,-76.51748,18,1140
1778,44.22221,-76.51728,19,1161
1778,44.22227,-76.51732,20,1168
1778,44.22258,-76.5161,21,1271
1778,44.22295,-76.51492,22,1373
1778,44.22303,-76.51447,23,1415
1778,44.22309,-76.5145,24,1421
1778,44.22363,-76.51277,25,1571
1778,44.22408,-76.51118,26,1707
1778,44.22438,-76.50996,27,1815
1778,44.22444,-76.51,28,1821
1778,44.22484,-76.50868,29,1934
1778,44.22522,-76.50743,30,2041
1778,44.22551,-76.50624,31,2147
1778,44.22558,-76.5063,32,2155
1778,44.226,-76.50493,33,2273
1778,44.22636,-76.50377,34,2373
1778,44.22663,-76.50261,35,2478
1778,44.2267,-76.50265,36,2487
1778,44.22701,-76.50137,37,2594
1778,44.2272,-76.49989,38,2720
1778,44.22727,-76.49991,39,2727
1778,44.22758,-76.49822,40,2866
1778,44.22769,-76.49717,41,2958
1778,44.22777,-76.4972,42,2966
1778,44.22793,-76.49622,43,3044
1778,44.2279,-76.49555,44,3096
1778,44.22624,-76.49571,45,3290
1778,44.22624,-76.49557,46,3301
1778,44.22509,-76.49558,47,3428
1778,44.22426,-76.49559,48,3520
1778,44.22427,-76.49475,49,3593
1778,44.22435,-76.49477,50,3601
1778,44.22464,-76.49221,51,3813
1778,44.22469,-76.49223,52,3819
1778,44.22494,-76.49053,53,3956
1778,44.22531,-76.49055,54,3997
1778,44.22683,-76.48793,55,4272
1778,44.22688,-76.48798,56,4278
1778,44.22775,-76.48718,57,4392
1778,44.22844,-76.48647,58,4493
1778,44.22848,-76.48656,59,4500
1778,44.22931,-76.48584,60,4607
1778,44.23009,-76.48516,61,4709
1778,44.23093,-76.48447,62,4817
1778,44.23118,-76.48426,63,4857
1778,44.23121,-76.48438,64,4866
1778,44.23272,-76.48393,65,5036
1778,44.23461,-76.48371,66,5253
1778,44.2346,-76.48381,67,5261
1778,44.23582,-76.48385,68,5396
1778,44.23675,-76.48387,69,5498
1778,44.23693,-76.48282,70,5591
1778,44.237,-76.48285,71,5599
1778,44.23705,-76.48264,72,5617
1778,44.23808,-76.48276,73,5734
1778,44.23806,-76.48283,74,5740
1778,44.23828,-76.48287,75,5764
1778,44.23804,-76.48418,76,5871
1778,44.23793,-76.48509,77,5949
1778,44.23786,-76.48521,78,5964
1778,44.23889,-76.48576,79,6086
1778,44.24004,-76.48639,80,6223
1778,44.24033,-76.4865,81,6261
1778,44.24029,-76.48657,82,6268
1778,44.241,-76.48738,83,6368
1778,44.24122,-76.48756,84,6395
1778,44.24134,-76.48762,85,6409
1778,44.24155,-76.48756,86,6439
1778,44.24154,-76.48766,87,6447
1778,44.24257,-76.48784,88,6561
1778,44.24274,-76.48775,89,6587
1778,44.24274,-76.48785,90,6594
1778,44.24382,-76.48773,91,6713
1778,44.24565,-76.48733,92,6924
1778,44.24566,-76.48742,93,6931
1778,44.24766,-76.48709,94,7154
1778,44.24874,-76.48638,95,7297
1778,44.24879,-76.48651,96,7308
1778,44.25015,-76.48577,97,7469
1778,44.25124,-76.48543,98,7607
1778,44.25128,-76.48558,99,7619
1778,44.25226,-76.48537,100,7729
1778,44.25251,-76.48525,101,7757
1778,44.25276,-76.48494,102,7800
1778,44.25279,-76.48502,103,7807
1778,44.25442,-76.48359,104,8019
1778,44.25479,-76.48322,105,8072
1778,44.25482,-76.48331,106,8079
1778,44.25544,-76.48308,107,8148
1778,44.25638,-76.48305,108,8249
1778,44.25713,-76.48281,109,8343
1778,44.25714,-76.48292,110,8352
1778,44.25724,-76.4829,111,8362
1778,44.25859,-76.48227,112,8520
1778,44.25959,-76.48168,113,8649
1778,44.25962,-76.48181,114,8659
1778,44.26095,-76.48121,115,8813
1778,44.26147,-76.48091,116,8873
1778,44.2624,-76.47993,117,9000
1778,44.26263,-76.47966,118,9033
1778,44.26272,-76.47991,119,9055
1778,44.26273,-76.48012,120,9071
1778,44.2626,-76.48168,121,9196
1778,44.26263,-76.48195,122,9222
1778,44.26245,-76.48358,123,9358
1778,44.26233,-76.48503,124,9474
1778,44.26222,-76.48651,125,9592
1778,44.26225,-76.48693,126,9631
1778,44.26219,-76.48692,127,9637
1778,44.26199,-76.48942,128,9837
1778,44.26198,-76.49049,129,9928
1778,44.26191,-76.49048,130,9935
1778,44.26177,-76.4931,131,10148
1778,44.26171,-76.49329,132,10168
1778,44.26147,-76.49655,133,10429
1778,44.26221,-76.49669,134,10512
1778,44.26229,-76.49675,135,10520
1778,44.26241,-76.49695,136,10538
1778,44.26245,-76.49716,137,10554
1778,44.26244,-76.49825,138,10640
1778,44.26366,-76.49817,139,10784
1778,44.26366,-76.49829,140,10793
1778,44.26385,-76.49832,141,10813
1778,44.26392,-76.49723,142,10899
1778,44.26258,-76.49711,143,11052
1778,44.26243,-76.49702,144,11074
1778,44.26241,-76.49695,145,11080
1778,44.26229,-76.49675,146,11098
1778,44.26221,-76.49669,147,11106
1778,44.26147,-76.49655,148,11189
1778,44.26171,-76.49335,149,11446
1778,44.26165,-76.49313,150,11469
1778,44.26172,-76.49315,151,11477
1778,44.2619,-76.49066,152,11677
1778,44.26286,-76.49073,153,11788
1778,44.26413,-76.491,154,11935
1778,44.26421,-76.491,155,11942
1778,44.26432,-76.49095,156,11953
1778,44.2644,-76.49085,157,11963
1778,44.26444,-76.49076,158,11970
1778,44.26446,-76.49067,159,11977
1778,44.26443,-76.49029,160,12010
1778,44.26449,-76.4903,161,12016
1778,44.26468,-76.48787,162,12211
1778,44.2647,-76.4877,163,12223
1778,44.26484,-76.48722,164,12270
1778,44.2649,-76.48725,165,12276
1778,44.26495,-76.48715,166,12285
1778,44.26541,-76.4876,167,12346
1778,44.2655,-76.48765,168,12356
1778,44.26587,-76.48762,169,12404
1778,44.26589,-76.48769,170,12410
1778,44.26597,-76.4877,171,12419
1778,44.26589,-76.48884,172,12510
1778,44.26673,-76.48887,173,12611
1778,44.26673,-76.48896,174,12618
1778,44.26734,-76.48903,175,12686
1778,44.26812,-76.48878,176,12774
1778,44.26819,-76.4887,177,12783
1778,44.26826,-76.48856,178,12794
1778,44.26835,-76.48755,179,12874
1778,44.26859,-76.48751,180,12905
1778,44.26948,-76.48772,181,13010
1778,44.26957,-76.48769,182,13018
1778,44.26962,-76.48764,183,13024
1778,44.27002,-76.48671,184,13115
1778,44.27007,-76.48676,185,13121
1778,44.27155,-76.48395,186,13398
1778,44.27157,-76.48387,187,13404
1778,44.27154,-76.48377,188,13412
1778,44.2712,-76.48351,189,13460
1778,44.27124,-76.48344,190,13466
1778,44.27104,-76.48323,191,13494
1778,44.2721,-76.48161,192,13675
1778,44.27215,-76.48168,193,13682
1778,44.27223,-76.48157,194,13694
1778,44.2718,-76.48088,195,13765
1778,44.27172,-76.48067,196,13781
1778,44.27161,-76.48001,197,13834
1778,44.27161,-76.47993,198,13840
1778,44.27152,-76.47956,199,13870
1778,44.27124,-76.47887,200,13933
1778,44.273,-76.47739,201,14168
1778,44.27303,-76.47749,202,14176
1778,44.27396,-76.47675,203,14293
1778,44.27553,-76.47513,204,14508
1778,44.27646,-76.47442,205,14623
1778,44.27759,-76.47388,206,14754
1778,44.27862,-76.47343,207,14873
1778,44.27855,-76.47309,208,14901
1778,44.27873,-76.47282,209,14930
1778,44.27867,-76.47228,210,14973
1778,44.27882,-76.47198,211,15002
1778,44.27892,-76.47214,212,15018
1778,44.2787,-76.47252,213,15057
1778,44.27871,-76.47265,214,15067
1778,44.27897,-76.47257,215,15096
1779,44.22372,-76.52642,0,0
1779,44.22378,-76.52632,1,10
1779,44.22361,-76.52613,2,33
1779,44.22357,-76.52605,3,39
1779,44.22355,-76.52595,4,46
1779,44.22354,-76.52541,5,88
1779,44.2244,-76.52542,6,190
1779,44.2244,-76.52549,7,196
1779,44.22541,-76.5256,8,308
1779,44.22664,-76.52574,9,445
1779,44.227,-76.52569,10,490
1779,44.227,-76.52578,11,496
1779,44.22994,-76.52596,12,830
1779,44.22993,-76.52607,13,839
1779,44.23185,-76.52631,14,1052
1779,44.23315,-76.52676,15,1199
1779,44.23479,-76.52737,16,1387
1779,44.23477,-76.5276,17,1405
1779,44.2347,-76.52789,18,1427
1779,44.23456,-76.52817,19,1451
1779,44.23473,-76.52845,20,1480
1779,44.23481,-76.5287,21,1501
1779,44.23482,-76.52878,22,1507
1779,44.23484,-76.52885,23,1513
1779,44.23486,-76.52955,24,1571
1779,44.23468,-76.531,25,1694
1779,44.2346,-76.5323,26,1796
1779,44.23449,-76.53305,27,1862
1779,44.23443,-76.53301,28,1869
1779,44.23435,-76.53321,29,1887
1779,44.23568,-76.5347,30,2076
1779,44.23595,-76.53485,31,2114
1779,44.23591,-76.53493,32,2121
1779,44.23599,-76.53502,33,2132
1779,44.23726,-76.53553,34,2285
1779,44.23724,-76.53562,35,2292
1779,44.238,-76.53597,36,2379
1779,44.23871,-76.53602,37,2458
1779,44.23887,-76.53349,38,2671
1779,44.23899,-76.53354,39,2684
1779,44.23918,-76.53035,40,2955
1779,44.23934,-76.53038,41,2972
1779,44.23949,-76.52897,42,3086
1779,44.23969,-76.52594,43,3341
1779,44.23981,-76.52596,44,3354
1779,44.23998,-76.52333,45,3572
1779,44.24006,-76.52334,46,3580
1779,44.24027,-76.5208,47,3783
1779,44.24041,-76.51921,48,3910
1779,44.24051,-76.51792,49,4013
1779,44.24059,-76.51701,50,4086
1779,44.24173,-76.51696,51,4212
1779,44.24231,-76.51704,52,4276
1779,44.24231,-76.5167,53,4303
1779,44.242,-76.5168,54,4346
1780,44.27481,-76.47791,0,0
1780,44.27484,-76.47813,1,20
1780,44.27483,-76.47825,2,28
1780,44.27422,-76.47936,3,138
1780,44.27413,-76.4796,4,166
1780,44.27408,-76.47955,5,173
1780,44.27322,-76.48047,6,292
1780,44.27223,-76.48157,7,432
1780,44.2717,-76.48239,8,527
1780,44.27165,-76.48233,9,534
1780,44.27104,-76.48323,10,632
1780,44.27154,-76.48377,11,702
1780,44.27157,-76.48387,12,710
1780,44.27135,-76.48445,13,766
1780,44.2704,-76.48624,14,952
1780,44.26964,-76.48759,15,1093
1780,44.2696,-76.48767,16,1100
1780,44.26952,-76.48772,17,1108
1780,44.26844,-76.48764,18,1233
1780,44.26844,-76.48756,19,1239
1780,44.26835,-76.48755,20,1249
1780,44.2685,-76.48488,21,1467
1780,44.26855,-76.48489,22,1473
1780,44.26867,-76.48329,23,1601
1780,44.26877,-76.48195,24,1707
1780,44.26874,-76.48179,25,1717
1780,44.26854,-76.48175,26,1744
1780,44.26855,-76.48167,27,1750
1780,44.26825,-76.48164,28,1782
1780,44.26819,-76.48166,29,1788
1780,44.26812,-76.48171,30,1796
1780,44.26717,-76.48339,31,1965
1780,44.26682,-76.48414,32,2042
1780,44.26677,-76.48407,33,2049
1780,44.26624,-76.48511,34,2149
1780,44.26603,-76.48762,35,2355
1780,44.26598,-76.48761,36,2361
1780,44.26577,-76.49119,37,2653
1780,44.26571,-76.49119,38,2659
1780,44.26567,-76.49203,39,2725
1780,44.26633,-76.49475,40,2960
1780,44.26627,-76.49478,41,2967
1780,44.26651,-76.49592,42,3060
1780,44.26649,-76.49734,43,3179
1780,44.26642,-76.49733,44,3186
1780,44.26637,-76.498,45,3239
1780,44.26616,-76.49864,46,3295
1780,44.26502,-76.49849,47,3421
1780,44.26419,-76.49859,48,3530
1780,44.26421,-76.49837,49,3548
1780,44.26279,-76.49826,50,3704
1780,44.26166,-76.49828,51,3829
1780,44.26069,-76.49825,52,3935
1780,44.2597,-76.49786,53,4048
1780,44.25958,-76.4992,54,4156
1780,44.2595,-76.50309,55,4466
1780,44.25953,-76.5036,56,4511
1780,44.25948,-76.50359,57,4517
1780,44.25941,-76.50557,58,4675
1780,44.25939,-76.50622,59,4726
1780,44.25851,-76.50624,60,4831
1780,44.25852,-76.50614,61,4839
1780,44.25595,-76.50589,62,5124
1780,44.25596,-76.50403,63,5278
1780,44.25603,-76.50403,64,5285
1780,44.25609,-76.50114,65,5523
1780,44.25618,-76.50115,66,5532
1780,44.25625,-76.49963,67,5654
1780,44.25626,-76.49763,68,5821
1780,44.25634,-76.49764,69,5830
1780,44.25637,-76.49719,70,5866
1780,44.25528,-76.49701,71,5986
1780,44.25341,-76.4967,72,6195
1780,44.25317,-76.49678,73,6228
1780,44.25318,-76.49667,74,6236
1780,44.25027,-76.49635,75,6569
1780,44.25028,-76.49623,76,6578
1780,44.24794,-76.49585,77,6838
1780,44.24759,-76.49589,78,6883
1780,44.2476,-76.4958,79,6890
1780,44.24562,-76.4955,80,7110
1780,44.24533,-76.49554,81,7148
1780,44.24533,-76.49546,82,7154
1780,44.24383,-76.49524,83,7320
1780,44.2435,-76.49529,84,7361
1780,44.24351,-76.4952,85,7367
1780,44.24185,-76.49495,86,7552
1780,44.24093,-76.49485,87,7662
1780,44.24094,-76.49474,88,7671
1780,44.23993,-76.49455,89,7783
1780,44.23903,-76.49444,90,7890
1780,44.23904,-76.49435,91,7897
1780,44.23807,-76.49417,92,8006
1780,44.23791,-76.49422,93,8029
1780,44.23791,-76.49414,94,8035
1780,44.23662,-76.49385,95,8179
1780,44.23529,-76.4935,96,8328
1780,44.23475,-76.49348,97,8395
1780,44.23476,-76.49337,98,8403
1780,44.23346,-76.49304,99,8549
1780,44.2329,-76.49151,100,8692
1780,44.23297,-76.49149,101,8699
1780,44.23259,-76.48902,102,8899
1780,44.23237,-76.48795,103,8992
1780,44.23205,-76.48556,104,9190
1780,44.23183,-76.48417,105,9303
1780,44.23138,-76.48441,106,9363
1780,44.23137,-76.48432,107,9370
1780,44.23093,-76.48447,108,9419
1780,44.23009,-76.48516,109,9527
1780,44.22983,-76.4855,110,9573
1780,44.22979,-76.48542,111,9580
1780,44.2287,-76.48647,112,9732
1780,44.22867,-76.48639,113,9738
1780,44.22775,-76.48718,114,9856
1780,44.22711,-76.48787,115,9953
1780,44.22707,-76.48779,116,9961
1780,44.22689,-76.48795,117,9984
1780,44.22531,-76.49055,118,10256
1780,44.22494,-76.49053,119,10297
1780,44.2248,-76.49198,120,10419
1780,44.22473,-76.49195,121,10426
1780,44.22443,-76.49479,122,10662
1780,44.22435,-76.49477,123,10671
1780,44.22426,-76.49559,124,10736
1780,44.22614,-76.49548,125,10950
1780,44.22614,-76.49557,126,10956
1780,44.2279,-76.49555,127,11151
1780,44.22786,-76.49714,128,11282
1780,44.22779,-76.49711,129,11290
1780,44.2273,-76.49974,130,11506
1780,44.2273,-76.50008,131,11538
1780,44.22724,-76.50005,132,11544
1780,44.22701,-76.50137,133,11652
1780,44.22687,-76.50233,134,11735
1780,44.22681,-76.5023,135,11742
1780,44.22643,-76.50354,136,11849
1780,44.226,-76.50493,137,11968
1780,44.22547,-76.50693,138,12146
1780,44.22539,-76.50688,139,12155
1780,44.22496,-76.5083,140,12278
1780,44.22449,-76.50984,141,12410
1780,44.22445,-76.51013,142,12438
1780,44.22363,-76.51277,143,12672
1780,44.22335,-76.51396,144,12780
1780,44.22327,-76.51391,145,12789
1780,44.22258,-76.5161,146,12979
1780,44.22223,-76.51748,147,13096
1780,44.22203,-76.51803,148,13149
1780,44.22126,-76.51936,149,13288
1780,44.22109,-76.51978,150,13329
1780,44.22102,-76.51983,151,13341
1780,44.22071,-76.52047,152,13402
1780,44.22065,-76.52246,153,13568
1780,44.22059,-76.52246,154,13575
1780,44.22052,-76.52381,155,13683
1780,44.22055,-76.52471,156,13763
1780,44.22047,-76.5247,157,13772
1780,44.22045,-76.525,158,13796
1780,44.22134,-76.52519,159,13896
1780,44.22158,-76.52514,160,13926
1780,44.22243,-76.5253,161,14026
1780,44.22354,-76.52541,162,14149
1780,44.2244,-76.52542,163,14251
1780,44.2244,-76.52549,164,14257
1780,44.22541,-76.5256,165,14369
1780,44.22539,-76.52616,166,14413
1780,44.22532,-76.52631,167,14428
1780,44.22509,-76.52654,168,14459
1780,44.22497,-76.5266,169,14471
1780,44.22403,-76.52654,170,14573
1780,44.22395,-76.52649,171,14583
1780,44.22372,-76.52642,172,14615
1780,44.22378,-76.52632,173,14625
1780,44.22361,-76.52613,174,14648
1780,44.22357,-76.52605,175,14654
1780,44.22355,-76.52595,176,14661
1780,44.22354,-76.52541,177,14703
1780,44.2244,-76.52542,178,14805
1780,44.2244,-76.52549,179,14811
1780,44.22541,-76.5256,180,14923
1780,44.22664,-76.52574,181,15060
1780,44.227,-76.52569,182,15105
1780,44.227,-76.52578,183,15111
1780,44.22994,-76.52596,184,15445
1780,44.22993,-76.52607,185,15454
1780,44.23185,-76.52631,186,15667
1780,44.23315,-76.52676,187,15814
1780,44.2347,-76.52722,188,15997
1780,44.23468,-76.52733,189,16005
1780,44.23569,-76.5277,190,16120
1780,44.23685,-76.52802,191,16251
1780,44.23783,-76.52823,192,16369
1780,44.23781,-76.52834,193,16378
1780,44.23871,-76.52867,194,16481
1780,44.23971,-76.52901,195,16595
1780,44.24077,-76.52906,196,16712
1780,44.24097,-76.529,197,16738
1780,44.2427,-76.52919,198,16935
1780,44.24291,-76.52913,199,16966
1780,44.24293,-76.5292,200,16972
1780,44.24435,-76.52922,201,17135
1780,44.24435,-76.52929,202,17141
1780,44.24654,-76.52936,203,17391
1780,44.24653,-76.52947,204,17399
1780,44.24849,-76.52949,205,17623
1780,44.24849,-76.52959,206,17630
1780,44.24956,-76.52962,207,17749
1780,44.25031,-76.52959,208,17838
1780,44.25031,-76.52968,209,17845
1780,44.25149,-76.52976,210,17976
1780,44.25261,-76.52976,211,18105
1780,44.25518,-76.52998,212,18395
1780,44.25607,-76.52994,213,18499
1780,44.25607,-76.53003,214,18505
1780,44.25664,-76.53004,215,18568
1780,44.2569,-76.52996,216,18597
1780,44.25732,-76.52963,217,18651
1780,44.2579,-76.52896,218,18734
1780,44.25819,-76.52839,219,18790
1780,44.25847,-76.52805,220,18830
1780,44.25879,-76.52787,221,18868
1780,44.25893,-76.52784,222,18883
1780,44.2591,-76.52991,223,19048
1780,44.25924,-76.53133,224,19162
1780,44.25905,-76.53594,225,19530
1780,44.25876,-76.53815,226,19709
1780,44.25773,-76.53782,227,19829
1781,44.22372,-76.52642,0,0
1781,44.22378,-76.52632,1,10
1781,44.22361,-76.52613,2,33
1781,44.22357,-76.52605,3,39
1781,44.22355,-76.52595,4,46
1781,44.22354,-76.52541,5,88
1781,44.22243,-76.5253,6,211
1781,44.2213,-76.52529,7,344
1781,44.22131,-76.52518,8,352
1781,44.22045,-76.525,9,448
1781,44.22032,-76.52983,10,843
1781,44.22024,-76.52982,11,852
1781,44.22006,-76.5337,12,1161
1781,44.21997,-76.53617,13,1357
1781,44.22015,-76.54067,14,1716
1781,44.22019,-76.54237,15,1851
1781,44.21974,-76.54682,16,2209
1781,44.21935,-76.55028,17,2487
1781,44.21912,-76.5556,18,2912
1781,44.21899,-76.55979,19,3254
1781,44.21892,-76.55977,20,3262
1781,44.21866,-76.56435,21,3628
1781,44.21875,-76.56467,22,3664
1781,44.21864,-76.56466,23,3675
1781,44.2186,-76.56712,24,3879
1781,44.21851,-76.5671,25,3889
1781,44.21844,-76.5686,26,4008
1781,44.2184,-76.56924,27,4058
1781,44.21883,-76.56915,28,4114
1781,44.21882,-76.56928,29,4124
1781,44.22133,-76.56953,30,4403
1781,44.22318,-76.56969,31,4608
1781,44.22579,-76.56995,32,4898
1781,44.22837,-76.57021,33,5185
1781,44.22839,-76.57231,34,5359
1781,44.22832,-76.5723,35,5367
1781,44.22825,-76.57366,36,5475
1781,44.23163,-76.57391,37,5856
1781,44.23162,-76.57399,38,5862
1781,44.23411,-76.57424,39,6139
1781,44.23541,-76.57427,40,6289
1781,44.23541,-76.57435,41,6295
1781,44.23758,-76.57459,42,6536
1781,44.23738,-76.57337,43,6649
1781,44.23751,-76.57335,44,6663
1781,44.23739,-76.57112,45,6842
1781,44.2372,-76.57033,46,6922
1781,44.23735,-76.57032,47,6938
1781,44.23719,-76.56746,48,7167
1781,44.2378,-76.56737,49,7246
1781,44.23779,-76.56753,50,7259
1781,44.24067,-76.56772,51,7579
1781,44.24164,-76.56761,52,7697
1781,44.24164,-76.56775,53,7708
1781,44.24471,-76.56791,54,8048
1781,44.24662,-76.56805,55,8259
1781,44.24668,-76.56929,56,8366
1781,44.2466,-76.56928,57,8375
1781,44.24661,-76.57072,58,8487
1781,44.2468,-76.57211,59,8597
1781,44.247,-76.57335,60,8698
1781,44.24719,-76.57412,61,8769
1781,44.24713,-76.57414,62,8776
1781,44.24729,-76.5757,63,8899
1781,44.24736,-76.57702,64,9002
1781,44.24746,-76.57743,65,9034
1781,44.24763,-76.57779,66,9066
1781,44.24791,-76.57802,67,9105
1781,44.24791,-76.5781,68,9112
1781,44.2483,-76.57838,69,9161
1781,44.24804,-76.57963,70,9263
1781,44.24808,-76.58078,71,9366
1781,44.24798,-76.5808,72,9377
1781,44.24814,-76.58211,73,9478
1781,44.24921,-76.58535,74,9769
1781,44.24913,-76.5854,75,9778
1781,44.24956,-76.5868,76,9899
1781,44.24998,-76.58814,77,10015
1781,44.25039,-76.58969,78,10146
1781,44.25076,-76.58933,79,10208
1781,44.2508,-76.5895,80,10222
1781,44.25264,-76.5885,81,10448
1781,44.25266,-76.5886,82,10456
1781,44.25365,-76.58813,83,10571
1781,44.2546,-76.58749,84,10683
1781,44.2554,-76.58655,85,10795
1781,44.2555,-76.58622,86,10831
1781,44.25557,-76.58632,87,10842
1781,44.25651,-76.58503,88,10988
1781,44.25716,-76.58444,89,11068
1781,44.25887,-76.58399,90,11257
1781,44.25972,-76.58367,91,11354
1781,44.25925,-76.58129,92,11563
1781,44.25935,-76.58124,93,11574
1781,44.25889,-76.57832,94,11813
1781,44.2586,-76.57696,95,11937
1781,44.25874,-76.57694,96,11952
1781,44.25858,-76.57404,97,12182
1781,44.25738,-76.574,98,12314
1781,44.25709,-76.57422,99,12356
1781,44.25707,-76.57413,100,12363
1781,44.25671,-76.57431,101,12405
1781,44.25564,-76.57428,102,12520
1781,44.25506,-76.57424,103,12584
1781,44.25495,-76.57417,104,12595
1781,44.25485,-76.57399,105,12610
1781,44.25483,-76.57389,106,12618
1781,44.25485,-76.57314,107,12677
1781,44.25514,-76.57316,108,12709
1781,44.25507,-76.57294,109,12734
1782,44.25851,-76.50624,0,0
1782,44.25852,-76.50614,1,8
1782,44.25595,-76.50589,2,293
1782,44.25596,-76.50403,3,447
1782,44.25603,-76.50403,4,454
1782,44.25609,-76.50114,5,692
1782,44.25618,-76.50115,6,701
1782,44.25625,-76.49963,7,823
1782,44.25626,-76.49763,8,990
1782,44.25634,-76.49764,9,999
1782,44.25637,-76.49719,10,1035
1782,44.25528,-76.49701,11,1155
1782,44.25341,-76.4967,12,1364
1782,44.25317,-76.49678,13,1397
1782,44.25318,-76.49667,14,1405
1782,44.25027,-76.49635,15,1738
1782,44.25028,-76.49623,16,1747
1782,44.24794,-76.49585,17,2007
1782,44.24759,-76.49589,18,2052
1782,44.2476,-76.4958,19,2059
1782,44.24562,-76.4955,20,2279
1782,44.24533,-76.49554,21,2317
1782,44.24533,-76.49546,22,2323
1782,44.24383,-76.49524,23,2489
1782,44.2435,-76.49529,24,2530
1782,44.24351,-76.4952,25,2536
1782,44.24185,-76.49495,26,2721
1782,44.24093,-76.49485,27,2831
1782,44.24094,-76.49474,28,2840
1782,44.23993,-76.49455,29,2952
1782,44.23903,-76.49444,30,3059
1782,44.23904,-76.49435,31,3066
1782,44.23807,-76.49417,32,3175
1782,44.23791,-76.49422,33,3198
1782,44.23791,-76.49414,34,3204
1782,44.23662,-76.49385,35,3348
1782,44.23529,-76.4935,36,3497
1782,44.23475,-76.49348,37,3564
1782,44.23476,-76.49337,38,3572
1782,44.23346,-76.49304,39,3718
1782,44.2329,-76.49151,40,3861
1782,44.23297,-76.49149,41,3868
1782,44.23285,-76.49077,42,3926
1782,44.23145,-76.49114,43,4083
1782,44.23024,-76.49106,44,4216
1782,44.22885,-76.49091,45,4370
1782,44.22759,-76.49078,46,4509
1782,44.22774,-76.49296,47,4683
1782,44.2279,-76.49555,48,4890
1782,44.22786,-76.49714,49,5021
1782,44.22779,-76.49711,50,5029
1782,44.2273,-76.49974,51,5245
1782,44.2273,-76.50008,52,5277
1782,44.22724,-76.50005,53,5283
1782,44.22701,-76.50137,54,5391
1782,44.22687,-76.50233,55,5474
1782,44.22681,-76.5023,56,5481
1782,44.22643,-76.50354,57,5588
1782,44.226,-76.50493,58,5707
1782,44.22547,-76.50693,59,5885
1782,44.22539,-76.50688,60,5894
1782,44.22496,-76.5083,61,6017
1782,44.22449,-76.50984,62,6149
1782,44.22445,-76.51013,63,6177
1782,44.22363,-76.51277,64,6411
1782,44.22335,-76.51396,65,6519
1782,44.22327,-76.51391,66,6528
1782,44.22258,-76.5161,67,6718
1782,44.22223,-76.51748,68,6835
1782,44.22203,-76.51803,69,6888
1782,44.22126,-76.51936,70,7027
1782,44.22109,-76.51978,71,7068
1782,44.22102,-76.51983,72,7080
1782,44.22071,-76.52047,73,7141
1782,44.22065,-76.52246,74,7307
1782,44.22059,-76.52246,75,7314
1782,44.22052,-76.52381,76,7422
1782,44.22055,-76.52471,77,7502
1782,44.22047,-76.5247,78,7511
1782,44.22045,-76.525,79,7535
1782,44.22134,-76.52519,80,7635
1782,44.22158,-76.52514,81,7665
1782,44.22243,-76.5253,82,7765
1782,44.22354,-76.52541,83,7888
1782,44.2244,-76.52542,84,7990
1782,44.2244,-76.52549,85,7996
1782,44.22541,-76.5256,86,8108
1782,44.22539,-76.52616,87,8152
1782,44.22532,-76.52631,88,8167
1782,44.22509,-76.52654,89,8198
1782,44.22497,-76.5266,90,8210
1782,44.22403,-76.52654,91,8312
1782,44.22395,-76.52649,92,8322
1782,44.22372,-76.52642,93,8354
1782,44.22378,-76.52632,94,8364
1782,44.22361,-76.52613,95,8387
1782,44.22357,-76.52605,96,8393
1782,44.22355,-76.52595,97,8400
1782,44.22354,-76.52541,98,8442
1782,44.2244,-76.52542,99,8544
1782,44.2244,-76.52549,100,8550
1782,44.22541,-76.5256,101,8662
1782,44.22664,-76.52574,102,8799
1782,44.227,-76.52569,103,8844
1782,44.227,-76.52578,104,8850
1782,44.22994,-76.52596,105,9184
1782,44.22993,-76.52607,106,9193
1782,44.23011,-76.52609,107,9212
1782,44.23037,-76.5225,108,9499
1782,44.2304,-76.52114,109,9614
1782,44.23046,-76.52115,110,9621
1782,44.23064,-76.51849,111,9834
1782,44.23076,-76.51694,112,9958
1782,44.23091,-76.51522,113,10095
1782,44.23094,-76.51446,114,10155
1782,44.23332,-76.51469,115,10420
1782,44.23392,-76.51464,116,10494
1782,44.23392,-76.51474,117,10502
1782,44.23484,-76.51481,118,10602
1782,44.23546,-76.51498,119,10667
1782,44.23582,-76.5152,120,10707
1782,44.23681,-76.51628,121,10845
1782,44.23875,-76.51833,122,11126
1782,44.2387,-76.51843,123,11136
1782,44.2391,-76.51882,124,11189
1782,44.2397,-76.51911,125,11257
1782,44.24187,-76.51913,126,11508
1782,44.24187,-76.51927,127,11519
1782,44.24362,-76.51939,128,11713
1782,44.2441,-76.51937,129,11764
1782,44.24436,-76.51927,130,11792
1782,44.2446,-76.51908,131,11822
1782,44.24513,-76.52028,132,11933
1782,44.2473,-76.52452,133,12363
1782,44.24718,-76.52463,134,12378
1782,44.24772,-76.52578,135,12488
1782,44.24873,-76.52786,136,12688
1782,44.24955,-76.52934,137,12848
1782,44.24947,-76.52943,138,12859
1782,44.25137,-76.53297,139,13223
1782,44.25128,-76.53307,140,13235
1782,44.25211,-76.53479,141,13400
1782,44.25284,-76.53629,142,13544
1782,44.25527,-76.5397,143,13927
1782,44.25707,-76.54208,144,14202
1782,44.2574,-76.54225,145,14251
1782,44.25731,-76.54238,146,14265
1782,44.25804,-76.5433,147,14371
1782,44.25823,-76.54376,148,14409
1782,44.25829,-76.54411,149,14435
1782,44.25818,-76.54684,150,14651
1782,44.25813,-76.54906,151,14828
1782,44.25822,-76.54973,152,14890
1782,44.25813,-76.54973,153,14899
1782,44.25818,-76.5543,154,15263
1782,44.25832,-76.55502,155,15336
1782,44.25818,-76.55503,156,15351
1782,44.25821,-76.55879,157,15651
1782,44.25835,-76.55972,158,15738
1782,44.25822,-76.55972,159,15752
1782,44.25828,-76.56391,160,16086
1782,44.25835,-76.56867,161,16466
1782,44.2573,-76.56888,162,16594
1782,44.2573,-76.56872,163,16606
1782,44.25507,-76.5686,164,16852
1782,44.25505,-76.56892,165,16880
1782,44.2551,-76.56908,166,16894
1782,44.2552,-76.56927,167,16911
1782,44.25512,-76.56932,168,16920
1782,44.25504,-76.5694,169,16929
1782,44.255,-76.56948,170,16936
1782,44.25496,-76.56966,171,16949
1782,44.25492,-76.57093,172,17050
1782,44.25488,-76.57224,173,17154
1782,44.25485,-76.57314,174,17225
1782,44.25514,-76.57316,175,17257
1782,44.25508,-76.57215,176,17348
1783,44.22372,-76.52642,0,0
1783,44.22378,-76.52632,1,10
1783,44.22361,-76.52613,2,33
1783,44.22357,-76.52605,3,39
1783,44.22355,-76.52595,4,46
1783,44.22354,-76.52541,5,88
1783,44.22243,-76.5253,6,211
1783,44.2213,-76.52529,7,344
1783,44.22131,-76.52518,8,352
1783,44.22045,-76.525,9,448
1783,44.22047,-76.52292,10,623
1783,44.22056,-76.52292,11,633
1783,44.22062,-76.52071,12,816
1783,44.22069,-76.52072,13,823
1783,44.22073,-76.52003,14,877
1783,44.2208,-76.52002,15,885
1783,44.22096,-76.51993,16,902
1783,44.22172,-76.5185,17,1042
1783,44.22223,-76.51748,18,1140
1783,44.22221,-76.51728,19,1161
1783,44.22227,-76.51732,20,1168
1783,44.22258,-76.5161,21,1271
1783,44.22295,-76.51492,22,1373
1783,44.22303,-76.51447,23,1415
1783,44.22309,-76.5145,24,1421
1783,44.22363,-76.51277,25,1571
1783,44.22408,-76.51118,26,1707
1783,44.22438,-76.50996,27,1815
1783,44.22444,-76.51,28,1821
1783,44.22484,-76.50868,29,1934
1783,44.22522,-76.50743,30,2041
1783,44.22551,-76.50624,31,2147
1783,44.22558,-76.5063,32,2155
1783,44.226,-76.50493,33,2273
1783,44.22636,-76.50377,34,2373
1783,44.22663,-76.50261,35,2478
1783,44.2267,-76.50265,36,2487
1783,44.22701,-76.50137,37,2594
1783,44.2272,-76.49989,38,2720
1783,44.22727,-76.49991,39,2727
1783,44.22758,-76.49822,40,2866
1783,44.22769,-76.49717,41,2958
1783,44.22777,-76.4972,42,2966
1783,44.22793,-76.49622,43,3044
1783,44.2279,-76.49555,44,3096
1783,44.22624,-76.49571,45,3290
1783,44.22624,-76.49557,46,3301
1783,44.22509,-76.49558,47,3428
1783,44.22426,-76.49559,48,3520
1783,44.22427,-76.49475,49,3593
1783,44.22435,-76.49477,50,3601
1783,44.22464,-76.49221,51,3813
1783,44.22469,-76.49223,52,3819
1783,44.22494,-76.49053,53,3956
1783,44.22531,-76.49055,54,3997
1783,44.22683,-76.48793,55,4272
1783,44.22688,-76.48798,56,4278
1783,44.22775,-76.48718,57,4392
1783,44.22844,-76.48647,58,4493
1783,44.22848,-76.48656,59,4500
1783,44.22931,-76.48584,60,4607
1783,44.23009,-76.48516,61,4709
1783,44.23093,-76.48447,62,4817
1783,44.2316,-76.48413,63,4903
1784,44.25773,-76.53782,0,0
1784,44.25776,-76.53775,1,6
1784,44.25825,-76.53803,2,64
1784,44.25875,-76.53816,3,120
1784,44.25905,-76.53594,4,299
1784,44.25923,-76.53266,5,561
1784,44.25924,-76.53133,6,667
1784,44.25898,-76.52846,7,897
1784,44.25894,-76.52786,8,945
1784,44.25879,-76.52787,9,961
1784,44.25847,-76.52805,10,999
1784,44.25819,-76.52839,11,1039
1784,44.2579,-76.52896,12,1095
1784,44.25732,-76.52963,13,1178
1784,44.2569,-76.52996,14,1232
1784,44.25631,-76.53015,15,1307
1784,44.25631,-76.53004,16,1316
1784,44.25518,-76.52998,17,1440
1784,44.25325,-76.52997,18,1662
1784,44.25325,-76.52986,19,1670
1784,44.25149,-76.52976,20,1865
1784,44.24956,-76.52962,21,2079
1784,44.2488,-76.52971,22,2171
1784,44.2488,-76.52961,23,2179
1784,44.24679,-76.52949,24,2402
1784,44.24442,-76.5293,25,2664
1784,44.24283,-76.52931,26,2849
1784,44.24283,-76.5292,27,2858
1784,44.24093,-76.52907,28,3070
1784,44.23971,-76.52901,29,3204
1784,44.23871,-76.52867,30,3318
1784,44.23858,-76.5287,31,3338
1784,44.2386,-76.52862,32,3345
1784,44.23759,-76.52827,33,3460
1784,44.23569,-76.5277,34,3675
1784,44.23479,-76.52737,35,3777
1784,44.23445,-76.52735,36,3822
1784,44.23447,-76.52725,37,3830
1784,44.23315,-76.52676,38,3981
1784,44.23222,-76.5264,39,4088
1784,44.23027,-76.5262,40,4311
1784,44.23027,-76.52611,41,4318
1784,44.2276,-76.52584,42,4615
1784,44.227,-76.52586,43,4687
1784,44.22701,-76.52578,44,4693
1784,44.22541,-76.5256,45,4870
1784,44.22539,-76.52616,46,4914
1784,44.22532,-76.52631,47,4929
1784,44.22509,-76.52654,48,4960
1784,44.22497,-76.5266,49,4972
1784,44.22403,-76.52654,50,5074
1784,44.22395,-76.52649,51,5084
1784,44.22372,-76.52642,52,5116
1784,44.22378,-76.52632,53,5126
1784,44.22361,-76.52613,54,5149
1784,44.22357,-76.52605,55,5155
1784,44.22355,-76.52595,56,5162
1784,44.22354,-76.52541,57,5204
1784,44.22243,-76.5253,58,5327
1784,44.2213,-76.52529,59,5460
1784,44.22131,-76.52518,60,5468
1784,44.22045,-76.525,61,5564
1784,44.22047,-76.52292,62,5739
1784,44.22056,-76.52292,63,5749
1784,44.22062,-76.52071,64,5932
1784,44.22069,-76.52072,65,5939
1784,44.22073,-76.52003,66,5993
1784,44.2208,-76.52002,67,6001
1784,44.22096,-76.51993,68,6018
1784,44.22172,-76.5185,69,6158
1784,44.22223,-76.51748,70,6256
1784,44.22221,-76.51728,71,6277
1784,44.22227,-76.51732,72,6284
1784,44.22258,-76.5161,73,6387
1784,44.22295,-76.51492,74,6489
1784,44.22303,-76.51447,75,6531
1784,44.22309,-76.5145,76,6537
1784,44.22363,-76.51277,77,6687
1784,44.22408,-76.51118,78,6823
1784,44.22438,-76.50996,79,6931
1784,44.22444,-76.51,80,6937
1784,44.22484,-76.50868,81,7050
1784,44.22522,-76.50743,82,7157
1784,44.22551,-76.50624,83,7263
1784,44.22558,-76.5063,84,7271
1784,44.226,-76.50493,85,7389
1784,44.22636,-76.50377,86,7489
1784,44.22663,-76.50261,87,7594
1784,44.2267,-76.50265,88,7603
1784,44.22701,-76.50137,89,7710
1784,44.2272,-76.49989,90,7836
1784,44.22727,-76.49991,91,7843
1784,44.22758,-76.49822,92,7982
1784,44.22769,-76.49717,93,8074
1784,44.22777,-76.4972,94,8082
1784,44.22793,-76.49622,95,8160
1784,44.2279,-76.49555,96,8212
1784,44.22624,-76.49571,97,8406
1784,44.22624,-76.49557,98,8417
1784,44.22509,-76.49558,99,8544
1784,44.22426,-76.49559,100,8636
1784,44.22427,-76.49475,101,8709
1784,44.22435,-76.49477,102,8717
1784,44.22464,-76.49221,103,8929
1784,44.22469,-76.49223,104,8935
1784,44.22494,-76.49053,105,9072
1784,44.22531,-76.49055,106,9113
1784,44.22683,-76.48793,107,9388
1784,44.22688,-76.48798,108,9394
1784,44.22775,-76.48718,109,9508
1784,44.22844,-76.48647,110,9609
1784,44.22848,-76.48656,111,9616
1784,44.22931,-76.48584,112,9723
1784,44.23009,-76.48516,113,9825
1784,44.23093,-76.48447,114,9933
1784,44.23117,-76.4856,115,10033
1784,44.23111,-76.48562,116,10039
1784,44.23139,-76.4875,117,10192
1784,44.23166,-76.48926,118,10335
1784,44.23193,-76.49101,119,10477
1784,44.23207,-76.49143,120,10522
1784,44.23199,-76.49145,121,10531
1784,44.23219,-76.49274,122,10635
1784,44.23346,-76.49304,123,10777
1784,44.23478,-76.49327,124,10932
1784,44.23477,-76.49337,125,10940
1784,44.23581,-76.49365,126,11056
1784,44.23726,-76.49402,127,11219
1784,44.23795,-76.49406,128,11301
1784,44.23794,-76.49415,129,11307
1784,44.23916,-76.49428,130,11449
1784,44.23916,-76.49437,131,11456
1784,44.24078,-76.49462,132,11642
1784,44.24077,-76.4947,133,11648
1784,44.24185,-76.49495,134,11768
1784,44.24341,-76.49519,135,11942
1784,44.24371,-76.49515,136,11981
1784,44.24371,-76.49523,137,11987
1784,44.24463,-76.49536,138,12089
1784,44.24554,-76.49539,139,12196
1784,44.24553,-76.49549,140,12203
1784,44.24784,-76.49575,141,12465
1784,44.24783,-76.49583,142,12471
1784,44.24977,-76.49616,143,12686
1784,44.25018,-76.4961,144,12739
1784,44.25017,-76.49622,145,12748
1784,44.25341,-76.4967,146,13109
1784,44.25379,-76.49664,147,13159
1784,44.25378,-76.49676,148,13168
1784,44.25494,-76.49695,149,13297
1784,44.25637,-76.49719,150,13455
1784,44.25637,-76.4986,151,13575
1784,44.2563,-76.4986,152,13583
1784,44.25618,-76.50115,153,13786
1784,44.25622,-76.50141,154,13811
1784,44.25616,-76.5014,155,13817
1784,44.25609,-76.50293,156,13939
1784,44.25612,-76.5038,157,14015
1784,44.25604,-76.50379,158,14023
1784,44.25595,-76.50589,159,14190
1784,44.25875,-76.50603,160,14509
1784,44.25874,-76.50616,161,14518
1784,44.25939,-76.50622,162,14589
1784,44.2595,-76.50309,163,14838
1784,44.2595,-76.50268,164,14870
1784,44.25931,-76.50267,165,14891
1784,44.2595,-76.50268,166,14912
1784,44.25958,-76.4992,167,15190
1784,44.2597,-76.49786,168,15298
1784,44.26057,-76.49822,169,15398
1784,44.26166,-76.49828,170,15517
1784,44.26279,-76.49826,171,15642
1784,44.26366,-76.49817,172,15747
1784,44.26366,-76.49829,173,15756
1784,44.26502,-76.49849,174,15907
1784,44.26616,-76.49864,175,16033
1784,44.26637,-76.498,176,16089
1784,44.26636,-76.49699,177,16176
1784,44.26644,-76.49701,178,16184
1784,44.26651,-76.49592,179,16270
1784,44.2662,-76.49472,180,16376
1784,44.26625,-76.4947,181,16382
1784,44.26572,-76.49237,182,16576
1784,44.26564,-76.49133,183,16663
1784,44.2657,-76.49134,184,16669
1784,44.26589,-76.48884,185,16869
1784,44.2659,-76.48787,186,16952
1784,44.26596,-76.48788,187,16958
1784,44.26612,-76.48572,188,17131
1784,44.26619,-76.4853,189,17163
1784,44.26655,-76.48435,190,17253
1784,44.26669,-76.4842,191,17276
1784,44.26808,-76.48176,192,17523
1784,44.26828,-76.48156,193,17551
1784,44.26828,-76.48164,194,17557
1784,44.26844,-76.48165,195,17574
1784,44.26857,-76.47912,196,17776
1784,44.26956,-76.47934,197,17887
1784,44.27008,-76.47941,198,17943
1784,44.2706,-76.47929,199,17999
1784,44.27318,-76.47738,200,18321
1784,44.27357,-76.47837,201,18410
1784,44.27462,-76.47756,202,18543
1784,44.27481,-76.47791,203,18584
1785,44.27481,-76.47791,0,0
1785,44.27484,-76.47813,1,20
1785,44.27483,-76.47825,2,28
1785,44.27422,-76.47936,3,138
1785,44.27413,-76.4796,4,166
1785,44.27408,-76.47955,5,173
1785,44.27322,-76.48047,6,292
1785,44.27223,-76.48157,7,432
1785,44.2717,-76.48239,8,527
1785,44.27165,-76.48233,9,534
1785,44.27104,-76.48323,10,632
1785,44.27154,-76.48377,11,702
1785,44.27157,-76.48387,12,710
1785,44.27135,-76.48445,13,766
1785,44.2704,-76.48624,14,952
1785,44.26964,-76.48759,15,1093
1785,44.2696,-76.48767,16,1100
1785,44.26952,-76.48772,17,1108
1785,44.26844,-76.48764,18,1233
1785,44.26844,-76.48756,19,1239
1785,44.26835,-76.48755,20,1249
1785,44.2685,-76.48488,21,1467
1785,44.26855,-76.48489,22,1473
1785,44.26867,-76.48329,23,1601
1785,44.26877,-76.48195,24,1707
1785,44.26874,-76.48179,25,1717
1785,44.26854,-76.48175,26,1744
1785,44.26855,-76.48167,27,1750
1785,44.26825,-76.48164,28,1782
1785,44.26819,-76.48166,29,1788
1785,44.26812,-76.48171,30,1796
1785,44.26717,-76.48339,31,1965
1785,44.26682,-76.48414,32,2042
1785,44.26677,-76.48407,33,2049
1785,44.26624,-76.48511,34,2149
1785,44.26603,-76.48762,35,2355
1785,44.26598,-76.48761,36,2361
1785,44.26577,-76.49119,37,2653
1785,44.26571,-76.49119,38,2659
1785,44.26567,-76.49203,39,2725
1785,44.26633,-76.49475,40,2960
1785,44.26627,-76.49478,41,2967
1785,44.26651,-76.49592,42,3060
1785,44.26649,-76.49734,43,3179
1785,44.26642,-76.49733,44,3186
1785,44.26637,-76.498,45,3239
1785,44.26616,-76.49864,46,3295
1785,44.26502,-76.49849,47,3421
1785,44.26419,-76.49859,48,3530
1785,44.26421,-76.49837,49,3548
1785,44.26279,-76.49826,50,3704
1785,44.26166,-76.49828,51,3829
1785,44.26069,-76.49825,52,3935
1785,44.2597,-76.49786,53,4048
1785,44.25958,-76.4992,54,4156
1785,44.2595,-76.50309,55,4466
1785,44.25953,-76.5036,56,4511
1785,44.25948,-76.50359,57,4517
1785,44.25941,-76.50557,58,4675
1785,44.25939,-76.50622,59,4726
1785,44.25851,-76.50624,60,4831
1785,44.25852,-76.50614,61,4839
1785,44.25595,-76.50589,62,5124
1785,44.25596,-76.50403,63,5278
1785,44.25603,-76.50403,64,5285
1785,44.25609,-76.50114,65,5523
1785,44.25618,-76.50115,66,5532
1785,44.25625,-76.49963,67,5654
1785,44.25626,-76.49763,68,5821
1785,44.25634,-76.49764,69,5830
1785,44.25637,-76.49719,70,5866
1785,44.25528,-76.49701,71,5986
1785,44.25341,-76.4967,72,6195
1785,44.25317,-76.49678,73,6228
1785,44.25318,-76.49667,74,6236
1785,44.25027,-76.49635,75,6569
1785,44.25028,-76.49623,76,6578
1785,44.24794,-76.49585,77,6838
1785,44.24759,-76.49589,78,6883
1785,44.2476,-76.4958,79,6890
1785,44.24562,-76.4955,80,7110
1785,44.24533,-76.49554,81,7148
1785,44.24533,-76.49546,82,7154
1785,44.24383,-76.49524,83,7320
1785,44.2435,-76.49529,84,7361
1785,44.24351,-76.4952,85,7367
1785,44.24185,-76.49495,86,7552
1785,44.24093,-76.49485,87,7662
1785,44.24094,-76.49474,88,7671
1785,44.23993,-76.49455,89,7783
1785,44.23903,-76.49444,90,7890
1785,44.23904,-76.49435,91,7897
1785,44.23807,-76.49417,92,8006
1785,44.23791,-76.49422,93,8029
1785,44.23791,-76.49414,94,8035
1785,44.23662,-76.49385,95,8179
1785,44.23529,-76.4935,96,8328
1785,44.23475,-76.49348,97,8395
1785,44.23476,-76.49337,98,8403
1785,44.23346,-76.49304,99,8549
1785,44.2329,-76.49151,100,8692
1785,44.23297,-76.49149,101,8699
1785,44.23259,-76.48902,102,8899
1785,44.23237,-76.48795,103,8992
1785,44.23205,-76.48556,104,9190
1785,44.23183,-76.48417,105,9303
1785,44.23138,-76.48441,106,9363
1785,44.23137,-76.48432,107,9370
1785,44.23093,-76.48447,108,9419
1785,44.23009,-76.48516,109,9527
1785,44.22983,-76.4855,110,9573
1785,44.22979,-76.48542,111,9580
1785,44.2287,-76.48647,112,9732
1785,44.22867,-76.48639,113,9738
1785,44.22775,-76.48718,114,9856
1785,44.22711,-76.48787,115,9953
1785,44.22707,-76.48779,116,9961
1785,44.22689,-76.48795,117,9984
1785,44.22531,-76.49055,118,10256
1785,44.22494,-76.49053,119,10297
1785,44.2248,-76.49198,120,10419
1785,44.22473,-76.49195,121,10426
1785,44.22443,-76.49479,122,10662
1785,44.22435,-76.49477,123,10671
1785,44.22426,-76.49559,124,10736
1785,44.22614,-76.49548,125,10950
1785,44.22614,-76.49557,126,10956
1785,44.2279,-76.49555,127,11151
1785,44.22786,-76.49714,128,11282
1785,44.22779,-76.49711,129,11290
1785,44.2273,-76.49974,130,11506
1785,44.2273,-76.50008,131,11538
1785,44.22724,-76.50005,132,11544
1785,44.22701,-76.50137,133,11652
1785,44.22687,-76.50233,134,11735
1785,44.22681,-76.5023,135,11742
1785,44.22643,-76.50354,136,11849
1785,44.226,-76.50493,137,11968
1785,44.22547,-76.50693,138,12146
1785,44.22539,-76.50688,139,12155
1785,44.22496,-76.5083,140,12278
1785,44.22449,-76.50984,141,12410
1785,44.22445,-76.51013,142,12438
1785,44.22363,-76.51277,143,12672
1785,44.22335,-76.51396,144,12780
1785,44.22327,-76.51391,145,12789
1785,44.22258,-76.5161,146,12979
1785,44.22223,-76.51748,147,13096
1785,44.22203,-76.51803,148,13149
1785,44.22126,-76.51936,149,13288
1785,44.22109,-76.51978,150,13329
1785,44.22102,-76.51983,151,13341
1785,44.22071,-76.52047,152,13402
1785,44.22065,-76.52246,153,13568
1785,44.22059,-76.52246,154,13575
1785,44.22052,-76.52381,155,13683
1785,44.22055,-76.52471,156,13763
1785,44.22047,-76.5247,157,13772
1785,44.22045,-76.525,158,13796
1785,44.22134,-76.52519,159,13896
1785,44.22158,-76.52514,160,13926
1785,44.22243,-76.5253,161,14026
1785,44.22354,-76.52541,162,14149
1785,44.2244,-76.52542,163,14251
1785,44.2244,-76.52549,164,14257
1785,44.22541,-76.5256,165,14369
1785,44.22539,-76.52616,166,14413
1785,44.22532,-76.52631,167,14428
1785,44.22509,-76.52654,168,14459
1785,44.22497,-76.5266,169,14471
1785,44.22403,-76.52654,170,14573
1785,44.22395,-76.52649,171,14583
1785,44.22372,-76.52642,172,14615
1785,44.22378,-76.52632,173,14625
1785,44.22361,-76.52613,174,14648
1785,44.22357,-76.52605,175,14654
1785,44.22355,-76.52595,176,14661
1785,44.22354,-76.52541,177,14703
1785,44.2244,-76.52542,178,14805
1785,44.2244,-76.52549,179,14811
1785,44.22541,-76.5256,180,14923
1785,44.22664,-76.52574,181,15060
1785,44.227,-76.52569,182,15105
1785,44.227,-76.52578,183,15111
1785,44.22994,-76.52596,184,15445
1785,44.22993,-76.52607,185,15454
1785,44.23185,-76.52631,186,15667
1785,44.23315,-76.52676,187,15814
1785,44.2347,-76.52722,188,15997
1785,44.23468,-76.52733,189,16005
1785,44.23569,-76.5277,190,16120
1785,44.23685,-76.52802,191,16251
1785,44.23783,-76.52823,192,16369
1785,44.23781,-76.52834,193,16378
1785,44.23871,-76.52867,194,16481
1785,44.23971,-76.52901,195,16595
1785,44.24077,-76.52906,196,16712
1785,44.24097,-76.529,197,16738
1785,44.2427,-76.52919,198,16935
1785,44.24291,-76.52913,199,16966
1785,44.24293,-76.5292,200,16972
1785,44.24435,-76.52922,201,17135
1785,44.24435,-76.52929,202,17141
1785,44.24654,-76.52936,203,17391
1785,44.24653,-76.52947,204,17399
1785,44.24849,-76.52949,205,17623
1785,44.24849,-76.52959,206,17630
1785,44.24956,-76.52962,207,17749
1785,44.25031,-76.52959,208,17838
1785,44.25031,-76.52968,209,17845
1785,44.25149,-76.52976,210,17976
1785,44.25261,-76.52976,211,18105
1785,44.25518,-76.52998,212,18395
1785,44.25607,-76.52994,213,18499
1785,44.25607,-76.53003,214,18505
1785,44.25664,-76.53004,215,18568
1785,44.2569,-76.52996,216,18597
1785,44.25732,-76.52963,217,18651
1785,44.2579,-76.52896,218,18734
1785,44.25819,-76.52839,219,18790
1785,44.25847,-76.52805,220,18830
1785,44.25879,-76.52787,221,18868
1785,44.25893,-76.52784,222,18883
1785,44.2591,-76.52991,223,19048
1785,44.25924,-76.53133,224,19162
1785,44.25905,-76.53594,225,19530
1785,44.25876,-76.53815,226,19709
1785,44.25773,-76.53782,227,19829
1786,44.22372,-76.52642,0,0
1786,44.22378,-76.52632,1,10
1786,44.22361,-76.52613,2,33
1786,44.22357,-76.52605,3,39
1786,44.22355,-76.52595,4,46
1786,44.22354,-76.52541,5,88
1786,44.22243,-76.5253,6,211
1786,44.2213,-76.52529,7,344
1786,44.22131,-76.52518,8,352
1786,44.22045,-76.525,9,448
1786,44.22032,-76.52983,10,843
1786,44.22024,-76.52982,11,852
1786,44.22006,-76.5337,12,1161
1786,44.21997,-76.53617,13,1357
1786,44.22015,-76.54067,14,1716
1786,44.22019,-76.54237,15,1851
1786,44.21974,-76.54682,16,2209
1786,44.21935,-76.55028,17,2487
1786,44.21912,-76.5556,18,2912
1786,44.21899,-76.55979,19,3254
1786,44.21892,-76.55977,20,3262
1786,44.21866,-76.56435,21,3628
1786,44.21875,-76.56467,22,3664
1786,44.21864,-76.56466,23,3675
1786,44.2186,-76.56712,24,3879
1786,44.21851,-76.5671,25,3889
1786,44.21844,-76.5686,26,4008
1786,44.2184,-76.56924,27,4058
1786,44.21883,-76.56915,28,4114
1786,44.21882,-76.56928,29,4124
1786,44.22133,-76.56953,30,4403
1786,44.22318,-76.56969,31,4608
1786,44.22579,-76.56995,32,4898
1786,44.22837,-76.57021,33,5185
1786,44.22839,-76.57231,34,5359
1786,44.22832,-76.5723,35,5367
1786,44.22825,-76.57366,36,5475
1786,44.23163,-76.57391,37,5856
1786,44.23162,-76.57399,38,5862
1786,44.23411,-76.57424,39,6139
1786,44.23541,-76.57427,40,6289
1786,44.23541,-76.57435,41,6295
1786,44.23758,-76.57459,42,6536
1786,44.23738,-76.57337,43,6649
1786,44.23751,-76.57335,44,6663
1786,44.23739,-76.57112,45,6842
1786,44.2372,-76.57033,46,6922
1786,44.23735,-76.57032,47,6938
1786,44.23719,-76.56746,48,7167
1786,44.2378,-76.56737,49,7246
1786,44.23779,-76.56753,50,7259
1786,44.24067,-76.56772,51,7579
1786,44.24164,-76.56761,52,7697
1786,44.24164,-76.56775,53,7708
1786,44.24471,-76.56791,54,8048
1786,44.24662,-76.56805,55,8259
1786,44.24668,-76.56929,56,8366
1786,44.2466,-76.56928,57,8375
1786,44.24661,-76.57072,58,8487
1786,44.2468,-76.57211,59,8597
1786,44.247,-76.57335,60,8698
1786,44.24719,-76.57412,61,8769
1786,44.24713,-76.57414,62,8776
1786,44.24729,-76.5757,63,8899
1786,44.24736,-76.57702,64,9002
1786,44.24746,-76.57743,65,9034
1786,44.24763,-76.57779,66,9066
1786,44.24791,-76.57802,67,9105
1786,44.24791,-76.5781,68,9112
1786,44.2483,-76.57838,69,9161
1786,44.24804,-76.57963,70,9263
1786,44.24808,-76.58078,71,9366
1786,44.24798,-76.5808,72,9377
1786,44.24814,-76.58211,73,9478
1786,44.24921,-76.58535,74,9769
1786,44.24913,-76.5854,75,9778
1786,44.24956,-76.5868,76,9899
1786,44.24998,-76.58814,77,10015
1786,44.25039,-76.58969,78,10146
1786,44.25076,-76.58933,79,10208
1786,44.2508,-76.5895,80,10222
1786,44.25264,-76.5885,81,10448
1786,44.25266,-76.5886,82,10456
1786,44.25365,-76.58813,83,10571
1786,44.2546,-76.58749,84,10683
1786,44.2554,-76.58655,85,10795
1786,44.2555,-76.58622,86,10831
1786,44.25557,-76.58632,87,10842
1786,44.25651,-76.58503,88,10988
1786,44.25716,-76.58444,89,11068
1786,44.25887,-76.58399,90,11257
1786,44.25972,-76.58367,91,11354
1786,44.25925,-76.58129,92,11563
1786,44.25935,-76.58124,93,11574
1786,44.25889,-76.57832,94,11813
1786,44.2586,-76.57696,95,11937
1786,44.25874,-76.57694,96,11952
1786,44.25858,-76.57404,97,12182
1786,44.25738,-76.574,98,12314
1786,44.25709,-76.57422,99,12356
1786,44.25707,-76.57413,100,12363
1786,44.25671,-76.57431,101,12405
1786,44.25564,-76.57428,102,12520
1786,44.25506,-76.57424,103,12584
1786,44.25495,-76.57417,104,12595
1786,44.25485,-76.57399,105,12610
1786,44.25483,-76.57389,106,12618
1786,44.25485,-76.57314,107,12677
1786,44.25514,-76.57316,108,12709
1786,44.2552,-76.57189,109,12810
1786,44.25489,-76.57188,110,12843
1786,44.25497,-76.57308,111,12951
1787,44.26305,-76.49703,0,0
1787,44.26308,-76.49711,1,7
1787,44.26392,-76.49723,2,100
1787,44.26385,-76.49832,3,186
1787,44.26279,-76.49826,4,302
1787,44.26166,-76.49828,5,427
1787,44.26069,-76.49825,6,533
1787,44.2597,-76.49786,7,646
1787,44.25876,-76.49754,8,748
1787,44.25775,-76.49738,9,859
1787,44.25653,-76.49734,10,1004
1787,44.25654,-76.49721,11,1014
1787,44.25562,-76.49707,12,1115
1787,44.25341,-76.4967,13,1362
1787,44.25346,-76.49797,14,1471
1787,44.25339,-76.49797,15,1479
1787,44.25337,-76.49936,16,1589
1787,44.25335,-76.50146,17,1763
1787,44.2533,-76.50146,18,1769
1787,44.25328,-76.50204,19,1815
1787,44.25107,-76.50189,20,2060
1787,44.24998,-76.50189,21,2187
1787,44.24998,-76.50181,22,2193
1787,44.24762,-76.50172,23,2460
1787,44.24752,-76.50164,24,2475
1787,44.24626,-76.50156,25,2614
1787,44.24534,-76.50149,26,2716
1787,44.2447,-76.50152,27,2791
1787,44.24461,-76.50145,28,2807
1787,44.24455,-76.50268,29,2904
1787,44.24292,-76.50252,30,3085
1787,44.24135,-76.50235,31,3260
1787,44.24125,-76.50477,32,3453
1787,44.24132,-76.50563,33,3530
1787,44.24124,-76.50563,34,3538
1787,44.24124,-76.50588,35,3557
1787,44.24141,-76.50643,36,3602
1787,44.24192,-76.50724,37,3684
1787,44.24198,-76.50745,38,3701
1787,44.24203,-76.5083,39,3772
1787,44.24192,-76.50953,40,3875
1787,44.24158,-76.51085,41,3985
1787,44.24115,-76.51153,42,4055
1787,44.24093,-76.51291,43,4167
1787,44.24099,-76.51358,44,4230
1787,44.24087,-76.51354,45,4243
1787,44.24059,-76.51701,46,4520
1787,44.24173,-76.51696,47,4646
1787,44.24231,-76.51704,48,4710
1787,44.24231,-76.5167,49,4737
1787,44.242,-76.5168,50,4780
1787,44.242,-76.5167,51,4788
1787,44.24176,-76.5167,52,4814
1787,44.24173,-76.51696,53,4835
1787,44.24059,-76.51701,54,4961
1787,44.24041,-76.51921,55,5137
1787,44.23949,-76.51904,56,5239
1787,44.23854,-76.51849,57,5362
1787,44.23862,-76.51835,58,5376
1787,44.23681,-76.51628,59,5636
1787,44.23595,-76.51531,60,5758
1787,44.23531,-76.51491,61,5830
1787,44.2339,-76.51474,62,5981
1787,44.23338,-76.5147,63,6039
1787,44.23336,-76.51496,64,6060
1787,44.23338,-76.5147,65,6081
1787,44.23094,-76.51446,66,6352
1787,44.23086,-76.51595,67,6471
1787,44.23064,-76.51849,68,6673
1787,44.23053,-76.52089,69,6870
1787,44.23047,-76.52102,70,6885
1787,44.23037,-76.5225,71,7003
1787,44.23016,-76.52542,72,7237
1787,44.23011,-76.52609,73,7290
1787,44.2276,-76.52584,74,7569
1787,44.227,-76.52586,75,7641
1787,44.22701,-76.52578,76,7647
1787,44.22541,-76.5256,77,7824
1787,44.22539,-76.52616,78,7868
1787,44.22532,-76.52631,79,7883
1787,44.22509,-76.52654,80,7914
1787,44.22497,-76.5266,81,7926
1787,44.22403,-76.52654,82,8028
1787,44.22395,-76.52649,83,8038
1787,44.22372,-76.52642,84,8070
1788,44.22372,-76.52642,0,0
1788,44.22378,-76.52632,1,10
1788,44.22361,-76.52613,2,33
1788,44.22357,-76.52605,3,39
1788,44.22355,-76.52595,4,46
1788,44.22354,-76.52541,5,88
1788,44.2244,-76.52542,6,190
1788,44.2244,-76.52549,7,196
1788,44.22541,-76.5256,8,308
1788,44.22664,-76.52574,9,445
1788,44.227,-76.52569,10,490
1788,44.227,-76.52578,11,496
1788,44.22994,-76.52596,12,830
1788,44.22993,-76.52607,13,839
1788,44.23011,-76.52609,14,858
1788,44.23037,-76.5225,15,1145
1788,44.2304,-76.52114,16,1260
1788,44.23046,-76.52115,17,1267
1788,44.23064,-76.51849,18,1480
1788,44.23076,-76.51694,19,1604
1788,44.23091,-76.51522,20,1741
1788,44.23094,-76.51446,21,1801
1788,44.23332,-76.51469,22,2066
1788,44.23392,-76.51464,23,2140
1788,44.23392,-76.51474,24,2148
1788,44.23484,-76.51481,25,2248
1788,44.23546,-76.51498,26,2313
1788,44.23582,-76.5152,27,2353
1788,44.23681,-76.51628,28,2491
1788,44.23875,-76.51833,29,2772
1788,44.2387,-76.51843,30,2782
1788,44.2391,-76.51882,31,2835
1788,44.23941,-76.519,32,2871
1788,44.23962,-76.51899,33,2893
1788,44.23986,-76.5189,34,2920
1788,44.24003,-76.51873,35,2943
1788,44.24022,-76.51841,36,2976
1788,44.24057,-76.51725,37,3075
1788,44.24059,-76.51701,38,3094
1788,44.24173,-76.51696,39,3220
1788,44.24231,-76.51704,40,3284
1788,44.24231,-76.5167,41,3311
1788,44.24181,-76.51679,42,3373
1788,44.24181,-76.5167,43,3380
1788,44.24176,-76.5167,44,3386
1788,44.24173,-76.51696,45,3407
1788,44.24059,-76.51701,46,3533
1788,44.24077,-76.51451,47,3733
1788,44.24075,-76.51358,48,3819
1788,44.24086,-76.5136,49,3832
1788,44.24115,-76.51153,50,3999
1788,44.24124,-76.50766,51,4308
1788,44.24116,-76.50696,52,4370
1788,44.24123,-76.50696,53,4377
1788,44.24125,-76.50477,54,4550
1788,44.24131,-76.5034,55,4659
1788,44.24124,-76.50313,56,4688
1788,44.24132,-76.50314,57,4696
1788,44.24135,-76.50235,58,4758
1788,44.24292,-76.50252,59,4933
1788,44.24455,-76.50268,60,5114
1788,44.24454,-76.50157,61,5207
1788,44.2446,-76.50158,62,5213
1788,44.24461,-76.50145,63,5223
1788,44.24626,-76.50156,64,5406
1788,44.24743,-76.50155,65,5542
1788,44.24743,-76.50164,66,5549
1788,44.24992,-76.50181,67,5825
1788,44.25008,-76.50174,68,5848
1788,44.25008,-76.50182,69,5854
1788,44.25107,-76.50189,70,5965
1788,44.25241,-76.50198,71,6113
1788,44.25328,-76.50204,72,6210
1788,44.25324,-76.50138,73,6268
1788,44.2533,-76.50138,74,6274
1788,44.25337,-76.49936,75,6435
1788,44.25333,-76.49789,76,6557
1788,44.25339,-76.49789,77,6563
1788,44.25341,-76.4967,78,6657
1788,44.25379,-76.49664,79,6707
1788,44.25378,-76.49676,80,6716
1788,44.25494,-76.49695,81,6845
1788,44.25625,-76.49704,82,6999
1788,44.25624,-76.49717,83,7009
1788,44.25775,-76.49738,84,7176
1788,44.25876,-76.49754,85,7287
1788,44.2597,-76.49786,86,7389
1788,44.26057,-76.49822,87,7489
1788,44.26166,-76.49828,88,7608
1788,44.26279,-76.49826,89,7733
1788,44.26366,-76.49817,90,7838
1788,44.26366,-76.49829,91,7847
1788,44.26385,-76.49832,92,7867
1788,44.26392,-76.49723,93,7953
1788,44.26258,-76.49711,94,8106
1789,44.25773,-76.53782,0,0
1789,44.25776,-76.53775,1,6
1789,44.25825,-76.53803,2,64
1789,44.25875,-76.53816,3,120
1789,44.25905,-76.53594,4,299
1789,44.25923,-76.53266,5,561
1789,44.25924,-76.53133,6,667
1789,44.25898,-76.52846,7,897
1789,44.25894,-76.52786,8,945
1789,44.25879,-76.52787,9,961
1789,44.25847,-76.52805,10,999
1789,44.25819,-76.52839,11,1039
1789,44.2579,-76.52896,12,1095
1789,44.25732,-76.52963,13,1178
1789,44.2569,-76.52996,14,1232
1789,44.25631,-76.53015,15,1307
1789,44.25631,-76.53004,16,1316
1789,44.25518,-76.52998,17,1440
1789,44.25325,-76.52997,18,1662
1789,44.25325,-76.52986,19,1670
1789,44.25149,-76.52976,20,1865
1789,44.24956,-76.52962,21,2079
1789,44.2488,-76.52971,22,2171
1789,44.2488,-76.52961,23,2179
1789,44.24679,-76.52949,24,2402
1789,44.24442,-76.5293,25,2664
1789,44.24283,-76.52931,26,2849
1789,44.24283,-76.5292,27,2858
1789,44.24093,-76.52907,28,3070
1789,44.23971,-76.52901,29,3204
1789,44.23871,-76.52867,30,3318
1789,44.23858,-76.5287,31,3338
1789,44.2386,-76.52862,32,3345
1789,44.23759,-76.52827,33,3460
1789,44.23569,-76.5277,34,3675
1789,44.23479,-76.52737,35,3777
1789,44.23445,-76.52735,36,3822
1789,44.23447,-76.52725,37,3830
1789,44.23315,-76.52676,38,3981
1789,44.23222,-76.5264,39,4088
1789,44.23027,-76.5262,40,4311
1789,44.23027,-76.52611,41,4318
1789,44.2276,-76.52584,42,4615
1789,44.227,-76.52586,43,4687
1789,44.22701,-76.52578,44,4693
1789,44.22541,-76.5256,45,4870
1789,44.22539,-76.52616,46,4914
1789,44.22532,-76.52631,47,4929
1789,44.22509,-76.52654,48,4960
1789,44.22497,-76.5266,49,4972
1789,44.22403,-76.52654,50,5074
1789,44.22395,-76.52649,51,5084
1789,44.22372,-76.52642,52,5116
1789,44.22378,-76.52632,53,5126
1789,44.22361,-76.52613,54,5149
1789,44.22357,-76.52605,55,5155
1789,44.22355,-76.52595,56,5162
1789,44.22354,-76.52541,57,5204
1789,44.22243,-76.5253,58,5327
1789,44.2213,-76.52529,59,5460
1789,44.22131,-76.52518,60,5468
1789,44.22045,-76.525,61,5564
1789,44.22047,-76.52292,62,5739
1789,44.22056,-76.52292,63,5749
1789,44.22062,-76.52071,64,5932
1789,44.22069,-76.52072,65,5939
1789,44.22073,-76.52003,66,5993
1789,44.2208,-76.52002,67,6001
1789,44.22096,-76.51993,68,6018
1789,44.22172,-76.5185,69,6158
1789,44.22223,-76.51748,70,6256
1789,44.22221,-76.51728,71,6277
1789,44.22227,-76.51732,72,6284
1789,44.22258,-76.5161,73,6387
1789,44.22295,-76.51492,74,6489
1789,44.22303,-76.51447,75,6531
1789,44.22309,-76.5145,76,6537
1789,44.22363,-76.51277,77,6687
1789,44.22408,-76.51118,78,6823
1789,44.22438,-76.50996,79,6931
1789,44.22444,-76.51,80,6937
1789,44.22484,-76.50868,81,7050
1789,44.22522,-76.50743,82,7157
1789,44.22551,-76.50624,83,7263
1789,44.22558,-76.5063,84,7271
1789,44.226,-76.50493,85,7389
1789,44.22636,-76.50377,86,7489
1789,44.22663,-76.50261,87,7594
1789,44.2267,-76.50265,88,7603
1789,44.22701,-76.50137,89,7710
1789,44.2272,-76.49989,90,7836
1789,44.22727,-76.49991,91,7843
1789,44.22758,-76.49822,92,7982
1789,44.22769,-76.49717,93,8074
1789,44.22777,-76.4972,94,8082
1789,44.22793,-76.49622,95,8160
1789,44.2279,-76.49555,96,8212
1789,44.22624,-76.49571,97,8406
1789,44.22624,-76.49557,98,8417
1789,44.22509,-76.49558,99,8544
1789,44.22426,-76.49559,100,8636
1789,44.22427,-76.49475,101,8709
1789,44.22435,-76.49477,102,8717
1789,44.22464,-76.49221,103,8929
1789,44.22469,-76.49223,104,8935
1789,44.22494,-76.49053,105,9072
1789,44.22531,-76.49055,106,9113
1789,44.22683,-76.48793,107,9388
1789,44.22688,-76.48798,108,9394
1789,44.22775,-76.48718,109,9508
1789,44.22844,-76.48647,110,9609
1789,44.22848,-76.48656,111,9616
1789,44.22931,-76.48584,112,9723
1789,44.23009,-76.48516,113,9825
1789,44.23093,-76.48447,114,9933
1789,44.23117,-76.4856,115,10033
1789,44.23111,-76.48562,116,10039
1789,44.23139,-76.4875,117,10192
1789,44.23166,-76.48926,118,10335
1789,44.23193,-76.49101,119,10477
1789,44.23207,-76.49143,120,10522
1789,44.23199,-76.49145,121,10531
1789,44.23219,-76.49274,122,10635
1789,44.23346,-76.49304,123,10777
1789,44.23478,-76.49327,124,10932
1789,44.23477,-76.49337,125,10940
1789,44.23581,-76.49365,126,11056
1789,44.23726,-76.49402,127,11219
1789,44.23795,-76.49406,128,11301
1789,44.23794,-76.49415,129,11307
1789,44.23916,-76.49428,130,11449
1789,44.23916,-76.49437,131,11456
1789,44.24078,-76.49462,132,11642
1789,44.24077,-76.4947,133,11648
1789,44.24185,-76.49495,134,11768
1789,44.24341,-76.49519,135,11942
1789,44.24371,-76.49515,136,11981
1789,44.24371,-76.49523,137,11987
1789,44.24463,-76.49536,138,12089
1789,44.24554,-76.49539,139,12196
1789,44.24553,-76.49549,140,12203
1789,44.24784,-76.49575,141,12465
1789,44.24783,-76.49583,142,12471
1789,44.24977,-76.49616,143,12686
1789,44.25018,-76.4961,144,12739
1789,44.25017,-76.49622,145,12748
1789,44.25341,-76.4967,146,13109
1789,44.25379,-76.49664,147,13159
1789,44.25378,-76.49676,148,13168
1789,44.25494,-76.49695,149,13297
1789,44.25637,-76.49719,150,13455
1789,44.25637,-76.4986,151,13575
1789,44.2563,-76.4986,152,13583
1789,44.25618,-76.50115,153,13786
1789,44.25622,-76.50141,154,13811
1789,44.25616,-76.5014,155,13817
1789,44.25609,-76.50293,156,13939
1789,44.25612,-76.5038,157,14015
1789,44.25604,-76.50379,158,14023
1789,44.25595,-76.50589,159,14190
1789,44.25875,-76.50603,160,14509
1790,44.22372,-76.52642,0,0
1790,44.22378,-76.52632,1,10
1790,44.22361,-76.52613,2,33
1790,44.22357,-76.52605,3,39
1790,44.22355,-76.52595,4,46
1790,44.22354,-76.52541,5,88
1790,44.2244,-76.52542,6,190
1790,44.2244,-76.52549,7,196
1790,44.22541,-76.5256,8,308
1790,44.22664,-76.52574,9,445
1790,44.227,-76.52569,10,490
1790,44.227,-76.52578,11,496
1790,44.22994,-76.52596,12,830
1790,44.22993,-76.52607,13,839
1790,44.23185,-76.52631,14,1052
1790,44.23315,-76.52676,15,1199
1790,44.23479,-76.52737,16,1387
1790,44.23477,-76.5276,17,1405
1790,44.2347,-76.52789,18,1427
1790,44.23456,-76.52817,19,1451
1790,44.23473,-76.52845,20,1480
1790,44.23481,-76.5287,21,1501
1790,44.23482,-76.52878,22,1507
1790,44.23484,-76.52885,23,1513
1790,44.23486,-76.52955,24,1571
1790,44.23468,-76.531,25,1694
1790,44.2346,-76.5323,26,1796
1790,44.23449,-76.53305,27,1862
1790,44.23443,-76.53301,28,1869
1790,44.23435,-76.53321,29,1887
1790,44.23568,-76.5347,30,2076
1790,44.23595,-76.53485,31,2114
1790,44.23591,-76.53493,32,2121
1790,44.23599,-76.53502,33,2132
1790,44.23726,-76.53553,34,2285
1790,44.23724,-76.53562,35,2292
1790,44.238,-76.53597,36,2379
1790,44.23871,-76.53602,37,2458
1790,44.23887,-76.53349,38,2671
1790,44.23899,-76.53354,39,2684
1790,44.23918,-76.53035,40,2955
1790,44.23934,-76.53038,41,2972
1790,44.23949,-76.52897,42,3086
1790,44.23969,-76.52594,43,3341
1790,44.23981,-76.52596,44,3354
1790,44.23998,-76.52333,45,3572
1790,44.24006,-76.52334,46,3580
1790,44.24027,-76.5208,47,3783
1790,44.24041,-76.51921,48,3910
1790,44.24051,-76.51792,49,4013
1790,44.24059,-76.51701,50,4086
1790,44.24173,-76.51696,51,4212
1790,44.24231,-76.51704,52,4276
1790,44.24231,-76.5167,53,4303
1790,44.242,-76.5168,54,4346
1791,44.22372,-76.52642,0,0
1791,44.22378,-76.52632,1,10
1791,44.22361,-76.52613,2,33
1791,44.22357,-76.52605,3,39
1791,44.22355,-76.52595,4,46
1791,44.22354,-76.52541,5,88
1791,44.22243,-76.5253,6,211
1791,44.2213,-76.52529,7,344
1791,44.22131,-76.52518,8,352
1791,44.22045,-76.525,9,448
1791,44.22047,-76.52292,10,623
1791,44.22056,-76.52292,11,633
1791,44.22062,-76.52071,12,816
1791,44.22069,-76.52072,13,823
1791,44.22073,-76.52003,14,877
1791,44.2208,-76.52002,15,885
1791,44.22096,-76.51993,16,902
1791,44.22172,-76.5185,17,1042
1791,44.22223,-76.51748,18,1140
1791,44.22221,-76.51728,19,1161
1791,44.22227,-76.51732,20,1168
1791,44.22258,-76.5161,21,1271
1791,44.22295,-76.51492,22,1373
1791,44.22303,-76.51447,23,1415
1791,44.22309,-76.5145,24,1421
1791,44.22363,-76.51277,25,1571
1791,44.22408,-76.51118,26,1707
1791,44.22438,-76.50996,27,1815
1791,44.22444,-76.51,28,1821
1791,44.22484,-76.50868,29,1934
1791,44.22522,-76.50743,30,2041
1791,44.22551,-76.50624,31,2147
1791,44.22558,-76.5063,32,2155
1791,44.226,-76.50493,33,2273
1791,44.22636,-76.50377,34,2373
1791,44.22663,-76.50261,35,2478
1791,44.2267,-76.50265,36,2487
1791,44.22701,-76.50137,37,2594
1791,44.2272,-76.49989,38,2720
1791,44.22727,-76.49991,39,2727
1791,44.22758,-76.49822,40,2866
1791,44.22769,-76.49717,41,2958
1791,44.22777,-76.4972,42,2966
1791,44.22793,-76.49622,43,3044
1791,44.2279,-76.49555,44,3096
1791,44.22624,-76.49571,45,3290
1791,44.22624,-76.49557,46,3301
1791,44.22509,-76.49558,47,3428
1791,44.22426,-76.49559,48,3520
1791,44.22427,-76.49475,49,3593
1791,44.22435,-76.49477,50,3601
1791,44.22464,-76.49221,51,3813
1791,44.22469,-76.49223,52,3819
1791,44.22494,-76.49053,53,3956
1791,44.22531,-76.49055,54,3997
1791,44.22683,-76.48793,55,4272
1791,44.22688,-76.48798,56,4278
1791,44.22775,-76.48718,57,4392
1791,44.22844,-76.48647,58,4493
1791,44.22848,-76.48656,59,4500
1791,44.22931,-76.48584,60,4607
1791,44.23009,-76.48516,61,4709
1791,44.23093,-76.48447,62,4817
1791,44.2316,-76.48413,63,4903
1791,44.23162,-76.48424,64,4911
1791,44.23272,-76.48393,65,5034
1791,44.23328,-76.48378,66,5097
1791,44.23366,-76.48379,67,5138
1791,44.23347,-76.48252,68,5241
1791,44.23307,-76.48065,69,5404
1791,44.23315,-76.48062,70,5413
1791,44.23286,-76.47893,71,5550
1791,44.23389,-76.47859,72,5665
1791,44.23405,-76.47848,73,5682
1791,44.23415,-76.47832,74,5697
1791,44.23446,-76.47718,75,5791
1791,44.23477,-76.47333,76,6099
1791,44.23495,-76.47199,77,6207
1791,44.23542,-76.4698,78,6389
1791,44.23596,-76.46816,79,6530
1791,44.23684,-76.46595,80,6731
1791,44.2369,-76.46556,81,6770
1791,44.23697,-76.46562,82,6779
1791,44.23781,-76.46354,83,6969
1791,44.23884,-76.46095,84,7204
1791,44.23941,-76.45944,85,7340
1791,44.23982,-76.45781,86,7477
1791,44.23973,-76.45767,87,7497
1791,44.23983,-76.45769,88,7508
1791,44.23999,-76.45548,89,7685
1791,44.24001,-76.45524,90,7704
1791,44.24057,-76.45532,91,7765
1791,44.24065,-76.45458,92,7824
1791,44.24072,-76.45444,93,7837
1791,44.24082,-76.45436,94,7848
1791,44.24088,-76.45433,95,7854
1791,44.24315,-76.45467,96,8107
1791,44.24311,-76.45447,97,8128
1791,44.24316,-76.45448,98,8134
1791,44.24328,-76.45295,99,8256
1791,44.24334,-76.4513,100,8395
1791,44.24342,-76.45131,101,8403
1791,44.2436,-76.4488,102,8603
1791,44.24367,-76.44706,103,8750
1791,44.24374,-76.44707,104,8758
1791,44.24395,-76.44444,105,8969
1791,44.24403,-76.44272,106,9113
1791,44.24409,-76.44273,107,9120
1791,44.24419,-76.44147,108,9219
1791,44.24416,-76.44129,109,9232
1791,44.24408,-76.44109,110,9248
1791,44.24328,-76.44008,111,9367
1791,44.24253,-76.43918,112,9476
1791,44.2423,-76.43909,113,9509
1791,44.24232,-76.43901,114,9516
1791,44.24114,-76.43889,115,9646
1791,44.2406,-76.4388,116,9706
1791,44.24059,-76.43969,117,9783
1792,44.26305,-76.49703,0,0
1792,44.26308,-76.49711,1,7
1792,44.26392,-76.49723,2,100
1792,44.26385,-76.49832,3,186
1792,44.26279,-76.49826,4,302
1792,44.26166,-76.49828,5,427
1792,44.26069,-76.49825,6,533
1792,44.2597,-76.49786,7,646
1792,44.25876,-76.49754,8,748
1792,44.25775,-76.49738,9,859
1792,44.25653,-76.49734,10,1004
1792,44.25654,-76.49721,11,1014
1792,44.25562,-76.49707,12,1115
1792,44.25341,-76.4967,13,1362
1792,44.25346,-76.49797,14,1471
1792,44.25339,-76.49797,15,1479
1792,44.25337,-76.49936,16,1589
1792,44.25335,-76.50146,17,1763
1792,44.2533,-76.50146,18,1769
1792,44.25328,-76.50204,19,1815
1792,44.25107,-76.50189,20,2060
1792,44.24998,-76.50189,21,2187
1792,44.24998,-76.50181,22,2193
1792,44.24762,-76.50172,23,2460
1792,44.24752,-76.50164,24,2475
1792,44.24626,-76.50156,25,2614
1792,44.24534,-76.50149,26,2716
1792,44.2447,-76.50152,27,2791
1792,44.24461,-76.50145,28,2807
1792,44.24455,-76.50268,29,2904
1792,44.24292,-76.50252,30,3085
1792,44.24135,-76.50235,31,3260
1792,44.24125,-76.50477,32,3453
1792,44.24132,-76.50563,33,3530
1792,44.24124,-76.50563,34,3538
1792,44.24124,-76.50588,35,3557
1792,44.24141,-76.50643,36,3602
1792,44.24192,-76.50724,37,3684
1792,44.24198,-76.50745,38,3701
1792,44.24203,-76.5083,39,3772
1792,44.24192,-76.50953,40,3875
1792,44.24158,-76.51085,41,3985
1792,44.24115,-76.51153,42,4055
1792,44.24093,-76.51291,43,4167
1792,44.24099,-76.51358,44,4230
1792,44.24087,-76.51354,45,4243
1792,44.24059,-76.51701,46,4520
1792,44.24173,-76.51696,47,4646
1792,44.24231,-76.51704,48,4710
1792,44.24231,-76.5167,49,4737
1792,44.242,-76.5168,50,4780
1792,44.242,-76.5167,51,4788
1792,44.24176,-76.5167,52,4814
1792,44.24173,-76.51696,53,4835
1792,44.24059,-76.51701,54,4961
1792,44.24041,-76.51921,55,5137
1792,44.23949,-76.51904,56,5239
1792,44.23854,-76.51849,57,5362
1792,44.23862,-76.51835,58,5376
1792,44.23681,-76.51628,59,5636
1792,44.23595,-76.51531,60,5758
1792,44.23531,-76.51491,61,5830
1792,44.2339,-76.51474,62,5981
1792,44.23338,-76.5147,63,6039
1792,44.23336,-76.51496,64,6060
1792,44.23338,-76.5147,65,6081
1792,44.23094,-76.51446,66,6352
1792,44.23086,-76.51595,67,6471
1792,44.23064,-76.51849,68,6673
1792,44.23053,-76.52089,69,6870
1792,44.23047,-76.52102,70,6885
1792,44.23037,-76.5225,71,7003
1792,44.23016,-76.52542,72,7237
1792,44.23011,-76.52609,73,7290
1792,44.2276,-76.52584,74,7569
1792,44.227,-76.52586,75,7641
1792,44.22701,-76.52578,76,7647
1792,44.22541,-76.5256,77,7824
1792,44.22539,-76.52616,78,7868
1792,44.22532,-76.52631,79,7883
1792,44.22509,-76.52654,80,7914
1792,44.22497,-76.5266,81,7926
1792,44.22403,-76.52654,82,8028
1792,44.22395,-76.52649,83,8038
1792,44.22372,-76.52642,84,8070
1793,44.25773,-76.53782,0,0
1793,44.25776,-76.53775,1,6
1793,44.25825,-76.53803,2,64
1793,44.25875,-76.53816,3,120
1793,44.25905,-76.53594,4,299
1793,44.25923,-76.53266,5,561
1793,44.25924,-76.53133,6,667
1793,44.25898,-76.52846,7,897
1793,44.25894,-76.52786,8,945
1793,44.25879,-76.52787,9,961
1793,44.25847,-76.52805,10,999
1793,44.25819,-76.52839,11,1039
1793,44.2579,-76.52896,12,1095
1793,44.25732,-76.52963,13,1178
1793,44.2569,-76.52996,14,1232
1793,44.25631,-76.53015,15,1307
1793,44.25631,-76.53004,16,1316
1793,44.25518,-76.52998,17,1440
1793,44.25325,-76.52997,18,1662
1793,44.25325,-76.52986,19,1670
1793,44.25149,-76.52976,20,1865
1793,44.24956,-76.52962,21,2079
1793,44.2488,-76.52971,22,2171
1793,44.2488,-76.52961,23,2179
1793,44.24679,-76.52949,24,2402
1793,44.24442,-76.5293,25,2664
1793,44.24283,-76.52931,26,2849
1793,44.24283,-76.5292,27,2858
1793,44.24093,-76.52907,28,3070
1793,44.23971,-76.52901,29,3204
1793,44.23871,-76.52867,30,3318
1793,44.23858,-76.5287,31,3338
1793,44.2386,-76.52862,32,3345
1793,44.23759,-76.52827,33,3460
1793,44.23569,-76.5277,34,3675
1793,44.23479,-76.52737,35,3777
1793,44.23445,-76.52735,36,3822
1793,44.23447,-76.52725,37,3830
1793,44.23315,-76.52676,38,3981
1793,44.23222,-76.5264,39,4088
1793,44.23027,-76.5262,40,4311
1793,44.23027,-76.52611,41,4318
1793,44.2276,-76.52584,42,4615
1793,44.227,-76.52586,43,4687
1793,44.22701,-76.52578,44,4693
1793,44.22541,-76.5256,45,4870
1793,44.22539,-76.52616,46,4914
1793,44.22532,-76.52631,47,4929
1793,44.22509,-76.52654,48,4960
1793,44.22497,-76.5266,49,4972
1793,44.22403,-76.52654,50,5074
1793,44.22395,-76.52649,51,5084
1793,44.22372,-76.52642,52,5116
1793,44.22378,-76.52632,53,5126
1793,44.22361,-76.52613,54,5149
1793,44.22357,-76.52605,55,5155
1793,44.22355,-76.52595,56,5162
1793,44.22354,-76.52541,57,5204
1793,44.22243,-76.5253,58,5327
1793,44.2213,-76.52529,59,5460
1793,44.22131,-76.52518,60,5468
1793,44.22045,-76.525,61,5564
1793,44.22047,-76.52292,62,5739
1793,44.22056,-76.52292,63,5749
1793,44.22062,-76.52071,64,5932
1793,44.22069,-76.52072,65,5939
1793,44.22073,-76.52003,66,5993
1793,44.2208,-76.52002,67,6001
1793,44.22096,-76.51993,68,6018
1793,44.22172,-76.5185,69,6158
1793,44.22223,-76.51748,70,6256
1793,44.22221,-76.51728,71,6277
1793,44.22227,-76.51732,72,6284
1793,44.22258,-76.5161,73,6387
1793,44.22295,-76.51492,74,6489
1793,44.22303,-76.51447,75,6531
1793,44.22309,-76.5145,76,6537
1793,44.22363,-76.51277,77,6687
1793,44.22408,-76.51118,78,6823
1793,44.22438,-76.50996,79,6931
1793,44.22444,-76.51,80,6937
1793,44.22484,-76.50868,81,7050
1793,44.22522,-76.50743,82,7157
1793,44.22551,-76.50624,83,7263
1793,44.22558,-76.5063,84,7271
1793,44.226,-76.50493,85,7389
1793,44.22636,-76.50377,86,7489
1793,44.22663,-76.50261,87,7594
1793,44.2267,-76.50265,88,7603
1793,44.22701,-76.50137,89,7710
1793,44.2272,-76.49989,90,7836
1793,44.22727,-76.49991,91,7843
1793,44.22758,-76.49822,92,7982
1793,44.22769,-76.49717,93,8074
1793,44.22777,-76.4972,94,8082
1793,44.22793,-76.49622,95,8160
1793,44.2279,-76.49555,96,8212
1793,44.22624,-76.49571,97,8406
1793,44.22624,-76.49557,98,8417
1793,44.22509,-76.49558,99,8544
1793,44.22426,-76.49559,100,8636
1793,44.22427,-76.49475,101,8709
1793,44.22435,-76.49477,102,8717
1793,44.22464,-76.49221,103,8929
1793,44.22469,-76.49223,104,8935
1793,44.22494,-76.49053,105,9072
1793,44.22531,-76.49055,106,9113
1793,44.22683,-76.48793,107,9388
1793,44.22688,-76.48798,108,9394
1793,44.22775,-76.48718,109,9508
1793,44.22844,-76.48647,110,9609
1793,44.22848,-76.48656,111,9616
1793,44.22931,-76.48584,112,9723
1793,44.23009,-76.48516,113,9825
1793,44.23093,-76.48447,114,9933
1793,44.23117,-76.4856,115,10033
1793,44.23111,-76.48562,116,10039
1793,44.23139,-76.4875,117,10192
1793,44.23166,-76.48926,118,10335
1793,44.23193,-76.49101,119,10477
1793,44.23207,-76.49143,120,10522
1793,44.23199,-76.49145,121,10531
1793,44.23219,-76.49274,122,10635
1793,44.23346,-76.49304,123,10777
1793,44.23478,-76.49327,124,10932
1793,44.23477,-76.49337,125,10940
1793,44.23581,-76.49365,126,11056
1793,44.23726,-76.49402,127,11219
1793,44.23795,-76.49406,128,11301
1793,44.23794,-76.49415,129,11307
1793,44.23916,-76.49428,130,11449
1793,44.23916,-76.49437,131,11456
1793,44.24078,-76.49462,132,11642
1793,44.24077,-76.4947,133,11648
1793,44.24185,-76.49495,134,11768
1793,44.24341,-76.49519,135,11942
1793,44.24371,-76.49515,136,11981
1793,44.24371,-76.49523,137,11987
1793,44.24463,-76.49536,138,12089
1793,44.24554,-76.49539,139,12196
1793,44.24553,-76.49549,140,12203
1793,44.24784,-76.49575,141,12465
1793,44.24783,-76.49583,142,12471
1793,44.24977,-76.49616,143,12686
1793,44.25018,-76.4961,144,12739
1793,44.25017,-76.49622,145,12748
1793,44.25341,-76.4967,146,13109
1793,44.25379,-76.49664,147,13159
1793,44.25378,-76.49676,148,13168
1793,44.25494,-76.49695,149,13297
1793,44.25637,-76.49719,150,13455
1793,44.25637,-76.4986,151,13575
1793,44.2563,-76.4986,152,13583
1793,44.25618,-76.50115,153,13786
1793,44.25622,-76.50141,154,13811
1793,44.25616,-76.5014,155,13817
1793,44.25609,-76.50293,156,13939
1793,44.25612,-76.5038,157,14015
1793,44.25604,-76.50379,158,14023
1793,44.25595,-76.50589,159,14190
1793,44.25875,-76.50603,160,14509
1793,44.25874,-76.50616,161,14518
1793,44.25939,-76.50622,162,14589
1793,44.2595,-76.50309,163,14838
1793,44.2595,-76.50268,164,14870
1793,44.25931,-76.50267,165,14891
1793,44.2595,-76.50268,166,14912
1793,44.25958,-76.4992,167,15190
1793,44.2597,-76.49786,168,15298
1793,44.26057,-76.49822,169,15398
1793,44.26166,-76.49828,170,15517
1793,44.26279,-76.49826,171,15642
1793,44.26366,-76.49817,172,15747
1793,44.26366,-76.49829,173,15756
1793,44.26502,-76.49849,174,15907
1793,44.26616,-76.49864,175,16033
1793,44.26637,-76.498,176,16089
1793,44.26636,-76.49699,177,16176
1793,44.26644,-76.49701,178,16184
1793,44.26651,-76.49592,179,16270
1793,44.2662,-76.49472,180,16376
1793,44.26625,-76.4947,181,16382
1793,44.26572,-76.49237,182,16576
1793,44.26564,-76.49133,183,16663
1793,44.2657,-76.49134,184,16669
1793,44.26589,-76.48884,185,16869
1793,44.2659,-76.48787,186,16952
1793,44.26596,-76.48788,187,16958
1793,44.26612,-76.48572,188,17131
1793,44.26619,-76.4853,189,17163
1793,44.26655,-76.48435,190,17253
1793,44.26669,-76.4842,191,17276
1793,44.26808,-76.48176,192,17523
1793,44.26828,-76.48156,193,17551
1793,44.26828,-76.48164,194,17557
1793,44.26844,-76.48165,195,17574
1793,44.26857,-76.47912,196,17776
1793,44.26956,-76.47934,197,17887
1793,44.27008,-76.47941,198,17943
1793,44.2706,-76.47929,199,17999
1793,44.27318,-76.47738,200,18321
1793,44.27357,-76.47837,201,18410
1793,44.27462,-76.47756,202,18543
1793,44.27481,-76.47791,203,18584
1794,44.22372,-76.52642,0,0
1794,44.22378,-76.52632,1,10
1794,44.22361,-76.52613,2,33
1794,44.22357,-76.52605,3,39
1794,44.22355,-76.52595,4,46
1794,44.22354,-76.52541,5,88
1794,44.22243,-76.5253,6,211
1794,44.2225,-76.52401,7,314
1794,44.22245,-76.52377,8,338
1794,44.22251,-76.52379,9,345
1794,44.22257,-76.52163,10,522
1794,44.22262,-76.52151,11,536
1794,44.22385,-76.52164,12,672
1794,44.22449,-76.52187,13,741
1794,44.22465,-76.52181,14,762
1794,44.22466,-76.52187,15,768
1794,44.22472,-76.52187,16,774
1794,44.22482,-76.52181,17,785
1794,44.22489,-76.52169,18,797
1794,44.22496,-76.52046,19,894
1794,44.22517,-76.52042,20,922
1794,44.22528,-76.52048,21,936
1794,44.22659,-76.52056,22,1087
1794,44.22687,-76.52067,23,1123
1794,44.22693,-76.51938,24,1225
1794,44.227,-76.51814,25,1324
1794,44.22748,-76.51811,26,1382
1794,44.2289,-76.51831,27,1544
1794,44.23046,-76.5184,28,1722
1794,44.23064,-76.51849,29,1746
1794,44.23053,-76.52089,30,1943
1794,44.23047,-76.52102,31,1958
1794,44.23037,-76.5225,32,2076
1794,44.23062,-76.52245,33,2109
1794,44.23061,-76.52252,34,2115
1794,44.23195,-76.52259,35,2268
1794,44.23195,-76.52267,36,2274
1794,44.23222,-76.52267,37,2303
1794,44.23248,-76.52255,38,2332
1794,44.23268,-76.52237,39,2358
1794,44.23281,-76.52258,40,2380
1794,44.23298,-76.52272,41,2400
1794,44.23321,-76.52279,42,2425
1794,44.23373,-76.52276,43,2488
1794,44.23373,-76.52283,44,2494
1794,44.23518,-76.52297,45,2655
1794,44.23532,-76.52292,46,2675
1794,44.2363,-76.52301,47,2794
1794,44.23644,-76.52309,48,2814
1794,44.23771,-76.52314,49,2961
1794,44.2377,-76.52323,50,2968
1794,44.2385,-76.5233,51,3057
1794,44.23856,-76.52243,52,3121
1794,44.23843,-76.52162,53,3184
1794,44.23815,-76.52088,54,3248
1794,44.2378,-76.52034,55,3304
1794,44.23764,-76.52029,56,3327
1794,44.23768,-76.52022,57,3334
1794,44.23621,-76.51855,58,3544
1794,44.23563,-76.51799,59,3628
1794,44.23566,-76.51792,60,3634
1794,44.23461,-76.51672,61,3785
1794,44.23381,-76.51625,62,3886
1794,44.23384,-76.51615,63,3894
1794,44.23371,-76.51606,64,3910
1794,44.23383,-76.51562,65,3946
1794,44.2339,-76.51474,66,4015
1794,44.23484,-76.51481,67,4117
1794,44.23546,-76.51498,68,4182
1794,44.23582,-76.5152,69,4222
1794,44.23681,-76.51628,70,4360
1794,44.23875,-76.51833,71,4641
1794,44.2387,-76.51843,72,4651
1794,44.2391,-76.51882,73,4704
1794,44.23941,-76.519,74,4740
1794,44.23962,-76.51899,75,4762
1794,44.23986,-76.5189,76,4789
1794,44.24003,-76.51873,77,4812
1794,44.24022,-76.51841,78,4845
1794,44.24057,-76.51725,79,4944
1794,44.24059,-76.51701,80,4963
1794,44.24173,-76.51696,81,5089
1794,44.24231,-76.51704,82,5153
1794,44.24231,-76.5167,83,5180
1794,44.24181,-76.51679,84,5242
1794,44.24181,-76.5167,85,5249
1794,44.24176,-76.5167,86,5255
1794,44.24173,-76.51696,87,5276
1794,44.24059,-76.51701,88,5402
1794,44.24077,-76.51451,89,5602
1794,44.24075,-76.51358,90,5688
1794,44.24086,-76.5136,91,5701
1794,44.24115,-76.51153,92,5868
1794,44.24124,-76.50766,93,6177
1794,44.24116,-76.50696,94,6239
1794,44.24123,-76.50696,95,6246
1794,44.24125,-76.50477,96,6419
1794,44.24131,-76.5034,97,6528
1794,44.24124,-76.50313,98,6557
1794,44.24132,-76.50314,99,6565
1794,44.24135,-76.50235,100,6627
1794,44.24292,-76.50252,101,6802
1794,44.24455,-76.50268,102,6983
1794,44.24454,-76.50157,103,7076
1794,44.2446,-76.50158,104,7082
1794,44.24461,-76.50145,105,7092
1794,44.24626,-76.50156,106,7275
1794,44.24743,-76.50155,107,7411
1794,44.24743,-76.50164,108,7418
1794,44.24992,-76.50181,109,7694
1794,44.25008,-76.50174,110,7717
1794,44.25008,-76.50182,111,7723
1794,44.25107,-76.50189,112,7834
1794,44.25241,-76.50198,113,7982
1794,44.25328,-76.50204,114,8079
1794,44.25324,-76.50138,115,8137
1794,44.2533,-76.50138,116,8143
1794,44.25337,-76.49936,117,8304
1794,44.25333,-76.49789,118,8426
1794,44.25339,-76.49789,119,8432
1794,44.25341,-76.4967,120,8526
1794,44.25379,-76.49664,121,8576
1794,44.25378,-76.49676,122,8585
1794,44.25494,-76.49695,123,8714
1794,44.25625,-76.49704,124,8868
1794,44.25624,-76.49717,125,8878
1794,44.25775,-76.49738,126,9045
1794,44.25876,-76.49754,127,9156
1794,44.2597,-76.49786,128,9258
1794,44.26057,-76.49822,129,9358
1794,44.26166,-76.49828,130,9477
1794,44.26244,-76.49825,131,9563
1794,44.26245,-76.49716,132,9649
1794,44.26243,-76.49702,133,9659
1794,44.26305,-76.49703,134,9738
1795,44.242,-76.5168,0,0
1795,44.242,-76.5167,1,8
1795,44.24176,-76.5167,2,34
1795,44.24173,-76.51696,3,55
1795,44.24059,-76.51701,4,181
1795,44.24041,-76.51921,5,357
1795,44.23949,-76.51904,6,459
1795,44.23854,-76.51849,7,582
1795,44.23862,-76.51835,8,596
1795,44.23681,-76.51628,9,856
1795,44.23595,-76.51531,10,978
1795,44.23531,-76.51491,11,1050
1795,44.2339,-76.51474,12,1201
1795,44.23381,-76.51593,13,1298
1795,44.23375,-76.51596,14,1307
1795,44.23371,-76.51606,15,1316
1795,44.23454,-76.51665,16,1418
1795,44.2357,-76.51785,17,1582
1795,44.23566,-76.51791,18,1588
1795,44.23731,-76.51979,19,1824
1795,44.23772,-76.52017,20,1882
1795,44.23815,-76.52088,21,1959
1795,44.23843,-76.52162,22,2023
1795,44.23856,-76.52243,23,2086
1795,44.23852,-76.52319,24,2142
1795,44.2385,-76.5233,25,2150
1795,44.23775,-76.52331,26,2237
1795,44.23764,-76.52323,27,2254
1795,44.23655,-76.52319,28,2381
1795,44.23656,-76.52311,29,2387
1795,44.23529,-76.52308,30,2534
1795,44.23529,-76.52298,31,2541
1795,44.23347,-76.5229,32,2749
1795,44.23347,-76.52281,33,2756
1795,44.23304,-76.52275,34,2803
1795,44.23286,-76.52263,35,2823
1795,44.23281,-76.52258,36,2830
1795,44.23268,-76.52237,37,2852
1795,44.23243,-76.52258,38,2883
1795,44.23198,-76.52275,39,2938
1795,44.23199,-76.52267,40,2944
1795,44.23076,-76.52263,41,3085
1795,44.23076,-76.52254,42,3091
1795,44.23037,-76.5225,43,3134
1795,44.2304,-76.52114,44,3249
1795,44.23046,-76.52115,45,3256
1795,44.23064,-76.51849,46,3469
1795,44.23026,-76.51854,47,3515
1795,44.23028,-76.51846,48,3521
1795,44.2289,-76.51831,49,3673
1795,44.2278,-76.51821,50,3794
1795,44.22738,-76.51827,51,3848
1795,44.22739,-76.51817,52,3856
1795,44.227,-76.51814,53,3899
1795,44.22693,-76.52053,54,4095
1795,44.22688,-76.52053,55,4101
1795,44.22687,-76.52067,56,4112
1795,44.22528,-76.52048,57,4289
1795,44.22504,-76.52055,58,4321
1795,44.22505,-76.52047,59,4328
1795,44.22496,-76.52046,60,4338
1795,44.2249,-76.52165,61,4432
1795,44.22485,-76.52177,62,4442
1795,44.22476,-76.52185,63,4454
1795,44.22447,-76.52193,64,4487
1795,44.22443,-76.52185,65,4499
1795,44.22385,-76.52164,66,4561
1795,44.22262,-76.52151,67,4697
1795,44.22267,-76.52197,68,4740
1795,44.2226,-76.52197,69,4747
1795,44.2225,-76.52401,70,4909
1795,44.22252,-76.5243,71,4934
1795,44.22243,-76.5253,72,5017
1795,44.22354,-76.52541,73,5140
1795,44.2244,-76.52542,74,5242
1795,44.2244,-76.52549,75,5248
1795,44.22541,-76.5256,76,5360
1795,44.22539,-76.52616,77,5404
1795,44.22532,-76.52631,78,5419
1795,44.22509,-76.52654,79,5450
1795,44.22497,-76.5266,80,5462
1795,44.22403,-76.52654,81,5564
1795,44.22395,-76.52649,82,5574
1795,44.22372,-76.52642,83,5606
1796,44.22372,-76.52642,0,0
1796,44.22378,-76.52632,1,10
1796,44.22361,-76.52613,2,33
1796,44.22357,-76.52605,3,39
1796,44.22355,-76.52595,4,46
1796,44.22354,-76.52541,5,88
1796,44.22243,-76.5253,6,211
1796,44.2213,-76.52529,7,344
1796,44.22131,-76.52518,8,352
1796,44.22045,-76.525,9,448
1796,44.22047,-76.52292,10,623
1796,44.22056,-76.52292,11,633
1796,44.22062,-76.52071,12,816
1796,44.22069,-76.52072,13,823
1796,44.22073,-76.52003,14,877
1796,44.2208,-76.52002,15,885
1796,44.22096,-76.51993,16,902
1796,44.22172,-76.5185,17,1042
1796,44.22223,-76.51748,18,1140
1796,44.22221,-76.51728,19,1161
1796,44.22227,-76.51732,20,1168
1796,44.22258,-76.5161,21,1271
1796,44.22295,-76.51492,22,1373
1796,44.22303,-76.51447,23,1415
1796,44.22309,-76.5145,24,1421
1796,44.22363,-76.51277,25,1571
1796,44.22408,-76.51118,26,1707
1796,44.22438,-76.50996,27,1815
1796,44.22444,-76.51,28,1821
1796,44.22484,-76.50868,29,1934
1796,44.22522,-76.50743,30,2041
1796,44.22551,-76.50624,31,2147
1796,44.22558,-76.5063,32,2155
1796,44.226,-76.50493,33,2273
1796,44.22636,-76.50377,34,2373
1796,44.22663,-76.50261,35,2478
1796,44.2267,-76.50265,36,2487
1796,44.22701,-76.50137,37,2594
1796,44.2272,-76.49989,38,2720
1796,44.22727,-76.49991,39,2727
1796,44.22758,-76.49822,40,2866
1796,44.22769,-76.49717,41,2958
1796,44.22777,-76.4972,42,2966
1796,44.22793,-76.49622,43,3044
1796,44.2279,-76.49555,44,3096
1796,44.22624,-76.49571,45,3290
1796,44.22624,-76.49557,46,3301
1796,44.22509,-76.49558,47,3428
1796,44.22426,-76.49559,48,3520
1796,44.22427,-76.49475,49,3593
1796,44.22435,-76.49477,50,3601
1796,44.22464,-76.49221,51,3813
1796,44.22469,-76.49223,52,3819
1796,44.22494,-76.49053,53,3956
1796,44.22531,-76.49055,54,3997
1796,44.22683,-76.48793,55,4272
1796,44.22688,-76.48798,56,4278
1796,44.22775,-76.48718,57,4392
1796,44.22844,-76.48647,58,4493
1796,44.22848,-76.48656,59,4500
1796,44.22931,-76.48584,60,4607
1796,44.23009,-76.48516,61,4709
1796,44.23093,-76.48447,62,4817
1796,44.23117,-76.4856,63,4917
1796,44.23111,-76.48562,64,4923
1796,44.23139,-76.4875,65,5076
1796,44.23166,-76.48926,66,5219
1796,44.23193,-76.49101,67,5361
1796,44.23207,-76.49143,68,5406
1796,44.23199,-76.49145,69,5415
1796,44.23219,-76.49274,70,5519
1796,44.23346,-76.49304,71,5661
1796,44.23478,-76.49327,72,5816
1796,44.23477,-76.49337,73,5824
1796,44.23581,-76.49365,74,5940
1796,44.23726,-76.49402,75,6103
1796,44.23795,-76.49406,76,6185
1796,44.23794,-76.49415,77,6191
1796,44.23916,-76.49428,78,6333
1796,44.23916,-76.49437,79,6340
1796,44.24078,-76.49462,80,6526
1796,44.24077,-76.4947,81,6532
1796,44.24185,-76.49495,82,6652
1796,44.24341,-76.49519,83,6826
1796,44.24371,-76.49515,84,6865
1796,44.24371,-76.49523,85,6871
1796,44.24463,-76.49536,86,6973
1796,44.24554,-76.49539,87,7080
1796,44.24553,-76.49549,88,7087
1796,44.24784,-76.49575,89,7349
1796,44.24783,-76.49583,90,7355
1796,44.24977,-76.49616,91,7570
1796,44.25018,-76.4961,92,7623
1796,44.25017,-76.49622,93,7632
1796,44.25341,-76.4967,94,7993
1796,44.25379,-76.49664,95,8043
1796,44.25378,-76.49676,96,8052
1796,44.25494,-76.49695,97,8181
1796,44.25637,-76.49719,98,8339
1796,44.25637,-76.4986,99,8459
1796,44.2563,-76.4986,100,8467
1796,44.25618,-76.50115,101,8670
1796,44.25622,-76.50141,102,8695
1796,44.25616,-76.5014,103,8701
1796,44.25609,-76.50293,104,8823
1796,44.25612,-76.5038,105,8899
1796,44.25604,-76.50379,106,8907
1796,44.25595,-76.50589,107,9074
1796,44.25875,-76.50603,108,9393
1796,44.25874,-76.50616,109,9402
1796,44.25939,-76.50622,110,9473
1796,44.2595,-76.50309,111,9722
1796,44.2595,-76.50268,112,9754
1796,44.25931,-76.50267,113,9775
1796,44.2595,-76.50268,114,9796
1796,44.25958,-76.4992,115,10074
1796,44.2597,-76.49786,116,10182
1796,44.26057,-76.49822,117,10282
1796,44.26166,-76.49828,118,10401
1796,44.26279,-76.49826,119,10526
1796,44.26366,-76.49817,120,10631
1796,44.26366,-76.49829,121,10640
1796,44.26502,-76.49849,122,10791
1796,44.26616,-76.49864,123,10917
1796,44.26637,-76.498,124,10973
1796,44.26636,-76.49699,125,11060
1796,44.26644,-76.49701,126,11068
1796,44.26651,-76.49592,127,11154
1796,44.2662,-76.49472,128,11260
1796,44.26625,-76.4947,129,11266
1796,44.26572,-76.49237,130,11460
1796,44.26564,-76.49133,131,11547
1796,44.2657,-76.49134,132,11553
1796,44.26589,-76.48884,133,11753
1796,44.2659,-76.48787,134,11836
1796,44.26596,-76.48788,135,11842
1796,44.26612,-76.48572,136,12015
1796,44.26619,-76.4853,137,12047
1796,44.26655,-76.48435,138,12137
1796,44.26669,-76.4842,139,12160
1796,44.26808,-76.48176,140,12407
1796,44.26828,-76.48156,141,12435
1796,44.26828,-76.48164,142,12441
1796,44.26844,-76.48165,143,12458
1796,44.26857,-76.47912,144,12660
1796,44.26956,-76.47934,145,12771
1796,44.27008,-76.47941,146,12827
1796,44.2706,-76.47929,147,12883
1796,44.27318,-76.47738,148,13205
1796,44.27357,-76.47837,149,13294
1796,44.27462,-76.47756,150,13427
1796,44.27481,-76.47791,151,13468
1797,44.22372,-76.52642,0,0
1797,44.22378,-76.52632,1,10
1797,44.22361,-76.52613,2,33
1797,44.22357,-76.52605,3,39
1797,44.22355,-76.52595,4,46
1797,44.22354,-76.52541,5,88
1797,44.22243,-76.5253,6,211
1797,44.2213,-76.52529,7,344
1797,44.22131,-76.52518,8,352
1797,44.22045,-76.525,9,448
1797,44.22032,-76.52983,10,843
1797,44.22024,-76.52982,11,852
1797,44.22006,-76.5337,12,1161
1797,44.21997,-76.53617,13,1357
1797,44.22015,-76.54067,14,1716
1797,44.22019,-76.54237,15,1851
1797,44.21974,-76.54682,16,2209
1797,44.21935,-76.55028,17,2487
1797,44.21912,-76.5556,18,2912
1797,44.21899,-76.55979,19,3254
1797,44.21892,-76.55977,20,3262
1797,44.21866,-76.56435,21,3628
1797,44.21875,-76.56467,22,3664
1797,44.21864,-76.56466,23,3675
1797,44.2186,-76.56712,24,3879
1797,44.21851,-76.5671,25,3889
1797,44.21844,-76.5686,26,4008
1797,44.2184,-76.56924,27,4058
1797,44.21883,-76.56915,28,4114
1797,44.21882,-76.56928,29,4124
1797,44.22133,-76.56953,30,4403
1797,44.22318,-76.56969,31,4608
1797,44.22579,-76.56995,32,4898
1797,44.22837,-76.57021,33,5185
1797,44.22839,-76.57231,34,5359
1797,44.22832,-76.5723,35,5367
1797,44.22825,-76.57366,36,5475
1797,44.23163,-76.57391,37,5856
1797,44.23162,-76.57399,38,5862
1797,44.23411,-76.57424,39,6139
1797,44.23541,-76.57427,40,6289
1797,44.23541,-76.57435,41,6295
1797,44.23758,-76.57459,42,6536
1797,44.23738,-76.57337,43,6649
1797,44.23751,-76.57335,44,6663
1797,44.23739,-76.57112,45,6842
1797,44.2372,-76.57033,46,6922
1797,44.23735,-76.57032,47,6938
1797,44.23719,-76.56746,48,7167
1797,44.2378,-76.56737,49,7246
1797,44.23779,-76.56753,50,7259
1797,44.24067,-76.56772,51,7579
1797,44.24164,-76.56761,52,7697
1797,44.24164,-76.56775,53,7708
1797,44.24471,-76.56791,54,8048
1797,44.24662,-76.56805,55,8259
1797,44.24668,-76.56929,56,8366
1797,44.2466,-76.56928,57,8375
1797,44.24661,-76.57072,58,8487
1797,44.2468,-76.57211,59,8597
1797,44.247,-76.57335,60,8698
1797,44.24719,-76.57412,61,8769
1797,44.24713,-76.57414,62,8776
1797,44.24729,-76.5757,63,8899
1797,44.24736,-76.57702,64,9002
1797,44.24746,-76.57743,65,9034
1797,44.24763,-76.57779,66,9066
1797,44.24791,-76.57802,67,9105
1797,44.24791,-76.5781,68,9112
1797,44.2483,-76.57838,69,9161
1797,44.24804,-76.57963,70,9263
1797,44.24808,-76.58078,71,9366
1797,44.24798,-76.5808,72,9377
1797,44.24814,-76.58211,73,9478
1797,44.24921,-76.58535,74,9769
1797,44.24913,-76.5854,75,9778
1797,44.24956,-76.5868,76,9899
1797,44.24998,-76.58814,77,10015
1797,44.25039,-76.58969,78,10146
1797,44.25076,-76.58933,79,10208
1797,44.2508,-76.5895,80,10222
1797,44.25264,-76.5885,81,10448
1797,44.25266,-76.5886,82,10456
1797,44.25365,-76.58813,83,10571
1797,44.2546,-76.58749,84,10683
1797,44.2554,-76.58655,85,10795
1797,44.2555,-76.58622,86,10831
1797,44.25557,-76.58632,87,10842
1797,44.25651,-76.58503,88,10988
1797,44.25716,-76.58444,89,11068
1797,44.25887,-76.58399,90,11257
1797,44.25972,-76.58367,91,11354
1797,44.25925,-76.58129,92,11563
1797,44.25935,-76.58124,93,11574
1797,44.25889,-76.57832,94,11813
1797,44.2586,-76.57696,95,11937
1797,44.25874,-76.57694,96,11952
1797,44.25858,-76.57404,97,12182
1797,44.25738,-76.574,98,12314
1797,44.25709,-76.57422,99,12356
1797,44.25707,-76.57413,100,12363
1797,44.25671,-76.57431,101,12405
1797,44.25564,-76.57428,102,12520
1797,44.25506,-76.57424,103,12584
1797,44.25495,-76.57417,104,12595
1797,44.25485,-76.57399,105,12610
1797,44.25483,-76.57389,106,12618
1797,44.25485,-76.57314,107,12677
1797,44.25514,-76.57316,108,12709
1797,44.2552,-76.57189,109,12810
1797,44.25489,-76.57188,110,12843
1797,44.25499,-76.57261,111,12913
1798,44.22372,-76.52642,0,0
1798,44.22378,-76.52632,1,10
1798,44.22361,-76.52613,2,33
1798,44.22357,-76.52605,3,39
1798,44.22355,-76.52595,4,46
1798,44.22354,-76.52541,5,88
1798,44.22243,-76.5253,6,211
1798,44.2213,-76.52529,7,344
1798,44.22131,-76.52518,8,352
1798,44.22045,-76.525,9,448
1798,44.22047,-76.52292,10,623
1798,44.22056,-76.52292,11,633
1798,44.22062,-76.52071,12,816
1798,44.22069,-76.52072,13,823
1798,44.22073,-76.52003,14,877
1798,44.2208,-76.52002,15,885
1798,44.22096,-76.51993,16,902
1798,44.22172,-76.5185,17,1042
1798,44.22223,-76.51748,18,1140
1798,44.22221,-76.51728,19,1161
1798,44.22227,-76.51732,20,1168
1798,44.22258,-76.5161,21,1271
1798,44.22295,-76.51492,22,1373
1798,44.22303,-76.51447,23,1415
1798,44.22309,-76.5145,24,1421
1798,44.22363,-76.51277,25,1571
1798,44.22408,-76.51118,26,1707
1798,44.22438,-76.50996,27,1815
1798,44.22444,-76.51,28,1821
1798,44.22484,-76.50868,29,1934
1798,44.22522,-76.50743,30,2041
1798,44.22551,-76.50624,31,2147
1798,44.22558,-76.5063,32,2155
1798,44.226,-76.50493,33,2273
1798,44.22636,-76.50377,34,2373
1798,44.22663,-76.50261,35,2478
1798,44.2267,-76.50265,36,2487
1798,44.22701,-76.50137,37,2594
1798,44.2272,-76.49989,38,2720
1798,44.22727,-76.49991,39,2727
1798,44.22758,-76.49822,40,2866
1798,44.22769,-76.49717,41,2958
1798,44.22777,-76.4972,42,2966
1798,44.22793,-76.49622,43,3044
1798,44.2279,-76.49555,44,3096
1798,44.22624,-76.49571,45,3290
1798,44.22624,-76.49557,46,3301
1798,44.22509,-76.49558,47,3428
1798,44.22426,-76.49559,48,3520
1798,44.22427,-76.49475,49,3593
1798,44.22435,-76.49477,50,3601
1798,44.22464,-76.49221,51,3813
1798,44.22469,-76.49223,52,3819
1798,44.22494,-76.49053,53,3956
1798,44.22531,-76.49055,54,3997
1798,44.22683,-76.48793,55,4272
1798,44.22688,-76.48798,56,4278
1798,44.22775,-76.48718,57,4392
1798,44.22844,-76.48647,58,4493
1798,44.22848,-76.48656,59,4500
1798,44.22931,-76.48584,60,4607
1798,44.23009,-76.48516,61,4709
1798,44.23093,-76.48447,62,4817
1798,44.23117,-76.4856,63,4917
1798,44.23111,-76.48562,64,4923
1798,44.23139,-76.4875,65,5076
1798,44.23166,-76.48926,66,5219
1798,44.23193,-76.49101,67,5361
1798,44.23207,-76.49143,68,5406
1798,44.23199,-76.49145,69,5415
1798,44.23219,-76.49274,70,5519
1798,44.23346,-76.49304,71,5661
1798,44.23478,-76.49327,72,5816
1798,44.23477,-76.49337,73,5824
1798,44.23581,-76.49365,74,5940
1798,44.23726,-76.49402,75,6103
1798,44.23795,-76.49406,76,6185
1798,44.23794,-76.49415,77,6191
1798,44.23916,-76.49428,78,6333
1798,44.23916,-76.49437,79,6340
1798,44.24078,-76.49462,80,6526
1798,44.24077,-76.4947,81,6532
1798,44.24185,-76.49495,82,6652
1798,44.24341,-76.49519,83,6826
1798,44.24371,-76.49515,84,6865
1798,44.24371,-76.49523,85,6871
1798,44.24463,-76.49536,86,6973
1798,44.24554,-76.49539,87,7080
1798,44.24553,-76.49549,88,7087
1798,44.24784,-76.49575,89,7349
1798,44.24783,-76.49583,90,7355
1798,44.24977,-76.49616,91,7570
1798,44.25018,-76.4961,92,7623
1798,44.25017,-76.49622,93,7632
1798,44.25341,-76.4967,94,7993
1798,44.25379,-76.49664,95,8043
1798,44.25378,-76.49676,96,8052
1798,44.25494,-76.49695,97,8181
1798,44.25637,-76.49719,98,8339
1798,44.25637,-76.4986,99,8459
1798,44.2563,-76.4986,100,8467
1798,44.25618,-76.50115,101,8670
1798,44.25622,-76.50141,102,8695
1798,44.25616,-76.5014,103,8701
1798,44.25609,-76.50293,104,8823
1798,44.25612,-76.5038,105,8899
1798,44.25604,-76.50379,106,8907
1798,44.25595,-76.50589,107,9074
1798,44.25875,-76.50603,108,9393
1801,44.25508,-76.57248,0,0
1801,44.25517,-76.57248,1,10
1801,44.2552,-76.57189,2,57
1801,44.25489,-76.57188,3,90
1801,44.25496,-76.56966,4,266
1801,44.255,-76.56948,5,279
1801,44.25504,-76.5694,6,286
1801,44.25511,-76.56932,7,294
1801,44.2552,-76.56927,8,304
1801,44.2551,-76.56908,9,321
1801,44.25505,-76.56892,10,335
1801,44.25505,-76.5686,11,361
1801,44.25066,-76.56834,12,849
1801,44.24926,-76.56825,13,1004
1801,44.24883,-76.56839,14,1066
1801,44.24882,-76.56822,15,1079
1801,44.24662,-76.56805,16,1323
1801,44.24473,-76.56791,17,1532
1801,44.24433,-76.56808,18,1590
1801,44.24433,-76.56789,19,1605
1801,44.242,-76.56793,20,1875
1801,44.24201,-76.56777,21,1887
1801,44.24067,-76.56772,22,2034
1801,44.23816,-76.56756,23,2313
1801,44.23719,-76.56746,24,2421
1801,44.237,-76.56652,25,2512
1801,44.23715,-76.56652,26,2529
1801,44.23706,-76.56431,27,2706
1801,44.23691,-76.56364,28,2775
1801,44.23705,-76.56364,29,2791
1801,44.23686,-76.5595,30,3137
1801,44.23702,-76.5595,31,3153
1801,44.23708,-76.55528,32,3488
1801,44.23724,-76.55242,33,3717
1801,44.23753,-76.54854,34,4028
1801,44.23754,-76.54741,35,4128
1801,44.23764,-76.54744,36,4140
1801,44.23802,-76.54238,37,4560
1801,44.23815,-76.54241,38,4575
1801,44.23871,-76.53602,39,5088
1801,44.23887,-76.53349,40,5301
1801,44.23899,-76.53354,41,5314
1801,44.23949,-76.52897,42,5683
1801,44.23969,-76.52594,43,5938
1801,44.23981,-76.52596,44,5951
1801,44.24027,-76.5208,45,6365
1801,44.24041,-76.51921,46,6492
1801,44.24051,-76.51792,47,6595
1801,44.2405,-76.51644,48,6724
1801,44.24063,-76.51646,49,6737
1801,44.24077,-76.51451,50,6893
1801,44.24091,-76.51309,51,7006
1801,44.24089,-76.51168,52,7118
1801,44.2407,-76.51049,53,7214
1801,44.23994,-76.50871,54,7376
1801,44.23954,-76.50803,55,7454
1801,44.23962,-76.50797,56,7463
1801,44.23868,-76.50573,57,7669
1801,44.23769,-76.50338,58,7886
1801,44.23709,-76.50193,59,8019
1801,44.23652,-76.50081,60,8138
1801,44.2366,-76.50075,61,8148
1801,44.2359,-76.49907,62,8302
1801,44.23524,-76.49773,63,8439
1801,44.23532,-76.49767,64,8448
1801,44.23524,-76.49748,65,8465
1801,44.2342,-76.49738,66,8580
1801,44.23285,-76.49725,67,8729
1801,44.23165,-76.49713,68,8862
1801,44.23169,-76.49565,69,8980
1801,44.23149,-76.49427,70,9092
1801,44.23128,-76.49297,71,9198
1801,44.23097,-76.49133,72,9340
1801,44.23104,-76.49132,73,9348
1801,44.23077,-76.48949,74,9496
1801,44.2305,-76.48769,75,9642
1801,44.23017,-76.48539,76,9828
1801,44.23009,-76.48516,77,9848
1801,44.23093,-76.48447,78,9956
1801,44.23117,-76.4856,79,10056
1802,44.25508,-76.57248,0,0
1802,44.25517,-76.57248,1,10
1802,44.2552,-76.57189,2,57
1802,44.25489,-76.57188,3,90
1802,44.25496,-76.56966,4,266
1802,44.255,-76.56948,5,279
1802,44.25504,-76.5694,6,286
1802,44.25511,-76.56932,7,294
1802,44.2552,-76.56927,8,304
1802,44.2551,-76.56908,9,321
1802,44.25505,-76.56892,10,335
1802,44.25505,-76.5686,11,361
1802,44.25066,-76.56834,12,849
1802,44.24926,-76.56825,13,1004
1802,44.24883,-76.56839,14,1066
1802,44.24882,-76.56822,15,1079
1802,44.24662,-76.56805,16,1323
1802,44.24473,-76.56791,17,1532
1802,44.24433,-76.56808,18,1590
1802,44.24433,-76.56789,19,1605
1802,44.242,-76.56793,20,1875
1802,44.24201,-76.56777,21,1887
1802,44.24067,-76.56772,22,2034
1802,44.23816,-76.56756,23,2313
1802,44.23719,-76.56746,24,2421
1802,44.237,-76.56652,25,2512
1802,44.23715,-76.56652,26,2529
1802,44.23706,-76.56431,27,2706
1802,44.23691,-76.56364,28,2775
1802,44.23705,-76.56364,29,2791
1802,44.23686,-76.5595,30,3137
1802,44.23702,-76.5595,31,3153
1802,44.23708,-76.55528,32,3488
1802,44.23724,-76.55242,33,3717
1802,44.23753,-76.54854,34,4028
1802,44.23754,-76.54741,35,4128
1802,44.23764,-76.54744,36,4140
1802,44.23802,-76.54238,37,4560
1802,44.23815,-76.54241,38,4575
1802,44.23871,-76.53602,39,5088
1802,44.23887,-76.53349,40,5301
1802,44.23899,-76.53354,41,5314
1802,44.23949,-76.52897,42,5683
1802,44.23969,-76.52594,43,5938
1802,44.23981,-76.52596,44,5951
1802,44.24027,-76.5208,45,6365
1802,44.24041,-76.51921,46,6492
1802,44.24051,-76.51792,47,6595
1802,44.2405,-76.51644,48,6724
1802,44.24063,-76.51646,49,6737
1802,44.24077,-76.51451,50,6893
1802,44.24091,-76.51309,51,7006
1802,44.24089,-76.51168,52,7118
1802,44.2407,-76.51049,53,7214
1802,44.23994,-76.50871,54,7376
1802,44.23954,-76.50803,55,7454
1802,44.23962,-76.50797,56,7463
1802,44.23868,-76.50573,57,7669
1802,44.23769,-76.50338,58,7886
1802,44.23709,-76.50193,59,8019
1802,44.23652,-76.50081,60,8138
1802,44.2366,-76.50075,61,8148
1802,44.2359,-76.49907,62,8302
1802,44.23524,-76.49773,63,8439
1802,44.23532,-76.49767,64,8448
1802,44.23524,-76.49748,65,8465
1802,44.2342,-76.49738,66,8580
1802,44.23285,-76.49725,67,8729
1802,44.23165,-76.49713,68,8862
1802,44.23169,-76.49565,69,8980
1802,44.23149,-76.49427,70,9092
1802,44.23128,-76.49297,71,9198
1802,44.23097,-76.49133,72,9340
1802,44.23104,-76.49132,73,9348
1802,44.23077,-76.48949,74,9496
1802,44.2305,-76.48769,75,9642
1802,44.23017,-76.48539,76,9828
1802,44.23009,-76.48516,77,9848
1802,44.23093,-76.48447,78,9956
1802,44.23114,-76.48536,79,10036
1803,44.23832,-76.56776,0,0
1803,44.23833,-76.56757,1,14
1803,44.23719,-76.56746,2,140
1803,44.237,-76.56652,3,231
1803,44.23715,-76.56652,4,248
1803,44.23706,-76.56431,5,425
1803,44.23691,-76.56364,6,494
1803,44.23705,-76.56364,7,510
1803,44.23702,-76.55936,8,851
1803,44.2377,-76.55932,9,932
1803,44.2377,-76.5594,10,938
1803,44.23938,-76.55941,11,1132
1803,44.23939,-76.55949,12,1138
1803,44.24067,-76.55955,13,1280
1803,44.24111,-76.5595,14,1333
1803,44.24116,-76.55956,15,1343
1803,44.24131,-76.55952,16,1358
1803,44.24146,-76.55944,17,1374
1803,44.24169,-76.55921,18,1404
1803,44.24237,-76.55771,19,1543
1803,44.24308,-76.55621,20,1692
1803,44.24376,-76.55517,21,1808
1803,44.24348,-76.5548,22,1850
1803,44.24338,-76.55456,23,1871
1803,44.24334,-76.55431,24,1891
1803,44.24334,-76.55404,25,1912
1803,44.24247,-76.55386,26,2009
1803,44.24248,-76.55374,27,2018
1803,44.24244,-76.55342,28,2042
1803,44.24229,-76.55319,29,2071
1803,44.24234,-76.55315,30,2077
1803,44.24171,-76.55222,31,2178
1803,44.24159,-76.55202,32,2198
1803,44.24149,-76.55172,33,2224
1803,44.24147,-76.55159,34,2234
1803,44.2414,-76.55138,35,2255
1803,44.24146,-76.55139,36,2261
1803,44.24152,-76.54956,37,2406
1803,44.24158,-76.54785,38,2541
1803,44.24154,-76.54758,39,2568
1803,44.24159,-76.54759,40,2574
1803,44.24162,-76.54514,41,2774
1803,44.2419,-76.54357,42,2910
1803,44.24209,-76.54317,43,2953
1803,44.24165,-76.54288,44,3006
1803,44.24157,-76.5428,45,3017
1803,44.24152,-76.5427,46,3026
1803,44.2414,-76.54228,47,3061
1803,44.24133,-76.54219,48,3070
1803,44.24127,-76.54216,49,3076
1803,44.23894,-76.54228,50,3339
1803,44.23897,-76.54216,51,3348
1803,44.23818,-76.54218,52,3435
1803,44.23871,-76.53602,53,3930
1803,44.23887,-76.53349,54,4143
1803,44.23899,-76.53354,55,4156
1803,44.23918,-76.53035,56,4427
1803,44.23934,-76.53038,57,4444
1803,44.23949,-76.52897,58,4558
1803,44.23969,-76.52594,59,4813
1803,44.23981,-76.52596,60,4826
1803,44.23998,-76.52333,61,5044
1803,44.24006,-76.52334,62,5052
1803,44.24027,-76.5208,63,5255
1803,44.24041,-76.51921,64,5382
1803,44.24051,-76.51792,65,5485
1803,44.24059,-76.51701,66,5558
1803,44.24173,-76.51696,67,5684
1803,44.24191,-76.5169,68,5710
1803,44.2419,-76.517,69,5718
1803,44.24286,-76.51706,70,5824
1803,44.24346,-76.51664,71,5898
1803,44.2446,-76.51908,72,6130
1803,44.2449,-76.51948,73,6186
1803,44.24481,-76.51956,74,6198
1803,44.2473,-76.52452,75,6695
1803,44.24718,-76.52463,76,6710
1803,44.24772,-76.52578,77,6820
1803,44.2478,-76.52578,78,6828
1803,44.24788,-76.52575,79,6838
1803,44.24825,-76.52542,80,6886
1803,44.24937,-76.52549,81,7009
1803,44.24944,-76.52549,82,7015
1803,44.24976,-76.52532,83,7058
1803,44.24977,-76.52541,84,7065
1803,44.24999,-76.52537,85,7088
1803,44.25151,-76.52547,86,7257
1803,44.25257,-76.52545,87,7380
1803,44.25257,-76.52553,88,7386
1803,44.2527,-76.52554,89,7400
1803,44.25274,-76.52427,90,7501
1803,44.25531,-76.52443,91,7786
1803,44.25539,-76.52439,92,7794
1803,44.25544,-76.5243,93,7801
1803,44.25541,-76.5234,94,7876
1803,44.25547,-76.52322,95,7895
1803,44.25552,-76.52201,96,7991
1803,44.2565,-76.52208,97,8100
1803,44.25744,-76.52213,98,8201
1803,44.25794,-76.52216,99,8259
1803,44.25792,-76.52225,100,8266
1803,44.25849,-76.52246,101,8328
1803,44.25895,-76.52248,102,8378
1803,44.25889,-76.52594,103,8654
1803,44.25888,-76.52634,104,8685
1803,44.25907,-76.52633,105,8705
1803,44.25888,-76.52634,106,8725
1803,44.25894,-76.52786,107,8846
1803,44.2591,-76.52991,108,9010
1803,44.25924,-76.53133,109,9124
1803,44.25905,-76.53594,110,9492
1803,44.25876,-76.53815,111,9671
1803,44.25773,-76.53782,112,9791
1804,44.25507,-76.57294,0,0
1804,44.25515,-76.57294,1,8
1804,44.2552,-76.57189,2,92
1804,44.25489,-76.57188,3,125
1804,44.25496,-76.56966,4,301
1804,44.255,-76.56948,5,314
1804,44.25504,-76.5694,6,321
1804,44.25511,-76.56932,7,329
1804,44.2552,-76.56927,8,339
1804,44.2551,-76.56908,9,356
1804,44.25505,-76.56892,10,370
1804,44.25505,-76.5686,11,396
1804,44.25365,-76.56864,12,560
1804,44.25365,-76.56852,13,569
1804,44.25095,-76.56854,14,882
1804,44.25095,-76.56836,15,895
1804,44.24926,-76.56825,16,1082
1804,44.24822,-76.56817,17,1197
1804,44.24822,-76.56686,18,1304
1804,44.24828,-76.56581,19,1391
1804,44.24785,-76.56577,20,1437
1804,44.24778,-76.56573,21,1444
1804,44.24683,-76.56484,22,1570
1804,44.24673,-76.56479,23,1580
1804,44.24666,-76.56479,24,1587
1804,44.24644,-76.56486,25,1611
1804,44.24626,-76.56504,26,1636
1804,44.24611,-76.56494,27,1654
1804,44.24594,-76.5649,28,1672
1804,44.24499,-76.56555,29,1801
1804,44.24495,-76.56539,30,1814
1804,44.2443,-76.56572,31,1891
1804,44.24473,-76.56754,32,2043
1804,44.24473,-76.56791,33,2073
1804,44.242,-76.56793,34,2387
1804,44.24201,-76.56777,35,2399
1804,44.24067,-76.56772,36,2546
1804,44.23832,-76.56776,37,2821
1804,44.23833,-76.56757,38,2835
1804,44.23719,-76.56746,39,2961
1804,44.237,-76.56652,40,3052
1804,44.23715,-76.56652,41,3069
1804,44.23706,-76.56431,42,3246
1804,44.23691,-76.56364,43,3315
1804,44.23705,-76.56364,44,3331
1804,44.23702,-76.55936,45,3672
1804,44.2377,-76.55932,46,3753
1804,44.2377,-76.5594,47,3759
1804,44.23938,-76.55941,48,3953
1804,44.23939,-76.55949,49,3959
1804,44.24067,-76.55955,50,4101
1804,44.24111,-76.5595,51,4154
1804,44.24116,-76.55956,52,4164
1804,44.24131,-76.55952,53,4179
1804,44.24146,-76.55944,54,4195
1804,44.24169,-76.55921,55,4225
1804,44.24237,-76.55771,56,4364
1804,44.24308,-76.55621,57,4513
1804,44.24376,-76.55517,58,4629
1804,44.24348,-76.5548,59,4671
1804,44.24338,-76.55456,60,4692
1804,44.24334,-76.55431,61,4712
1804,44.24334,-76.55404,62,4733
1804,44.24247,-76.55386,63,4830
1804,44.24248,-76.55374,64,4839
1804,44.24244,-76.55342,65,4863
1804,44.24229,-76.55319,66,4892
1804,44.24234,-76.55315,67,4898
1804,44.24171,-76.55222,68,4999
1804,44.24159,-76.55202,69,5019
1804,44.24149,-76.55172,70,5045
1804,44.24147,-76.55159,71,5055
1804,44.2414,-76.55138,72,5076
1804,44.24146,-76.55139,73,5082
1804,44.24152,-76.54956,74,5227
1804,44.24158,-76.54785,75,5362
1804,44.24154,-76.54758,76,5389
1804,44.24159,-76.54759,77,5395
1804,44.24162,-76.54514,78,5595
1804,44.2419,-76.54357,79,5731
1804,44.24209,-76.54317,80,5774
1804,44.24165,-76.54288,81,5827
1804,44.24157,-76.5428,82,5838
1804,44.24152,-76.5427,83,5847
1804,44.2414,-76.54228,84,5882
1804,44.24133,-76.54219,85,5891
1804,44.24127,-76.54216,86,5897
1804,44.23894,-76.54228,87,6160
1804,44.23897,-76.54216,88,6169
1804,44.23818,-76.54218,89,6256
1804,44.23871,-76.53602,90,6751
1804,44.23887,-76.53349,91,6964
1804,44.23899,-76.53354,92,6977
1804,44.23918,-76.53035,93,7248
1804,44.23934,-76.53038,94,7265
1804,44.23949,-76.52897,95,7379
1804,44.23969,-76.52594,96,7634
1804,44.23981,-76.52596,97,7647
1804,44.23998,-76.52333,98,7865
1804,44.24006,-76.52334,99,7873
1804,44.24027,-76.5208,100,8076
1804,44.24041,-76.51921,101,8203
1804,44.24051,-76.51792,102,8306
1804,44.24059,-76.51701,103,8379
1804,44.24173,-76.51696,104,8505
1804,44.24191,-76.5169,105,8531
1804,44.2419,-76.517,106,8539
1804,44.24286,-76.51706,107,8645
1804,44.24346,-76.51664,108,8719
1804,44.2446,-76.51908,109,8951
1804,44.2449,-76.51948,110,9007
1804,44.24481,-76.51956,111,9019
1804,44.2473,-76.52452,112,9516
1804,44.24718,-76.52463,113,9531
1804,44.24772,-76.52578,114,9641
1804,44.2478,-76.52578,115,9649
1804,44.24788,-76.52575,116,9659
1804,44.24825,-76.52542,117,9707
1804,44.24937,-76.52549,118,9830
1804,44.24944,-76.52549,119,9836
1804,44.24976,-76.52532,120,9879
1804,44.24977,-76.52541,121,9886
1804,44.24999,-76.52537,122,9909
1804,44.25151,-76.52547,123,10078
1804,44.25257,-76.52545,124,10201
1804,44.25257,-76.52553,125,10207
1804,44.2527,-76.52554,126,10221
1804,44.25274,-76.52427,127,10322
1804,44.25531,-76.52443,128,10607
1804,44.25539,-76.52439,129,10615
1804,44.25544,-76.5243,130,10622
1804,44.25541,-76.5234,131,10697
1804,44.25547,-76.52322,132,10716
1804,44.25552,-76.52201,133,10812
1804,44.2565,-76.52208,134,10921
1804,44.25744,-76.52213,135,11022
1804,44.25794,-76.52216,136,11080
1804,44.25792,-76.52225,137,11087
1804,44.25849,-76.52246,138,11149
1804,44.25895,-76.52248,139,11199
1804,44.25889,-76.52594,140,11475
1804,44.25888,-76.52634,141,11506
1804,44.25907,-76.52633,142,11526
1804,44.25888,-76.52634,143,11546
1804,44.25894,-76.52786,144,11667
1804,44.2591,-76.52991,145,11831
1804,44.25924,-76.53133,146,11945
1804,44.25905,-76.53594,147,12313
1804,44.25876,-76.53815,148,12492
1804,44.25773,-76.53782,149,12612
1805,44.25508,-76.57248,0,0
1805,44.25517,-76.57248,1,10
1805,44.2552,-76.57189,2,57
1805,44.25489,-76.57188,3,90
1805,44.25496,-76.56966,4,266
1805,44.255,-76.56948,5,279
1805,44.25504,-76.5694,6,286
1805,44.25511,-76.56932,7,294
1805,44.2552,-76.56927,8,304
1805,44.2551,-76.56908,9,321
1805,44.25505,-76.56892,10,335
1805,44.25505,-76.5686,11,361
1805,44.25066,-76.56834,12,849
1805,44.24926,-76.56825,13,1004
1805,44.24883,-76.56839,14,1066
1805,44.24882,-76.56822,15,1079
1805,44.24662,-76.56805,16,1323
1805,44.24473,-76.56791,17,1532
1805,44.24433,-76.56808,18,1590
1805,44.24433,-76.56789,19,1605
1805,44.242,-76.56793,20,1875
1805,44.24201,-76.56777,21,1887
1805,44.24067,-76.56772,22,2034
1805,44.23816,-76.56756,23,2313
1805,44.23719,-76.56746,24,2421
1805,44.237,-76.56652,25,2512
1805,44.23715,-76.56652,26,2529
1805,44.23706,-76.56431,27,2706
1805,44.23691,-76.56364,28,2775
1805,44.23705,-76.56364,29,2791
1805,44.23686,-76.5595,30,3137
1805,44.23702,-76.5595,31,3153
1805,44.23708,-76.55528,32,3488
1805,44.23724,-76.55242,33,3717
1805,44.23753,-76.54854,34,4028
1805,44.23754,-76.54741,35,4128
1805,44.23764,-76.54744,36,4140
1805,44.23802,-76.54238,37,4560
1805,44.23815,-76.54241,38,4575
1805,44.23871,-76.53602,39,5088
1805,44.23887,-76.53349,40,5301
1805,44.23899,-76.53354,41,5314
1805,44.23949,-76.52897,42,5683
1805,44.23969,-76.52594,43,5938
1805,44.23981,-76.52596,44,5951
1805,44.24027,-76.5208,45,6365
1805,44.24041,-76.51921,46,6492
1805,44.24051,-76.51792,47,6595
1805,44.2405,-76.51644,48,6724
1805,44.24063,-76.51646,49,6737
1805,44.24077,-76.51451,50,6893
1805,44.24091,-76.51309,51,7006
1805,44.24089,-76.51168,52,7118
1805,44.2407,-76.51049,53,7214
1805,44.23994,-76.50871,54,7376
1805,44.23954,-76.50803,55,7454
1805,44.23962,-76.50797,56,7463
1805,44.23868,-76.50573,57,7669
1805,44.23769,-76.50338,58,7886
1805,44.23709,-76.50193,59,8019
1805,44.23652,-76.50081,60,8138
1805,44.2366,-76.50075,61,8148
1805,44.2359,-76.49907,62,8302
1805,44.23524,-76.49773,63,8439
1805,44.23532,-76.49767,64,8448
1805,44.23524,-76.49748,65,8465
1805,44.2342,-76.49738,66,8580
1805,44.23285,-76.49725,67,8729
1805,44.23165,-76.49713,68,8862
1805,44.23169,-76.49565,69,8980
1805,44.23149,-76.49427,70,9092
1805,44.23128,-76.49297,71,9198
1805,44.23097,-76.49133,72,9340
1805,44.23104,-76.49132,73,9348
1805,44.23077,-76.48949,74,9496
1805,44.2305,-76.48769,75,9642
1805,44.23017,-76.48539,76,9828
1805,44.23009,-76.48516,77,9848
1805,44.23093,-76.48447,78,9956
1805,44.23118,-76.48426,79,9996
1806,44.24059,-76.43969,0,0
1806,44.24052,-76.43968,1,7
1806,44.2404,-76.44056,2,76
1806,44.23938,-76.44062,3,189
1806,44.23849,-76.44051,4,288
1806,44.23851,-76.44088,5,323
1806,44.23846,-76.44088,6,329
1806,44.23835,-76.44228,7,440
1806,44.23817,-76.44489,8,648
1806,44.23822,-76.44516,9,675
1806,44.23815,-76.44515,10,682
1806,44.23795,-76.44816,11,923
1806,44.23798,-76.44851,12,956
1806,44.23784,-76.44983,13,1066
1806,44.23769,-76.45115,14,1175
1806,44.23762,-76.45121,15,1187
1806,44.23731,-76.45205,16,1262
1806,44.23663,-76.45305,17,1367
1806,44.23615,-76.4535,18,1430
1806,44.23579,-76.45371,19,1472
1806,44.23598,-76.45418,20,1519
1806,44.23601,-76.45444,21,1542
1806,44.23617,-76.45473,22,1569
1806,44.23632,-76.4549,23,1590
1806,44.23656,-76.45505,24,1618
1806,44.23801,-76.45517,25,1786
1806,44.23802,-76.45528,26,1794
1806,44.23894,-76.45538,27,1895
1806,44.24,-76.45534,28,2011
1806,44.2399,-76.45717,29,2157
1806,44.2397,-76.45843,30,2259
1806,44.23884,-76.46095,31,2481
1806,44.23781,-76.46354,32,2716
1806,44.23684,-76.46595,33,2937
1806,44.23647,-76.46707,34,3042
1806,44.23641,-76.46703,35,3049
1806,44.23564,-76.46903,36,3229
1806,44.23495,-76.47199,37,3475
1806,44.23447,-76.47698,38,3876
1806,44.23446,-76.47718,39,3891
1806,44.23405,-76.47865,40,4015
1806,44.23382,-76.47912,41,4059
1806,44.23376,-76.47934,42,4077
1806,44.23375,-76.47957,43,4095
1806,44.23399,-76.48122,44,4228
1806,44.23406,-76.48163,45,4261
1806,44.23349,-76.4819,46,4333
1806,44.23348,-76.48181,47,4340
1806,44.23245,-76.48217,48,4457
1806,44.23157,-76.48244,49,4557
1806,44.23069,-76.48273,50,4657
1806,44.23093,-76.48447,51,4798
1806,44.2316,-76.48413,52,4884
1807,44.25508,-76.57248,0,0
1807,44.25517,-76.57248,1,10
1807,44.2552,-76.57189,2,57
1807,44.25489,-76.57188,3,90
1807,44.25496,-76.56966,4,266
1807,44.255,-76.56948,5,279
1807,44.25504,-76.5694,6,286
1807,44.25511,-76.56932,7,294
1807,44.2552,-76.56927,8,304
1807,44.2551,-76.56908,9,321
1807,44.25505,-76.56892,10,335
1807,44.25505,-76.5686,11,361
1807,44.25066,-76.56834,12,849
1807,44.24926,-76.56825,13,1004
1807,44.24883,-76.56839,14,1066
1807,44.24882,-76.56822,15,1079
1807,44.24662,-76.56805,16,1323
1807,44.24473,-76.56791,17,1532
1807,44.24433,-76.56808,18,1590
1807,44.24433,-76.56789,19,1605
1807,44.242,-76.56793,20,1875
1807,44.24201,-76.56777,21,1887
1807,44.24067,-76.56772,22,2034
1807,44.23816,-76.56756,23,2313
1807,44.23719,-76.56746,24,2421
1807,44.237,-76.56652,25,2512
1807,44.23715,-76.56652,26,2529
1807,44.23706,-76.56431,27,2706
1807,44.23691,-76.56364,28,2775
1807,44.23705,-76.56364,29,2791
1807,44.23686,-76.5595,30,3137
1807,44.23702,-76.5595,31,3153
1807,44.23708,-76.55528,32,3488
1807,44.23724,-76.55242,33,3717
1807,44.23753,-76.54854,34,4028
1807,44.23754,-76.54741,35,4128
1807,44.23764,-76.54744,36,4140
1807,44.23802,-76.54238,37,4560
1807,44.23815,-76.54241,38,4575
1807,44.23871,-76.53602,39,5088
1807,44.23887,-76.53349,40,5301
1807,44.23899,-76.53354,41,5314
1807,44.23949,-76.52897,42,5683
1807,44.23969,-76.52594,43,5938
1807,44.23981,-76.52596,44,5951
1807,44.24027,-76.5208,45,6365
1807,44.24041,-76.51921,46,6492
1807,44.24051,-76.51792,47,6595
1807,44.2405,-76.51644,48,6724
1807,44.24063,-76.51646,49,6737
1807,44.24077,-76.51451,50,6893
1807,44.23954,-76.51438,51,7030
1807,44.23834,-76.51434,52,7168
1807,44.23835,-76.51426,53,7174
1807,44.23529,-76.51396,54,7513
1807,44.23395,-76.5139,55,7667
1807,44.23231,-76.51366,56,7855
1807,44.23125,-76.51356,57,7972
1807,44.23097,-76.51353,58,8003
1807,44.23111,-76.51159,59,8158
1807,44.23122,-76.50986,60,8296
1807,44.2313,-76.50804,61,8440
1807,44.23124,-76.50772,62,8472
1807,44.23131,-76.50773,63,8480
1807,44.2314,-76.50497,64,8699
1807,44.23148,-76.50276,65,8875
1807,44.23142,-76.50222,66,8924
1807,44.23149,-76.50222,67,8931
1807,44.23156,-76.50015,68,9095
1807,44.23161,-76.49863,69,9216
1807,44.23158,-76.49723,70,9334
1807,44.23165,-76.49724,71,9341
1807,44.23169,-76.49565,72,9467
1807,44.23149,-76.49427,73,9579
1807,44.23128,-76.49297,74,9685
1807,44.23097,-76.49133,75,9827
1807,44.23104,-76.49132,76,9835
1807,44.23077,-76.48949,77,9983
1807,44.2305,-76.48769,78,10129
1807,44.23017,-76.48539,79,10315
1807,44.23009,-76.48516,80,10335
1807,44.23093,-76.48447,81,10443
1807,44.23117,-76.4856,82,10543
1808,44.25498,-76.57283,0,0
1808,44.25486,-76.57282,1,13
1808,44.25483,-76.57389,2,97
1808,44.25485,-76.57399,3,105
1808,44.25495,-76.57417,4,120
1808,44.25506,-76.57424,5,131
1808,44.25637,-76.57432,6,275
1808,44.2566,-76.57433,7,300
1808,44.25677,-76.57429,8,317
1808,44.25722,-76.57395,9,380
1808,44.25724,-76.57406,10,388
1808,44.25738,-76.574,11,403
1808,44.25858,-76.57404,12,535
1808,44.26051,-76.57397,13,755
1808,44.2605,-76.57405,14,761
1808,44.26236,-76.57406,15,967
1808,44.26488,-76.57402,16,1250
1808,44.26516,-76.5741,17,1286
1808,44.26732,-76.57417,18,1527
1808,44.26865,-76.5741,19,1681
1808,44.26865,-76.57419,20,1688
1808,44.27028,-76.57423,21,1868
1808,44.27124,-76.57416,22,1981
1808,44.27124,-76.57425,23,1987
1808,44.27258,-76.57427,24,2135
1808,44.27279,-76.57427,25,2158
1808,44.27282,-76.57649,26,2340
1808,44.27276,-76.57648,27,2346
1808,44.27274,-76.57741,28,2419
1808,44.27206,-76.57739,29,2493
1808,44.27199,-76.5775,30,2502
1808,44.27206,-76.57829,31,2571
1808,44.272,-76.57829,32,2577
1808,44.272,-76.57842,33,2587
1808,44.27079,-76.5785,34,2721
1808,44.27042,-76.57856,35,2766
1808,44.27025,-76.5785,36,2790
1808,44.26941,-76.57848,37,2882
1808,44.26893,-76.57859,38,2935
1808,44.2684,-76.57885,39,2997
1808,44.26778,-76.57889,40,3065
1808,44.26656,-76.57826,41,3213
1808,44.26558,-76.57758,42,3338
1808,44.26507,-76.57739,43,3395
1808,44.26494,-76.57747,44,3415
1808,44.26494,-76.57739,45,3421
1808,44.26284,-76.57735,46,3653
1808,44.26251,-76.57757,47,3692
1808,44.26219,-76.57811,48,3750
1808,44.26196,-76.57837,49,3786
1808,44.26189,-76.57849,50,3798
1808,44.26183,-76.57866,51,3812
1808,44.26179,-76.57889,52,3830
1808,44.26178,-76.57917,53,3851
1808,44.26194,-76.58044,54,3952
1808,44.26207,-76.58057,55,3973
1808,44.26201,-76.58062,56,3980
1808,44.26242,-76.58143,57,4058
1808,44.2625,-76.58172,58,4082
1808,44.26252,-76.58306,59,4192
1808,44.26246,-76.5832,60,4208
1808,44.26234,-76.58401,61,4274
1808,44.26201,-76.58391,62,4309
1808,44.26133,-76.5834,63,4393
1808,44.26091,-76.58326,64,4438
1808,44.26064,-76.58338,65,4474
1808,44.26063,-76.5833,66,4480
1808,44.26051,-76.58335,67,4492
1808,44.26035,-76.58347,68,4512
1808,44.25887,-76.58399,69,4679
1808,44.25761,-76.58425,70,4820
1808,44.25716,-76.58444,71,4868
1808,44.25651,-76.58503,72,4948
1808,44.2554,-76.58655,73,5120
1808,44.25535,-76.58682,74,5149
1808,44.25528,-76.58672,75,5160
1808,44.25447,-76.5876,76,5270
1808,44.25278,-76.58854,77,5468
1808,44.25254,-76.58877,78,5506
1808,44.25252,-76.58867,79,5514
1808,44.25106,-76.58937,80,5685
1808,44.25039,-76.58969,81,5764
1808,44.25074,-76.59046,82,5853
1808,44.25059,-76.59054,83,5871
1808,44.251,-76.59222,84,6012
1808,44.25162,-76.59427,85,6201
1808,44.25151,-76.59432,86,6213
1808,44.25155,-76.5945,87,6227
1808,44.25275,-76.594,88,6371
1808,44.25276,-76.59408,89,6377
1808,44.25284,-76.59405,90,6386
1808,44.25283,-76.59369,91,6413
1808,44.25301,-76.59202,92,6551
1808,44.25307,-76.59186,93,6568
1808,44.25312,-76.59142,94,6603
1808,44.25324,-76.591,95,6638
1808,44.25353,-76.5905,96,6688
1808,44.25391,-76.59019,97,6735
1808,44.25493,-76.58971,98,6854
1808,44.25524,-76.58958,99,6893
1808,44.25524,-76.58966,100,6899
1808,44.25532,-76.58966,101,6907
1808,44.25566,-76.58983,102,6942
1808,44.25619,-76.59054,103,7020
1808,44.25638,-76.59097,104,7057
1808,44.25653,-76.59175,105,7123
1808,44.25648,-76.59189,106,7139
1808,44.25627,-76.59496,107,7380
1808,44.25628,-76.59516,108,7396
1808,44.25674,-76.59495,109,7452
1808,44.2568,-76.59502,110,7463
1808,44.25801,-76.59513,111,7598
1808,44.25839,-76.59508,112,7644
1808,44.25854,-76.59516,113,7666
1808,44.25847,-76.59739,114,7853
1808,44.25839,-76.59739,115,7862
1808,44.25826,-76.60034,116,8105
1808,44.25818,-76.60033,117,8113
1808,44.25804,-76.60308,118,8338
1808,44.25799,-76.60307,119,8344
1808,44.25794,-76.60367,120,8391
1808,44.25678,-76.60352,121,8521
1808,44.25672,-76.60351,122,8527
1808,44.25644,-76.60358,123,8557
1808,44.25631,-76.60373,124,8575
1808,44.25622,-76.60389,125,8590
1808,44.25602,-76.60478,126,8668
1808,44.25562,-76.60591,127,8772
1808,44.25544,-76.60623,128,8804
1808,44.255,-76.60663,129,8860
1808,44.25441,-76.60658,130,8928
1808,44.25355,-76.60621,131,9028
1808,44.25349,-76.60616,132,9035
1808,44.25334,-76.60591,133,9059
1808,44.25326,-76.60564,134,9081
1808,44.25323,-76.60467,135,9161
1808,44.25329,-76.60446,136,9183
1808,44.25335,-76.60319,137,9283
1808,44.25334,-76.60308,138,9291
1808,44.25326,-76.60277,139,9314
1808,44.25314,-76.60253,140,9335
1808,44.25297,-76.60235,141,9355
1808,44.25281,-76.60232,142,9377
1808,44.25157,-76.60155,143,9531
1808,44.25074,-76.60443,144,9778
1808,44.25051,-76.60568,145,9876
1808,44.25038,-76.60833,146,10086
1808,44.25016,-76.61069,147,10276
1808,44.24975,-76.61079,148,10331
1808,44.24975,-76.61066,149,10341
1808,44.24961,-76.61064,150,10357
1808,44.24946,-76.61247,151,10503
1808,44.24936,-76.61376,152,10606
1808,44.24928,-76.61392,153,10621
1808,44.2492,-76.61399,154,10631
1808,44.24804,-76.61457,155,10773
1808,44.24794,-76.61453,156,10787
1808,44.24657,-76.61536,157,10952
1808,44.24639,-76.61557,158,10982
1808,44.24637,-76.61549,159,10988
1808,44.24518,-76.61625,160,11133
1808,44.24421,-76.61704,161,11257
1808,44.24398,-76.61657,162,11303
1808,44.24403,-76.61649,163,11312
1808,44.24425,-76.61559,164,11386
1808,44.2443,-76.61551,165,11393
1808,44.24438,-76.61545,166,11401
1808,44.24445,-76.61543,167,11408
1808,44.24512,-76.61548,168,11482
1808,44.24524,-76.61544,169,11494
1808,44.24531,-76.61538,170,11502
1808,44.24537,-76.61524,171,11514
1808,44.24546,-76.61384,172,11630
1808,44.24572,-76.61157,173,11817
1808,44.24574,-76.61145,174,11826
1808,44.24583,-76.61127,175,11843
1808,44.2459,-76.6112,176,11852
1808,44.24603,-76.61113,177,11866
1808,44.24663,-76.6111,178,11938
1808,44.24695,-76.61119,179,11978
1808,44.24697,-76.60934,180,12130
1808,44.24702,-76.6092,181,12146
1808,44.24707,-76.60779,182,12257
1808,44.24708,-76.60772,183,12263
1808,44.24713,-76.60757,184,12275
1808,44.24736,-76.60725,185,12309
1808,44.24745,-76.60706,186,12327
1808,44.24749,-76.60684,187,12345
1808,44.2475,-76.60605,188,12406
1808,44.2473,-76.60542,189,12457
1808,44.24727,-76.60481,190,12510
1808,44.24733,-76.60466,191,12526
1808,44.24735,-76.6036,192,12609
1808,44.24738,-76.60352,193,12615
1808,44.24745,-76.60348,194,12622
1808,44.24752,-76.60351,195,12628
1808,44.24841,-76.60355,196,12726
1808,44.24838,-76.6029,197,12782
1808,44.24843,-76.60273,198,12800
1808,44.24848,-76.60112,199,12929
1808,44.24847,-76.59985,200,13034
1808,44.2486,-76.59851,201,13146
1808,44.24863,-76.59703,202,13267
1808,44.24873,-76.59535,203,13406
1808,44.2487,-76.59513,204,13423
1808,44.24865,-76.59496,205,13436
1808,44.24843,-76.59461,206,13471
1808,44.24836,-76.59454,207,13480
1808,44.2481,-76.5944,208,13510
1808,44.24717,-76.59415,209,13620
1808,44.24685,-76.59397,210,13662
1808,44.24575,-76.59389,211,13782
1808,44.24551,-76.59384,212,13808
1808,44.24529,-76.59369,213,13832
1808,44.24519,-76.59357,214,13846
1808,44.24505,-76.59329,215,13871
1808,44.24493,-76.5926,216,13929
1808,44.24498,-76.59252,217,13939
1808,44.24499,-76.5907,218,14089
1808,44.24504,-76.5907,219,14095
1808,44.24511,-76.58841,220,14276
1808,44.24511,-76.58823,221,14290
1808,44.24508,-76.58802,222,14307
1808,44.2443,-76.5863,223,14465
1808,44.24401,-76.5859,224,14508
1808,44.24363,-76.58563,225,14561
1808,44.24365,-76.58556,226,14567
1808,44.24273,-76.58466,227,14691
1808,44.24265,-76.5846,228,14701
1808,44.2425,-76.58455,229,14717
1808,44.24234,-76.58458,230,14733
1808,44.24126,-76.58528,231,14866
1808,44.24102,-76.58479,232,14917
1808,44.24108,-76.58476,233,14923
1808,44.24055,-76.58317,234,15062
1808,44.2405,-76.58285,235,15086
1808,44.24065,-76.58113,236,15222
1808,44.24072,-76.57976,237,15336
1808,44.24077,-76.57979,238,15342
1808,44.24093,-76.57835,239,15457
1808,44.24125,-76.5765,240,15617
1808,44.24134,-76.57654,241,15627
1808,44.24157,-76.5751,242,15744
1808,44.24159,-76.57217,243,15988
1808,44.24167,-76.57216,244,15997
1808,44.24173,-76.56815,245,16324
1808,44.2418,-76.56816,246,16332
1808,44.24181,-76.56776,247,16364
1808,44.24067,-76.56772,248,16490
1808,44.23832,-76.56776,249,16765
1809,44.24653,-76.61123,0,0
1809,44.24603,-76.61113,1,61
1809,44.24586,-76.61123,2,80
1809,44.24574,-76.61145,3,101
1809,44.24556,-76.61331,4,249
1809,44.24561,-76.61348,5,269
1809,44.24554,-76.61347,6,277
1809,44.24538,-76.61519,7,415
1809,44.24531,-76.61538,8,431
1809,44.24524,-76.61544,9,439
1809,44.24512,-76.61548,10,451
1809,44.24445,-76.61543,11,525
1809,44.24438,-76.61545,12,532
1809,44.24432,-76.61549,13,538
1809,44.24425,-76.61559,14,547
1809,44.24403,-76.61649,15,621
1809,44.24403,-76.6166,16,629
1809,44.24405,-76.6167,17,635
1809,44.24418,-76.61685,18,657
1809,44.24421,-76.61704,19,677
1809,44.24518,-76.61625,20,801
1809,44.24657,-76.61536,21,971
1809,44.24675,-76.61517,22,998
1809,44.24794,-76.61453,23,1145
1809,44.24814,-76.61437,24,1176
1809,44.24816,-76.61444,25,1182
1809,44.24906,-76.61406,26,1286
1809,44.24924,-76.61396,27,1308
1809,44.24931,-76.61387,28,1318
1809,44.24935,-76.61377,29,1327
1809,44.24946,-76.61247,30,1431
1809,44.24946,-76.61193,31,1478
1809,44.24953,-76.61085,32,1575
1809,44.24959,-76.61086,33,1582
1809,44.24961,-76.61064,34,1599
1809,44.25016,-76.61069,35,1660
1809,44.25038,-76.60833,36,1850
1809,44.25048,-76.60605,37,2032
1809,44.25065,-76.60478,38,2130
1809,44.25157,-76.60155,39,2405
1809,44.25275,-76.60212,40,2549
1809,44.25272,-76.60219,41,2555
1809,44.25302,-76.60239,42,2588
1809,44.25314,-76.60253,43,2603
1809,44.25326,-76.60277,44,2624
1809,44.25334,-76.60308,45,2647
1809,44.25336,-76.60434,46,2752
1809,44.25329,-76.60434,47,2759
1809,44.25326,-76.60564,48,2861
1809,44.25334,-76.60591,49,2883
1809,44.25349,-76.60616,50,2907
1809,44.25355,-76.60621,51,2914
1809,44.25441,-76.60658,52,3014
1809,44.25479,-76.60654,53,3061
1809,44.25479,-76.60662,54,3067
1809,44.25485,-76.60662,55,3073
1809,44.25526,-76.60641,56,3119
1809,44.25537,-76.60631,57,3132
1809,44.25554,-76.60608,58,3156
1809,44.25607,-76.60423,59,3321
1809,44.25617,-76.60404,60,3342
1809,44.25622,-76.60389,61,3355
1809,44.25631,-76.60373,62,3370
1809,44.25644,-76.60358,63,3388
1809,44.25672,-76.60351,64,3418
1809,44.25782,-76.60357,65,3546
1809,44.25782,-76.60365,66,3552
1809,44.25794,-76.60367,67,3566
1809,44.25812,-76.60031,68,3839
1809,44.25818,-76.60032,69,3845
1809,44.25837,-76.59763,70,4061
1809,44.25835,-76.59703,71,4113
1809,44.25841,-76.59705,72,4119
1809,44.25854,-76.59516,73,4270
1809,44.25738,-76.59508,74,4399
1809,44.25666,-76.59503,75,4478
1809,44.25628,-76.59516,76,4520
1809,44.25623,-76.59444,77,4583
1809,44.25628,-76.59444,78,4589
1809,44.25637,-76.59314,79,4692
1809,44.25642,-76.59142,80,4831
1809,44.25645,-76.5913,81,4845
1809,44.25636,-76.59091,82,4876
1809,44.25596,-76.59017,83,4946
1809,44.25572,-76.58988,84,4979
1809,44.25539,-76.58968,85,5014
1809,44.25532,-76.58966,86,5021
1809,44.25493,-76.58971,87,5063
1809,44.25457,-76.58996,88,5112
1809,44.25443,-76.58994,89,5130
1809,44.25378,-76.59027,90,5206
1809,44.25353,-76.5905,91,5238
1809,44.25337,-76.59073,92,5263
1809,44.2532,-76.59112,93,5298
1809,44.25312,-76.59142,94,5323
1809,44.25307,-76.59239,95,5406
1809,44.25301,-76.59238,96,5412
1809,44.25284,-76.59365,97,5515
1809,44.25284,-76.59405,98,5545
1809,44.25175,-76.59451,99,5678
1809,44.25173,-76.59444,100,5684
1809,44.25155,-76.5945,101,5704
1809,44.25097,-76.59255,102,5883
1809,44.25107,-76.59251,103,5895
1809,44.25039,-76.58969,104,6131
1809,44.25076,-76.58933,105,6193
1809,44.2508,-76.5895,106,6207
1809,44.25264,-76.5885,107,6433
1809,44.25266,-76.5886,108,6441
1809,44.25365,-76.58813,109,6556
1809,44.2546,-76.58749,110,6668
1809,44.2554,-76.58655,111,6780
1809,44.2555,-76.58622,112,6816
1809,44.25557,-76.58632,113,6827
1809,44.25651,-76.58503,114,6973
1809,44.25716,-76.58444,115,7053
1809,44.25887,-76.58399,116,7242
1809,44.26013,-76.58357,117,7385
1809,44.26026,-76.58338,118,7413
1809,44.2603,-76.58349,119,7423
1809,44.26051,-76.58335,120,7448
1809,44.26085,-76.58326,121,7483
1809,44.26133,-76.5834,122,7535
1809,44.26201,-76.58391,123,7619
1809,44.26221,-76.58398,124,7640
1809,44.26245,-76.58239,125,7779
1809,44.26251,-76.58236,126,7786
1809,44.26253,-76.58198,127,7816
1809,44.26248,-76.58163,128,7844
1809,44.26242,-76.58143,129,7861
1809,44.26186,-76.58024,130,7975
1809,44.26191,-76.58023,131,7981
1809,44.26178,-76.57908,132,8073
1809,44.26181,-76.57875,133,8098
1809,44.26184,-76.57862,134,8108
1809,44.26221,-76.57788,135,8184
1809,44.26225,-76.57794,136,8190
1809,44.26251,-76.57757,137,8229
1809,44.26284,-76.57735,138,8268
1809,44.26413,-76.57737,139,8410
1809,44.26493,-76.57731,140,8505
1809,44.26493,-76.57739,141,8511
1809,44.26535,-76.57747,142,8558
1809,44.26629,-76.57804,143,8669
1809,44.26696,-76.5783,144,8754
1809,44.26693,-76.57841,145,8763
1809,44.2677,-76.57887,146,8855
1809,44.2684,-76.57885,147,8931
1809,44.26893,-76.57859,148,8993
1809,44.27016,-76.57842,149,9133
1809,44.27025,-76.5785,150,9148
1809,44.27191,-76.57833,151,9338
1809,44.27191,-76.57842,152,9345
1809,44.272,-76.57842,153,9354
1809,44.27199,-76.5775,154,9427
1809,44.27204,-76.57741,155,9434
1809,44.27213,-76.57738,156,9442
1809,44.27274,-76.57741,157,9510
1809,44.2727,-76.57689,158,9556
1809,44.27279,-76.57427,159,9770
1809,44.27126,-76.57434,160,9946
1809,44.27126,-76.57425,161,9953
1809,44.27028,-76.57423,162,10062
1809,44.26877,-76.57427,163,10234
1809,44.26732,-76.57417,164,10398
1809,44.26659,-76.57426,165,10489
1809,44.26659,-76.57415,166,10498
1809,44.26516,-76.5741,167,10657
1809,44.26333,-76.57423,168,10872
1809,44.26332,-76.57407,169,10884
1809,44.26236,-76.57406,170,10991
1809,44.26134,-76.57406,171,11104
1809,44.26038,-76.57417,172,11219
1809,44.26037,-76.57405,173,11227
1809,44.25858,-76.57404,174,11426
1809,44.25738,-76.574,175,11558
1809,44.25709,-76.57422,176,11600
1809,44.25707,-76.57413,177,11607
1809,44.25671,-76.57431,178,11649
1809,44.25564,-76.57428,179,11764
1809,44.25506,-76.57424,180,11828
1809,44.25495,-76.57417,181,11839
1809,44.25485,-76.57399,182,11854
1809,44.25483,-76.57389,183,11862
1809,44.25485,-76.57314,184,11921
1809,44.25514,-76.57316,185,11953
1809,44.2552,-76.57189,186,12054
1809,44.25489,-76.57188,187,12087
1809,44.25498,-76.57283,188,12175
1810,44.24653,-76.61123,0,0
1810,44.24603,-76.61113,1,61
1810,44.24586,-76.61123,2,80
1810,44.24574,-76.61145,3,101
1810,44.24556,-76.61331,4,249
1810,44.24561,-76.61348,5,269
1810,44.24554,-76.61347,6,277
1810,44.24538,-76.61519,7,415
1810,44.24531,-76.61538,8,431
1810,44.24524,-76.61544,9,439
1810,44.24512,-76.61548,10,451
1810,44.24445,-76.61543,11,525
1810,44.24438,-76.61545,12,532
1810,44.24432,-76.61549,13,538
1810,44.24425,-76.61559,14,547
1810,44.24403,-76.61649,15,621
1810,44.24403,-76.6166,16,629
1810,44.24405,-76.6167,17,635
1810,44.24418,-76.61685,18,657
1810,44.24421,-76.61704,19,677
1810,44.24518,-76.61625,20,801
1810,44.24657,-76.61536,21,971
1810,44.24675,-76.61517,22,998
1810,44.24794,-76.61453,23,1145
1810,44.24814,-76.61437,24,1176
1810,44.24816,-76.61444,25,1182
1810,44.24906,-76.61406,26,1286
1810,44.24924,-76.61396,27,1308
1810,44.24931,-76.61387,28,1318
1810,44.24935,-76.61377,29,1327
1810,44.24946,-76.61247,30,1431
1810,44.24946,-76.61193,31,1478
1810,44.24953,-76.61085,32,1575
1810,44.24959,-76.61086,33,1582
1810,44.24961,-76.61064,34,1599
1810,44.25016,-76.61069,35,1660
1810,44.25038,-76.60833,36,1850
1810,44.25048,-76.60605,37,2032
1810,44.25065,-76.60478,38,2130
1810,44.25157,-76.60155,39,2405
1810,44.25275,-76.60212,40,2549
1810,44.25272,-76.60219,41,2555
1810,44.25302,-76.60239,42,2588
1810,44.25314,-76.60253,43,2603
1810,44.25326,-76.60277,44,2624
1810,44.25334,-76.60308,45,2647
1810,44.25336,-76.60434,46,2752
1810,44.25329,-76.60434,47,2759
1810,44.25326,-76.60564,48,2861
1810,44.25334,-76.60591,49,2883
1810,44.25349,-76.60616,50,2907
1810,44.25355,-76.60621,51,2914
1810,44.25441,-76.60658,52,3014
1810,44.25479,-76.60654,53,3061
1810,44.25479,-76.60662,54,3067
1810,44.25485,-76.60662,55,3073
1810,44.25526,-76.60641,56,3119
1810,44.25537,-76.60631,57,3132
1810,44.25554,-76.60608,58,3156
1810,44.25607,-76.60423,59,3321
1810,44.25617,-76.60404,60,3342
1810,44.25622,-76.60389,61,3355
1810,44.25631,-76.60373,62,3370
1810,44.25644,-76.60358,63,3388
1810,44.25672,-76.60351,64,3418
1810,44.25782,-76.60357,65,3546
1810,44.25782,-76.60365,66,3552
1810,44.25794,-76.60367,67,3566
1810,44.25812,-76.60031,68,3839
1810,44.25818,-76.60032,69,3845
1810,44.25837,-76.59763,70,4061
1810,44.25835,-76.59703,71,4113
1810,44.25841,-76.59705,72,4119
1810,44.25854,-76.59516,73,4270
1810,44.25738,-76.59508,74,4399
1810,44.25666,-76.59503,75,4478
1810,44.25628,-76.59516,76,4520
1810,44.25623,-76.59444,77,4583
1810,44.25628,-76.59444,78,4589
1810,44.25637,-76.59314,79,4692
1810,44.25642,-76.59142,80,4831
1810,44.25645,-76.5913,81,4845
1810,44.25636,-76.59091,82,4876
1810,44.25596,-76.59017,83,4946
1810,44.25572,-76.58988,84,4979
1810,44.25539,-76.58968,85,5014
1810,44.25532,-76.58966,86,5021
1810,44.25493,-76.58971,87,5063
1810,44.25457,-76.58996,88,5112
1810,44.25443,-76.58994,89,5130
1810,44.25378,-76.59027,90,5206
1810,44.25353,-76.5905,91,5238
1810,44.25337,-76.59073,92,5263
1810,44.2532,-76.59112,93,5298
1810,44.25312,-76.59142,94,5323
1810,44.25307,-76.59239,95,5406
1810,44.25301,-76.59238,96,5412
1810,44.25284,-76.59365,97,5515
1810,44.25284,-76.59405,98,5545
1810,44.25175,-76.59451,99,5678
1810,44.25173,-76.59444,100,5684
1810,44.25155,-76.5945,101,5704
1810,44.25097,-76.59255,102,5883
1810,44.25107,-76.59251,103,5895
1810,44.25039,-76.58969,104,6131
1810,44.25076,-76.58933,105,6193
1810,44.2508,-76.5895,106,6207
1810,44.25264,-76.5885,107,6433
1810,44.25266,-76.5886,108,6441
1810,44.25365,-76.58813,109,6556
1810,44.2546,-76.58749,110,6668
1810,44.2554,-76.58655,111,6780
1810,44.2555,-76.58622,112,6816
1810,44.25557,-76.58632,113,6827
1810,44.25651,-76.58503,114,6973
1810,44.25716,-76.58444,115,7053
1810,44.25887,-76.58399,116,7242
1810,44.26013,-76.58357,117,7385
1810,44.26026,-76.58338,118,7413
1810,44.2603,-76.58349,119,7423
1810,44.26051,-76.58335,120,7448
1810,44.26085,-76.58326,121,7483
1810,44.26133,-76.5834,122,7535
1810,44.26201,-76.58391,123,7619
1810,44.26221,-76.58398,124,7640
1810,44.26245,-76.58239,125,7779
1810,44.26251,-76.58236,126,7786
1810,44.26253,-76.58198,127,7816
1810,44.26248,-76.58163,128,7844
1810,44.26242,-76.58143,129,7861
1810,44.26186,-76.58024,130,7975
1810,44.26191,-76.58023,131,7981
1810,44.26178,-76.57908,132,8073
1810,44.26181,-76.57875,133,8098
1810,44.26184,-76.57862,134,8108
1810,44.26221,-76.57788,135,8184
1810,44.26225,-76.57794,136,8190
1810,44.26251,-76.57757,137,8229
1810,44.26284,-76.57735,138,8268
1810,44.26413,-76.57737,139,8410
1810,44.26493,-76.57731,140,8505
1810,44.26493,-76.57739,141,8511
1810,44.26535,-76.57747,142,8558
1810,44.26629,-76.57804,143,8669
1810,44.26696,-76.5783,144,8754
1810,44.26693,-76.57841,145,8763
1810,44.2677,-76.57887,146,8855
1810,44.2684,-76.57885,147,8931
1810,44.26893,-76.57859,148,8993
1810,44.27016,-76.57842,149,9133
1810,44.27025,-76.5785,150,9148
1810,44.27191,-76.57833,151,9338
1810,44.27191,-76.57842,152,9345
1810,44.272,-76.57842,153,9354
1810,44.27199,-76.5775,154,9427
1810,44.27204,-76.57741,155,9434
1810,44.27213,-76.57738,156,9442
1810,44.27274,-76.57741,157,9510
1810,44.2727,-76.57689,158,9556
1810,44.27279,-76.57427,159,9770
1810,44.27126,-76.57434,160,9946
1810,44.27126,-76.57425,161,9953
1810,44.27028,-76.57423,162,10062
1810,44.26877,-76.57427,163,10234
1810,44.26732,-76.57417,164,10398
1810,44.26659,-76.57426,165,10489
1810,44.26659,-76.57415,166,10498
1810,44.26516,-76.5741,167,10657
1810,44.26333,-76.57423,168,10872
1810,44.26332,-76.57407,169,10884
1810,44.26236,-76.57406,170,10991
1810,44.26134,-76.57406,171,11104
1810,44.26038,-76.57417,172,11219
1810,44.26037,-76.57405,173,11227
1810,44.25858,-76.57404,174,11426
1810,44.25738,-76.574,175,11558
1810,44.25709,-76.57422,176,11600
1810,44.25707,-76.57413,177,11607
1810,44.25671,-76.57431,178,11649
1810,44.25564,-76.57428,179,11764
1810,44.25506,-76.57424,180,11828
1810,44.25495,-76.57417,181,11839
1810,44.25485,-76.57399,182,11854
1810,44.25483,-76.57389,183,11862
1810,44.25485,-76.57314,184,11921
1810,44.25514,-76.57316,185,11953
1810,44.2552,-76.57189,186,12054
1810,44.25489,-76.57188,187,12087
1810,44.25497,-76.57308,188,12195
1811,44.25508,-76.57248,0,0
1811,44.25517,-76.57248,1,10
1811,44.2552,-76.57189,2,57
1811,44.25489,-76.57188,3,90
1811,44.25496,-76.56966,4,266
1811,44.255,-76.56948,5,279
1811,44.25504,-76.5694,6,286
1811,44.25511,-76.56932,7,294
1811,44.2552,-76.56927,8,304
1811,44.2551,-76.56908,9,321
1811,44.25505,-76.56892,10,335
1811,44.25505,-76.5686,11,361
1811,44.25066,-76.56834,12,849
1811,44.24926,-76.56825,13,1004
1811,44.24883,-76.56839,14,1066
1811,44.24882,-76.56822,15,1079
1811,44.24662,-76.56805,16,1323
1811,44.24473,-76.56791,17,1532
1811,44.24433,-76.56808,18,1590
1811,44.24433,-76.56789,19,1605
1811,44.242,-76.56793,20,1875
1811,44.24201,-76.56777,21,1887
1811,44.24067,-76.56772,22,2034
1811,44.23816,-76.56756,23,2313
1811,44.23719,-76.56746,24,2421
1811,44.237,-76.56652,25,2512
1811,44.23715,-76.56652,26,2529
1811,44.23706,-76.56431,27,2706
1811,44.23691,-76.56364,28,2775
1811,44.23705,-76.56364,29,2791
1811,44.23686,-76.5595,30,3137
1811,44.23702,-76.5595,31,3153
1811,44.23708,-76.55528,32,3488
1811,44.23724,-76.55242,33,3717
1811,44.23753,-76.54854,34,4028
1811,44.23754,-76.54741,35,4128
1811,44.23764,-76.54744,36,4140
1811,44.23802,-76.54238,37,4560
1811,44.23815,-76.54241,38,4575
1811,44.23871,-76.53602,39,5088
1811,44.23887,-76.53349,40,5301
1811,44.23899,-76.53354,41,5314
1811,44.23949,-76.52897,42,5683
1811,44.23969,-76.52594,43,5938
1811,44.23981,-76.52596,44,5951
1811,44.24027,-76.5208,45,6365
1811,44.24041,-76.51921,46,6492
1811,44.24051,-76.51792,47,6595
1811,44.2405,-76.51644,48,6724
1811,44.24063,-76.51646,49,6737
1811,44.24077,-76.51451,50,6893
1811,44.23954,-76.51438,51,7030
1811,44.23834,-76.51434,52,7168
1811,44.23835,-76.51426,53,7174
1811,44.23529,-76.51396,54,7513
1811,44.23395,-76.5139,55,7667
1811,44.23231,-76.51366,56,7855
1811,44.23125,-76.51356,57,7972
1811,44.23097,-76.51353,58,8003
1811,44.23111,-76.51159,59,8158
1811,44.23122,-76.50986,60,8296
1811,44.2313,-76.50804,61,8440
1811,44.23124,-76.50772,62,8472
1811,44.23131,-76.50773,63,8480
1811,44.2314,-76.50497,64,8699
1811,44.23148,-76.50276,65,8875
1811,44.23142,-76.50222,66,8924
1811,44.23149,-76.50222,67,8931
1811,44.23156,-76.50015,68,9095
1811,44.23161,-76.49863,69,9216
1811,44.23158,-76.49723,70,9334
1811,44.23165,-76.49724,71,9341
1811,44.23169,-76.49565,72,9467
1811,44.23149,-76.49427,73,9579
1811,44.23128,-76.49297,74,9685
1811,44.23097,-76.49133,75,9827
1811,44.23104,-76.49132,76,9835
1811,44.23077,-76.48949,77,9983
1811,44.2305,-76.48769,78,10129
1811,44.23017,-76.48539,79,10315
1811,44.23009,-76.48516,80,10335
1811,44.23093,-76.48447,81,10443
1811,44.23114,-76.48536,82,10523
1812,44.25508,-76.57248,0,0
1812,44.25517,-76.57248,1,10
1812,44.2552,-76.57189,2,57
1812,44.25489,-76.57188,3,90
1812,44.25496,-76.56966,4,266
1812,44.255,-76.56948,5,279
1812,44.25504,-76.5694,6,286
1812,44.25511,-76.56932,7,294
1812,44.2552,-76.56927,8,304
1812,44.2551,-76.56908,9,321
1812,44.25505,-76.56892,10,335
1812,44.25505,-76.5686,11,361
1812,44.25066,-76.56834,12,849
1812,44.24926,-76.56825,13,1004
1812,44.24883,-76.56839,14,1066
1812,44.24882,-76.56822,15,1079
1812,44.24662,-76.56805,16,1323
1812,44.24473,-76.56791,17,1532
1812,44.24433,-76.56808,18,1590
1812,44.24433,-76.56789,19,1605
1812,44.242,-76.56793,20,1875
1812,44.24201,-76.56777,21,1887
1812,44.24067,-76.56772,22,2034
1812,44.23816,-76.56756,23,2313
1812,44.23719,-76.56746,24,2421
1812,44.237,-76.56652,25,2512
1812,44.23715,-76.56652,26,2529
1812,44.23706,-76.56431,27,2706
1812,44.23691,-76.56364,28,2775
1812,44.23705,-76.56364,29,2791
1812,44.23686,-76.5595,30,3137
1812,44.23702,-76.5595,31,3153
1812,44.23708,-76.55528,32,3488
1812,44.23724,-76.55242,33,3717
1812,44.23753,-76.54854,34,4028
1812,44.23754,-76.54741,35,4128
1812,44.23764,-76.54744,36,4140
1812,44.23802,-76.54238,37,4560
1812,44.23815,-76.54241,38,4575
1812,44.23871,-76.53602,39,5088
1812,44.23887,-76.53349,40,5301
1812,44.23899,-76.53354,41,5314
1812,44.23949,-76.52897,42,5683
1812,44.23969,-76.52594,43,5938
1812,44.23981,-76.52596,44,5951
1812,44.24027,-76.5208,45,6365
1812,44.24041,-76.51921,46,6492
1812,44.24051,-76.51792,47,6595
1812,44.2405,-76.51644,48,6724
1812,44.24063,-76.51646,49,6737
1812,44.24077,-76.51451,50,6893
1812,44.23954,-76.51438,51,7030
1812,44.23834,-76.51434,52,7168
1812,44.23835,-76.51426,53,7174
1812,44.23529,-76.51396,54,7513
1812,44.23395,-76.5139,55,7667
1812,44.23231,-76.51366,56,7855
1812,44.23125,-76.51356,57,7972
1812,44.23097,-76.51353,58,8003
1812,44.23111,-76.51159,59,8158
1812,44.23122,-76.50986,60,8296
1812,44.2313,-76.50804,61,8440
1812,44.23124,-76.50772,62,8472
1812,44.23131,-76.50773,63,8480
1812,44.2314,-76.50497,64,8699
1812,44.23148,-76.50276,65,8875
1812,44.23142,-76.50222,66,8924
1812,44.23149,-76.50222,67,8931
1812,44.23156,-76.50015,68,9095
1812,44.23161,-76.49863,69,9216
1812,44.23158,-76.49723,70,9334
1812,44.23165,-76.49724,71,9341
1812,44.23169,-76.49565,72,9467
1812,44.23149,-76.49427,73,9579
1812,44.23128,-76.49297,74,9685
1812,44.23097,-76.49133,75,9827
1812,44.23104,-76.49132,76,9835
1812,44.23077,-76.48949,77,9983
1812,44.2305,-76.48769,78,10129
1812,44.23017,-76.48539,79,10315
1812,44.23009,-76.48516,80,10335
1812,44.23093,-76.48447,81,10443
1812,44.23118,-76.48426,82,10483
1813,44.25498,-76.57283,0,0
1813,44.25486,-76.57282,1,13
1813,44.25483,-76.57389,2,97
1813,44.25485,-76.57399,3,105
1813,44.25495,-76.57417,4,120
1813,44.25506,-76.57424,5,131
1813,44.25637,-76.57432,6,275
1813,44.2566,-76.57433,7,300
1813,44.25677,-76.57429,8,317
1813,44.25722,-76.57395,9,380
1813,44.25724,-76.57406,10,388
1813,44.25738,-76.574,11,403
1813,44.25858,-76.57404,12,535
1813,44.26051,-76.57397,13,755
1813,44.2605,-76.57405,14,761
1813,44.26236,-76.57406,15,967
1813,44.26488,-76.57402,16,1250
1813,44.26516,-76.5741,17,1286
1813,44.26732,-76.57417,18,1527
1813,44.26865,-76.5741,19,1681
1813,44.26865,-76.57419,20,1688
1813,44.27028,-76.57423,21,1868
1813,44.27124,-76.57416,22,1981
1813,44.27124,-76.57425,23,1987
1813,44.27258,-76.57427,24,2135
1813,44.27279,-76.57427,25,2158
1813,44.27282,-76.57649,26,2340
1813,44.27276,-76.57648,27,2346
1813,44.27274,-76.57741,28,2419
1813,44.27206,-76.57739,29,2493
1813,44.27199,-76.5775,30,2502
1813,44.27206,-76.57829,31,2571
1813,44.272,-76.57829,32,2577
1813,44.272,-76.57842,33,2587
1813,44.27079,-76.5785,34,2721
1813,44.27042,-76.57856,35,2766
1813,44.27025,-76.5785,36,2790
1813,44.26941,-76.57848,37,2882
1813,44.26893,-76.57859,38,2935
1813,44.2684,-76.57885,39,2997
1813,44.26778,-76.57889,40,3065
1813,44.26656,-76.57826,41,3213
1813,44.26558,-76.57758,42,3338
1813,44.26507,-76.57739,43,3395
1813,44.26494,-76.57747,44,3415
1813,44.26494,-76.57739,45,3421
1813,44.26284,-76.57735,46,3653
1813,44.26251,-76.57757,47,3692
1813,44.26219,-76.57811,48,3750
1813,44.26196,-76.57837,49,3786
1813,44.26189,-76.57849,50,3798
1813,44.26183,-76.57866,51,3812
1813,44.26179,-76.57889,52,3830
1813,44.26178,-76.57917,53,3851
1813,44.26194,-76.58044,54,3952
1813,44.26207,-76.58057,55,3973
1813,44.26201,-76.58062,56,3980
1813,44.26242,-76.58143,57,4058
1813,44.2625,-76.58172,58,4082
1813,44.26252,-76.58306,59,4192
1813,44.26246,-76.5832,60,4208
1813,44.26234,-76.58401,61,4274
1813,44.26201,-76.58391,62,4309
1813,44.26133,-76.5834,63,4393
1813,44.26091,-76.58326,64,4438
1813,44.26064,-76.58338,65,4474
1813,44.26063,-76.5833,66,4480
1813,44.26051,-76.58335,67,4492
1813,44.26035,-76.58347,68,4512
1813,44.25887,-76.58399,69,4679
1813,44.25761,-76.58425,70,4820
1813,44.25716,-76.58444,71,4868
1813,44.25651,-76.58503,72,4948
1813,44.2554,-76.58655,73,5120
1813,44.25535,-76.58682,74,5149
1813,44.25528,-76.58672,75,5160
1813,44.25447,-76.5876,76,5270
1813,44.25278,-76.58854,77,5468
1813,44.25254,-76.58877,78,5506
1813,44.25252,-76.58867,79,5514
1813,44.25106,-76.58937,80,5685
1813,44.25039,-76.58969,81,5764
1813,44.25074,-76.59046,82,5853
1813,44.25059,-76.59054,83,5871
1813,44.251,-76.59222,84,6012
1813,44.25162,-76.59427,85,6201
1813,44.25151,-76.59432,86,6213
1813,44.25155,-76.5945,87,6227
1813,44.25275,-76.594,88,6371
1813,44.25276,-76.59408,89,6377
1813,44.25284,-76.59405,90,6386
1813,44.25283,-76.59369,91,6413
1813,44.25301,-76.59202,92,6551
1813,44.25307,-76.59186,93,6568
1813,44.25312,-76.59142,94,6603
1813,44.25324,-76.591,95,6638
1813,44.25353,-76.5905,96,6688
1813,44.25391,-76.59019,97,6735
1813,44.25493,-76.58971,98,6854
1813,44.25524,-76.58958,99,6893
1813,44.25524,-76.58966,100,6899
1813,44.25532,-76.58966,101,6907
1813,44.25566,-76.58983,102,6942
1813,44.25619,-76.59054,103,7020
1813,44.25638,-76.59097,104,7057
1813,44.25653,-76.59175,105,7123
1813,44.25648,-76.59189,106,7139
1813,44.25627,-76.59496,107,7380
1813,44.25628,-76.59516,108,7396
1813,44.25674,-76.59495,109,7452
1813,44.2568,-76.59502,110,7463
1813,44.25801,-76.59513,111,7598
1813,44.25839,-76.59508,112,7644
1813,44.25854,-76.59516,113,7666
1813,44.25847,-76.59739,114,7853
1813,44.25839,-76.59739,115,7862
1813,44.25826,-76.60034,116,8105
1813,44.25818,-76.60033,117,8113
1813,44.25804,-76.60308,118,8338
1813,44.25799,-76.60307,119,8344
1813,44.25794,-76.60367,120,8391
1813,44.25678,-76.60352,121,8521
1813,44.25672,-76.60351,122,8527
1813,44.25644,-76.60358,123,8557
1813,44.25631,-76.60373,124,8575
1813,44.25622,-76.60389,125,8590
1813,44.25602,-76.60478,126,8668
1813,44.25562,-76.60591,127,8772
1813,44.25544,-76.60623,128,8804
1813,44.255,-76.60663,129,8860
1813,44.25441,-76.60658,130,8928
1813,44.25355,-76.60621,131,9028
1813,44.25349,-76.60616,132,9035
1813,44.25334,-76.60591,133,9059
1813,44.25326,-76.60564,134,9081
1813,44.25323,-76.60467,135,9161
1813,44.25329,-76.60446,136,9183
1813,44.25335,-76.60319,137,9283
1813,44.25334,-76.60308,138,9291
1813,44.25326,-76.60277,139,9314
1813,44.25314,-76.60253,140,9335
1813,44.25297,-76.60235,141,9355
1813,44.25281,-76.60232,142,9377
1813,44.25157,-76.60155,143,9531
1813,44.25074,-76.60443,144,9778
1813,44.25051,-76.60568,145,9876
1813,44.25038,-76.60833,146,10086
1813,44.25016,-76.61069,147,10276
1813,44.24975,-76.61079,148,10331
1813,44.24975,-76.61066,149,10341
1813,44.24961,-76.61064,150,10357
1813,44.24946,-76.61247,151,10503
1813,44.24936,-76.61376,152,10606
1813,44.24928,-76.61392,153,10621
1813,44.2492,-76.61399,154,10631
1813,44.24804,-76.61457,155,10773
1813,44.24794,-76.61453,156,10787
1813,44.24657,-76.61536,157,10952
1813,44.24639,-76.61557,158,10982
1813,44.24637,-76.61549,159,10988
1813,44.24518,-76.61625,160,11133
1813,44.24421,-76.61704,161,11257
1813,44.24398,-76.61657,162,11303
1813,44.24403,-76.61649,163,11312
1813,44.24425,-76.61559,164,11386
1813,44.2443,-76.61551,165,11393
1813,44.24438,-76.61545,166,11401
1813,44.24445,-76.61543,167,11408
1813,44.24512,-76.61548,168,11482
1813,44.24524,-76.61544,169,11494
1813,44.24531,-76.61538,170,11502
1813,44.24537,-76.61524,171,11514
1813,44.24546,-76.61384,172,11630
1813,44.24572,-76.61157,173,11817
1813,44.24574,-76.61145,174,11826
1813,44.24583,-76.61127,175,11843
1813,44.2459,-76.6112,176,11852
1813,44.24603,-76.61113,177,11866
1813,44.24663,-76.6111,178,11938
1813,44.24695,-76.61119,179,11978
1813,44.24697,-76.60934,180,12130
1813,44.24702,-76.6092,181,12146
1813,44.24707,-76.60779,182,12257
1813,44.24708,-76.60772,183,12263
1813,44.24713,-76.60757,184,12275
1813,44.24736,-76.60725,185,12309
1813,44.24745,-76.60706,186,12327
1813,44.24749,-76.60684,187,12345
1813,44.2475,-76.60605,188,12406
1813,44.2473,-76.60542,189,12457
1813,44.24727,-76.60481,190,12510
1813,44.24733,-76.60466,191,12526
1813,44.24735,-76.6036,192,12609
1813,44.24738,-76.60352,193,12615
1813,44.24745,-76.60348,194,12622
1813,44.24752,-76.60351,195,12628
1813,44.24841,-76.60355,196,12726
1813,44.24838,-76.6029,197,12782
1813,44.24843,-76.60273,198,12800
1813,44.24848,-76.60112,199,12929
1813,44.24847,-76.59985,200,13034
1813,44.2486,-76.59851,201,13146
1813,44.24863,-76.59703,202,13267
1813,44.24873,-76.59535,203,13406
1813,44.2487,-76.59513,204,13423
1813,44.24865,-76.59496,205,13436
1813,44.24843,-76.59461,206,13471
1813,44.24836,-76.59454,207,13480
1813,44.2481,-76.5944,208,13510
1813,44.24717,-76.59415,209,13620
1813,44.24685,-76.59397,210,13662
1813,44.24575,-76.59389,211,13782
1813,44.24551,-76.59384,212,13808
1813,44.24529,-76.59369,213,13832
1813,44.24519,-76.59357,214,13846
1813,44.24505,-76.59329,215,13871
1813,44.24493,-76.5926,216,13929
1813,44.24498,-76.59252,217,13939
1813,44.24499,-76.5907,218,14089
1813,44.24504,-76.5907,219,14095
1813,44.24511,-76.58841,220,14276
1813,44.24511,-76.58823,221,14290
1813,44.24508,-76.58802,222,14307
1813,44.2443,-76.5863,223,14465
1813,44.24401,-76.5859,224,14508
1813,44.24363,-76.58563,225,14561
1813,44.24365,-76.58556,226,14567
1813,44.24273,-76.58466,227,14691
1813,44.24265,-76.5846,228,14701
1813,44.2425,-76.58455,229,14717
1813,44.24234,-76.58458,230,14733
1813,44.24126,-76.58528,231,14866
1813,44.24102,-76.58479,232,14917
1813,44.24108,-76.58476,233,14923
1813,44.24055,-76.58317,234,15062
1813,44.2405,-76.58285,235,15086
1813,44.24065,-76.58113,236,15222
1813,44.24072,-76.57976,237,15336
1813,44.24077,-76.57979,238,15342
1813,44.24093,-76.57835,239,15457
1813,44.24125,-76.5765,240,15617
1813,44.24134,-76.57654,241,15627
1813,44.24157,-76.5751,242,15744
1813,44.24159,-76.57217,243,15988
1813,44.24167,-76.57216,244,15997
1813,44.24173,-76.56815,245,16324
1813,44.2418,-76.56816,246,16332
1813,44.24181,-76.56776,247,16364
1813,44.24067,-76.56772,248,16490
1813,44.23832,-76.56776,249,16765
1813,44.23833,-76.56757,250,16779
1813,44.23719,-76.56746,251,16905
1813,44.23751,-76.57076,252,17185
1813,44.23737,-76.57077,253,17200
1813,44.23767,-76.57433,254,17496
1813,44.23756,-76.57434,255,17507
1813,44.23783,-76.57728,256,17753
1813,44.23773,-76.57729,257,17764
1813,44.23773,-76.57863,258,17868
1813,44.23757,-76.5799,259,17970
1813,44.23732,-76.58209,260,18147
1813,44.23723,-76.58372,261,18275
1813,44.23735,-76.58415,262,18322
1813,44.23723,-76.58415,263,18335
1813,44.23734,-76.58595,264,18479
1813,44.2376,-76.58794,265,18639
1813,44.23803,-76.59026,266,18829
1813,44.23737,-76.59056,267,18906
1813,44.23727,-76.59065,268,18918
1813,44.23723,-76.59071,269,18924
1813,44.23712,-76.59095,270,18946
1813,44.23709,-76.59115,271,18962
1813,44.2371,-76.59138,272,18980
1813,44.23743,-76.59217,273,19060
1813,44.23736,-76.59222,274,19068
1813,44.23749,-76.59263,275,19103
1813,44.2376,-76.59409,276,19218
1813,44.23765,-76.59444,277,19245
1813,44.23775,-76.59478,278,19271
1813,44.23805,-76.59536,279,19326
1813,44.23809,-76.59548,280,19336
1813,44.23814,-76.59578,281,19358
1813,44.23816,-76.59783,282,19522
1813,44.2379,-76.59791,283,19557
1813,44.23789,-76.59783,284,19563
1813,44.23726,-76.59769,285,19631
1813,44.23662,-76.59737,286,19706
1813,44.23643,-76.59788,287,19750
1813,44.23613,-76.59834,288,19796
1813,44.2359,-76.59851,289,19824
1813,44.23532,-76.59868,290,19894
1813,44.23532,-76.59859,291,19901
1813,44.23405,-76.59846,292,20042
1813,44.2334,-76.59837,293,20114
1813,44.23292,-76.59806,294,20172
1813,44.23293,-76.59797,295,20181
1813,44.23244,-76.59719,296,20262
1813,44.23232,-76.59686,297,20290
1813,44.23225,-76.59642,298,20325
1813,44.23231,-76.59435,299,20494
1813,44.23237,-76.59405,300,20523
1813,44.23242,-76.59314,301,20596
1813,44.23118,-76.593,302,20734
1813,44.2305,-76.59273,303,20807
1813,44.2298,-76.59202,304,20896
1813,44.22944,-76.5913,305,20961
1813,44.22911,-76.58958,306,21099
1813,44.229,-76.58876,307,21164
1813,44.22964,-76.58854,308,21242
1813,44.22964,-76.58861,309,21248
1813,44.23063,-76.58848,310,21355
1813,44.23188,-76.58851,311,21500
1813,44.23188,-76.58859,312,21506
1813,44.23319,-76.58871,313,21651
1813,44.23415,-76.58836,314,21759
1813,44.23429,-76.58826,315,21775
1813,44.23442,-76.58812,316,21791
1813,44.23469,-76.58764,317,21835
1813,44.23481,-76.58699,318,21884
1813,44.23456,-76.58519,319,22030
1813,44.23441,-76.58447,320,22094
1813,44.23446,-76.58447,321,22100
1813,44.23435,-76.58375,322,22158
1813,44.23437,-76.58284,323,22228
1813,44.23378,-76.57981,324,22478
1813,44.23354,-76.57863,325,22576
1813,44.23319,-76.57881,326,22621
1813,44.23173,-76.57859,327,22788
1813,44.23176,-76.57901,328,22827
1813,44.23167,-76.57968,329,22884
1813,44.23164,-76.57978,330,22891
1813,44.23156,-76.57983,331,22899
1813,44.22992,-76.57967,332,23081
1813,44.22827,-76.57957,333,23268
1813,44.22824,-76.57951,334,23275
1813,44.22814,-76.57951,335,23286
1813,44.22828,-76.57808,336,23400
1813,44.22838,-76.57616,337,23553
1813,44.22836,-76.57566,338,23592
1813,44.22821,-76.57505,339,23642
1813,44.22821,-76.5733,340,23787
1813,44.22827,-76.5733,341,23793
1813,44.22836,-76.57141,342,23943
1813,44.22837,-76.57021,343,24038
1813,44.22579,-76.56995,344,24325
1813,44.22318,-76.56969,345,24615
1813,44.22133,-76.56953,346,24820
1813,44.21968,-76.56938,347,25004
1813,44.21891,-76.56943,348,25100
1814,44.21891,-76.56943,0,0
1814,44.21892,-76.56929,1,11
1814,44.2184,-76.56924,2,68
1814,44.21842,-76.57048,3,178
1814,44.21832,-76.57047,4,189
1814,44.2183,-76.57232,5,345
1814,44.21821,-76.57232,6,355
1814,44.21811,-76.57402,7,490
1814,44.21927,-76.57406,8,624
1814,44.2193,-76.57413,9,631
1814,44.2199,-76.5741,10,696
1814,44.21985,-76.57521,11,784
1814,44.22,-76.57673,12,906
1814,44.22007,-76.57697,13,926
1814,44.22026,-76.57727,14,954
1814,44.22042,-76.5774,15,972
1814,44.2207,-76.57741,16,1006
1814,44.2208,-76.57749,17,1023
1814,44.22245,-76.57758,18,1211
1814,44.22256,-76.57766,19,1229
1814,44.22263,-76.57768,20,1236
1814,44.22346,-76.5783,21,1343
1814,44.22419,-76.57901,22,1445
1814,44.22447,-76.57915,23,1476
1814,44.22591,-76.57922,24,1641
1814,44.226,-76.5793,25,1655
1814,44.22767,-76.57947,26,1840
1814,44.22796,-76.57942,27,1877
1814,44.22814,-76.57951,28,1902
1814,44.22992,-76.57967,29,2100
1814,44.23156,-76.57983,30,2282
1814,44.23164,-76.57978,31,2290
1814,44.23167,-76.57969,32,2296
1814,44.23165,-76.57918,33,2341
1814,44.23173,-76.57859,34,2393
1814,44.23321,-76.57874,35,2557
1814,44.23345,-76.57859,36,2590
1814,44.23354,-76.57863,37,2604
1814,44.23432,-76.58258,38,2931
1814,44.23437,-76.58284,39,2952
1814,44.23441,-76.58371,40,3029
1814,44.23435,-76.58375,41,3036
1814,44.23456,-76.58519,42,3153
1814,44.2348,-76.58674,43,3279
1814,44.23481,-76.58699,44,3299
1814,44.23475,-76.58743,45,3332
1814,44.23467,-76.58769,46,3352
1814,44.23442,-76.58812,47,3392
1814,44.23429,-76.58826,48,3408
1814,44.23403,-76.58843,49,3437
1814,44.2332,-76.58871,50,3531
1814,44.23197,-76.5886,51,3667
1814,44.23182,-76.58867,52,3689
1814,44.23182,-76.58859,53,3695
1814,44.23063,-76.58848,54,3827
1814,44.22979,-76.58866,55,3927
1814,44.22978,-76.58857,56,3934
1814,44.229,-76.58876,57,4020
1814,44.22925,-76.59056,58,4165
1814,44.22937,-76.5911,59,4207
1814,44.2298,-76.59202,60,4288
1814,44.23036,-76.59263,61,4361
1814,44.23095,-76.59294,62,4426
1814,44.23242,-76.59314,63,4588
1814,44.23241,-76.59437,64,4691
1814,44.23235,-76.59436,65,4697
1814,44.23227,-76.59583,66,4814
1814,44.23225,-76.59642,67,4860
1814,44.23232,-76.59686,68,4895
1814,44.23244,-76.59719,69,4923
1814,44.23311,-76.59808,70,5030
1814,44.23307,-76.59815,71,5036
1814,44.23333,-76.59834,72,5067
1814,44.23495,-76.59855,73,5245
1814,44.23512,-76.5985,74,5269
1814,44.23557,-76.59861,75,5323
1814,44.2359,-76.59851,76,5359
1814,44.23613,-76.59834,77,5387
1814,44.23643,-76.59788,78,5433
1814,44.23662,-76.59737,79,5477
1814,44.23697,-76.59747,80,5521
1814,44.23726,-76.59769,81,5562
1814,44.23788,-76.59776,82,5634
1814,44.23816,-76.59783,83,5670
1814,44.23814,-76.59586,84,5827
1814,44.23813,-76.59569,85,5840
1814,44.23809,-76.59548,86,5856
1814,44.23771,-76.59467,87,5930
1814,44.23761,-76.59421,88,5965
1814,44.23752,-76.59283,89,6074
1814,44.23726,-76.59225,90,6137
1814,44.23735,-76.59219,91,6148
1814,44.2371,-76.59138,92,6218
1814,44.23709,-76.59115,93,6236
1814,44.23712,-76.59095,94,6252
1814,44.23722,-76.59072,95,6272
1814,44.23732,-76.5906,96,6286
1814,44.23737,-76.59056,97,6292
1814,44.23803,-76.59026,98,6369
1814,44.23777,-76.58892,99,6479
1814,44.23746,-76.58695,100,6639
1814,44.23724,-76.58496,101,6799
1814,44.23724,-76.5832,102,6939
1814,44.23715,-76.58266,103,6995
1814,44.23727,-76.58266,104,7009
1814,44.23757,-76.5799,105,7230
1814,44.23773,-76.57863,106,7332
1814,44.23759,-76.57724,107,7455
1814,44.23772,-76.57723,108,7470
1814,44.23758,-76.57459,109,7681
1814,44.23738,-76.57337,110,7794
1814,44.23751,-76.57335,111,7808
1814,44.23739,-76.57112,112,7987
1814,44.2372,-76.57033,113,8067
1814,44.23735,-76.57032,114,8083
1814,44.23719,-76.56746,115,8312
1814,44.2378,-76.56737,116,8391
1814,44.23779,-76.56753,117,8404
1814,44.24067,-76.56772,118,8724
1814,44.24181,-76.56776,119,8850
1814,44.24183,-76.56843,120,8907
1814,44.24168,-76.57206,121,9200
1814,44.24171,-76.5726,122,9249
1814,44.24166,-76.5726,123,9255
1814,44.24157,-76.5751,124,9455
1814,44.24133,-76.57661,125,9577
1814,44.24126,-76.57713,126,9624
1814,44.24121,-76.5771,127,9630
1814,44.24093,-76.57835,128,9734
1814,44.24084,-76.57968,129,9845
1814,44.24075,-76.57997,130,9874
1814,44.24054,-76.58229,131,10060
1814,44.2405,-76.58285,132,10103
1814,44.24055,-76.58317,133,10127
1814,44.24113,-76.58474,134,10272
1814,44.24126,-76.58528,135,10321
1814,44.24234,-76.58458,136,10454
1814,44.24245,-76.58455,137,10465
1814,44.24265,-76.5846,138,10486
1814,44.24373,-76.58556,139,10632
1814,44.2443,-76.5863,140,10719
1814,44.24482,-76.58742,141,10825
1814,44.24508,-76.58802,142,10877
1814,44.24511,-76.58823,143,10894
1814,44.24508,-76.58954,144,10997
1814,44.24512,-76.59018,145,11054
1814,44.24506,-76.59018,146,11060
1814,44.24503,-76.59236,147,11236
1814,44.24498,-76.59252,148,11252
1814,44.24497,-76.59292,149,11283
1814,44.24505,-76.59329,150,11312
1814,44.24519,-76.59357,151,11337
1814,44.24529,-76.59369,152,11351
1814,44.24556,-76.59386,153,11381
1814,44.24667,-76.59394,154,11503
1814,44.24722,-76.59402,155,11568
1814,44.24721,-76.5941,156,11574
1814,44.2481,-76.5944,157,11676
1814,44.24836,-76.59454,158,11706
1814,44.24843,-76.59461,159,11715
1814,44.24865,-76.59496,160,11750
1814,44.2487,-76.59513,161,11763
1814,44.24873,-76.59535,162,11780
1814,44.24872,-76.59734,163,11943
1814,44.24866,-76.59747,164,11958
1814,44.24856,-76.59892,165,12073
1814,44.24859,-76.59968,166,12137
1814,44.24848,-76.60112,167,12257
1814,44.24849,-76.60266,168,12386
1814,44.24843,-76.60266,169,12392
1814,44.24841,-76.60355,170,12463
1814,44.24752,-76.60351,171,12561
1814,44.24745,-76.60348,172,12567
1814,44.24738,-76.60352,173,12574
1814,44.24735,-76.6036,174,12580
1814,44.24739,-76.60452,175,12658
1814,44.24733,-76.60452,176,12664
1814,44.2473,-76.60542,177,12734
1814,44.24735,-76.60562,178,12749
1814,44.24748,-76.60593,179,12776
1814,44.24751,-76.60623,180,12798
1814,44.24747,-76.60698,181,12858
1814,44.24745,-76.60706,182,12864
1814,44.24736,-76.60725,183,12882
1814,44.24713,-76.60757,184,12916
1814,44.24708,-76.60772,185,12928
1814,44.2471,-76.60852,186,12998
1814,44.24705,-76.60852,187,13004
1814,44.24697,-76.61045,188,13157
1814,44.24695,-76.61119,189,13216
1814,44.24653,-76.61123,190,13266
1814,44.24603,-76.61113,191,13327
1814,44.24586,-76.61123,192,13346
1814,44.24574,-76.61145,193,13367
1814,44.24556,-76.61331,194,13515
1814,44.24561,-76.61348,195,13535
1814,44.24554,-76.61347,196,13543
1814,44.24538,-76.61519,197,13681
1814,44.24531,-76.61538,198,13697
1814,44.24524,-76.61544,199,13705
1814,44.24512,-76.61548,200,13717
1814,44.24445,-76.61543,201,13791
1814,44.24438,-76.61545,202,13798
1814,44.24432,-76.61549,203,13804
1814,44.24425,-76.61559,204,13813
1814,44.24403,-76.61649,205,13887
1814,44.24403,-76.6166,206,13895
1814,44.24405,-76.6167,207,13901
1814,44.24418,-76.61685,208,13923
1814,44.24421,-76.61704,209,13943
1814,44.24518,-76.61625,210,14067
1814,44.24657,-76.61536,211,14237
1814,44.24675,-76.61517,212,14264
1814,44.24794,-76.61453,213,14411
1814,44.24814,-76.61437,214,14442
1814,44.24816,-76.61444,215,14448
1814,44.24906,-76.61406,216,14552
1814,44.24924,-76.61396,217,14574
1814,44.24931,-76.61387,218,14584
1814,44.24935,-76.61377,219,14593
1814,44.24946,-76.61247,220,14697
1814,44.24946,-76.61193,221,14744
1814,44.24953,-76.61085,222,14841
1814,44.24959,-76.61086,223,14848
1814,44.24961,-76.61064,224,14865
1814,44.25016,-76.61069,225,14926
1814,44.25038,-76.60833,226,15116
1814,44.25048,-76.60605,227,15298
1814,44.25065,-76.60478,228,15396
1814,44.25157,-76.60155,229,15671
1814,44.25275,-76.60212,230,15815
1814,44.25272,-76.60219,231,15821
1814,44.25302,-76.60239,232,15854
1814,44.25314,-76.60253,233,15869
1814,44.25326,-76.60277,234,15890
1814,44.25334,-76.60308,235,15913
1814,44.25336,-76.60434,236,16018
1814,44.25329,-76.60434,237,16025
1814,44.25326,-76.60564,238,16127
1814,44.25334,-76.60591,239,16149
1814,44.25349,-76.60616,240,16173
1814,44.25355,-76.60621,241,16180
1814,44.25441,-76.60658,242,16280
1814,44.25479,-76.60654,243,16327
1814,44.25479,-76.60662,244,16333
1814,44.25485,-76.60662,245,16339
1814,44.25526,-76.60641,246,16385
1814,44.25537,-76.60631,247,16398
1814,44.25554,-76.60608,248,16422
1814,44.25607,-76.60423,249,16587
1814,44.25617,-76.60404,250,16608
1814,44.25622,-76.60389,251,16621
1814,44.25631,-76.60373,252,16636
1814,44.25644,-76.60358,253,16654
1814,44.25672,-76.60351,254,16684
1814,44.25782,-76.60357,255,16812
1814,44.25782,-76.60365,256,16818
1814,44.25794,-76.60367,257,16832
1814,44.25812,-76.60031,258,17105
1814,44.25818,-76.60032,259,17111
1814,44.25837,-76.59763,260,17327
1814,44.25835,-76.59703,261,17379
1814,44.25841,-76.59705,262,17385
1814,44.25854,-76.59516,263,17536
1814,44.25738,-76.59508,264,17665
1814,44.25666,-76.59503,265,17744
1814,44.25628,-76.59516,266,17786
1814,44.25623,-76.59444,267,17849
1814,44.25628,-76.59444,268,17855
1814,44.25637,-76.59314,269,17958
1814,44.25642,-76.59142,270,18097
1814,44.25645,-76.5913,271,18111
1814,44.25636,-76.59091,272,18142
1814,44.25596,-76.59017,273,18212
1814,44.25572,-76.58988,274,18245
1814,44.25539,-76.58968,275,18280
1814,44.25532,-76.58966,276,18287
1814,44.25493,-76.58971,277,18329
1814,44.25457,-76.58996,278,18378
1814,44.25443,-76.58994,279,18396
1814,44.25378,-76.59027,280,18472
1814,44.25353,-76.5905,281,18504
1814,44.25337,-76.59073,282,18529
1814,44.2532,-76.59112,283,18564
1814,44.25312,-76.59142,284,18589
1814,44.25307,-76.59239,285,18672
1814,44.25301,-76.59238,286,18678
1814,44.25284,-76.59365,287,18781
1814,44.25284,-76.59405,288,18811
1814,44.25175,-76.59451,289,18944
1814,44.25173,-76.59444,290,18950
1814,44.25155,-76.5945,291,18970
1814,44.25097,-76.59255,292,19149
1814,44.25107,-76.59251,293,19161
1814,44.25039,-76.58969,294,19397
1814,44.25076,-76.58933,295,19459
1814,44.2508,-76.5895,296,19473
1814,44.25264,-76.5885,297,19699
1814,44.25266,-76.5886,298,19707
1814,44.25365,-76.58813,299,19822
1814,44.2546,-76.58749,300,19934
1814,44.2554,-76.58655,301,20046
1814,44.2555,-76.58622,302,20082
1814,44.25557,-76.58632,303,20093
1814,44.25651,-76.58503,304,20239
1814,44.25716,-76.58444,305,20319
1814,44.25887,-76.58399,306,20508
1814,44.26013,-76.58357,307,20651
1814,44.26026,-76.58338,308,20679
1814,44.2603,-76.58349,309,20689
1814,44.26051,-76.58335,310,20714
1814,44.26085,-76.58326,311,20749
1814,44.26133,-76.5834,312,20801
1814,44.26201,-76.58391,313,20885
1814,44.26221,-76.58398,314,20906
1814,44.26245,-76.58239,315,21045
1814,44.26251,-76.58236,316,21052
1814,44.26253,-76.58198,317,21082
1814,44.26248,-76.58163,318,21110
1814,44.26242,-76.58143,319,21127
1814,44.26186,-76.58024,320,21241
1814,44.26191,-76.58023,321,21247
1814,44.26178,-76.57908,322,21339
1814,44.26181,-76.57875,323,21364
1814,44.26184,-76.57862,324,21374
1814,44.26221,-76.57788,325,21450
1814,44.26225,-76.57794,326,21456
1814,44.26251,-76.57757,327,21495
1814,44.26284,-76.57735,328,21534
1814,44.26413,-76.57737,329,21676
1814,44.26493,-76.57731,330,21771
1814,44.26493,-76.57739,331,21777
1814,44.26535,-76.57747,332,21824
1814,44.26629,-76.57804,333,21935
1814,44.26696,-76.5783,334,22020
1814,44.26693,-76.57841,335,22029
1814,44.2677,-76.57887,336,22121
1814,44.2684,-76.57885,337,22197
1814,44.26893,-76.57859,338,22259
1814,44.27016,-76.57842,339,22399
1814,44.27025,-76.5785,340,22414
1814,44.27191,-76.57833,341,22604
1814,44.27191,-76.57842,342,22611
1814,44.272,-76.57842,343,22620
1814,44.27199,-76.5775,344,22693
1814,44.27204,-76.57741,345,22700
1814,44.27213,-76.57738,346,22708
1814,44.27274,-76.57741,347,22776
1814,44.2727,-76.57689,348,22822
1814,44.27279,-76.57427,349,23036
1814,44.27126,-76.57434,350,23212
1814,44.27126,-76.57425,351,23219
1814,44.27028,-76.57423,352,23328
1814,44.26877,-76.57427,353,23500
1814,44.26732,-76.57417,354,23664
1814,44.26659,-76.57426,355,23755
1814,44.26659,-76.57415,356,23764
1814,44.26516,-76.5741,357,23923
1814,44.26333,-76.57423,358,24138
1814,44.26332,-76.57407,359,24150
1814,44.26236,-76.57406,360,24257
1814,44.26134,-76.57406,361,24370
1814,44.26038,-76.57417,362,24485
1814,44.26037,-76.57405,363,24493
1814,44.25858,-76.57404,364,24692
1814,44.25738,-76.574,365,24824
1814,44.25709,-76.57422,366,24866
1814,44.25707,-76.57413,367,24873
1814,44.25671,-76.57431,368,24915
1814,44.25564,-76.57428,369,25030
1814,44.25506,-76.57424,370,25094
1814,44.25495,-76.57417,371,25105
1814,44.25485,-76.57399,372,25120
1814,44.25483,-76.57389,373,25128
1814,44.25485,-76.57314,374,25187
1814,44.25514,-76.57316,375,25219
1814,44.2552,-76.57189,376,25320
1814,44.25489,-76.57188,377,25353
1814,44.25498,-76.57283,378,25441
1815,44.21891,-76.56943,0,0
1815,44.21892,-76.56929,1,11
1815,44.2184,-76.56924,2,68
1815,44.21842,-76.57048,3,178
1815,44.21832,-76.57047,4,189
1815,44.2183,-76.57232,5,345
1815,44.21821,-76.57232,6,355
1815,44.21811,-76.57402,7,490
1815,44.21927,-76.57406,8,624
1815,44.2193,-76.57413,9,631
1815,44.2199,-76.5741,10,696
1815,44.21985,-76.57521,11,784
1815,44.22,-76.57673,12,906
1815,44.22007,-76.57697,13,926
1815,44.22026,-76.57727,14,954
1815,44.22042,-76.5774,15,972
1815,44.2207,-76.57741,16,1006
1815,44.2208,-76.57749,17,1023
1815,44.22245,-76.57758,18,1211
1815,44.22256,-76.57766,19,1229
1815,44.22263,-76.57768,20,1236
1815,44.22346,-76.5783,21,1343
1815,44.22419,-76.57901,22,1445
1815,44.22447,-76.57915,23,1476
1815,44.22591,-76.57922,24,1641
1815,44.226,-76.5793,25,1655
1815,44.22767,-76.57947,26,1840
1815,44.22796,-76.57942,27,1877
1815,44.22814,-76.57951,28,1902
1815,44.22992,-76.57967,29,2100
1815,44.23156,-76.57983,30,2282
1815,44.23164,-76.57978,31,2290
1815,44.23167,-76.57969,32,2296
1815,44.23165,-76.57918,33,2341
1815,44.23173,-76.57859,34,2393
1815,44.23321,-76.57874,35,2557
1815,44.23345,-76.57859,36,2590
1815,44.23354,-76.57863,37,2604
1815,44.23432,-76.58258,38,2931
1815,44.23437,-76.58284,39,2952
1815,44.23441,-76.58371,40,3029
1815,44.23435,-76.58375,41,3036
1815,44.23456,-76.58519,42,3153
1815,44.2348,-76.58674,43,3279
1815,44.23481,-76.58699,44,3299
1815,44.23475,-76.58743,45,3332
1815,44.23467,-76.58769,46,3352
1815,44.23442,-76.58812,47,3392
1815,44.23429,-76.58826,48,3408
1815,44.23403,-76.58843,49,3437
1815,44.2332,-76.58871,50,3531
1815,44.23197,-76.5886,51,3667
1815,44.23182,-76.58867,52,3689
1815,44.23182,-76.58859,53,3695
1815,44.23063,-76.58848,54,3827
1815,44.22979,-76.58866,55,3927
1815,44.22978,-76.58857,56,3934
1815,44.229,-76.58876,57,4020
1815,44.22925,-76.59056,58,4165
1815,44.22937,-76.5911,59,4207
1815,44.2298,-76.59202,60,4288
1815,44.23036,-76.59263,61,4361
1815,44.23095,-76.59294,62,4426
1815,44.23242,-76.59314,63,4588
1815,44.23241,-76.59437,64,4691
1815,44.23235,-76.59436,65,4697
1815,44.23227,-76.59583,66,4814
1815,44.23225,-76.59642,67,4860
1815,44.23232,-76.59686,68,4895
1815,44.23244,-76.59719,69,4923
1815,44.23311,-76.59808,70,5030
1815,44.23307,-76.59815,71,5036
1815,44.23333,-76.59834,72,5067
1815,44.23495,-76.59855,73,5245
1815,44.23512,-76.5985,74,5269
1815,44.23557,-76.59861,75,5323
1815,44.2359,-76.59851,76,5359
1815,44.23613,-76.59834,77,5387
1815,44.23643,-76.59788,78,5433
1815,44.23662,-76.59737,79,5477
1815,44.23697,-76.59747,80,5521
1815,44.23726,-76.59769,81,5562
1815,44.23788,-76.59776,82,5634
1815,44.23816,-76.59783,83,5670
1815,44.23814,-76.59586,84,5827
1815,44.23813,-76.59569,85,5840
1815,44.23809,-76.59548,86,5856
1815,44.23771,-76.59467,87,5930
1815,44.23761,-76.59421,88,5965
1815,44.23752,-76.59283,89,6074
1815,44.23726,-76.59225,90,6137
1815,44.23735,-76.59219,91,6148
1815,44.2371,-76.59138,92,6218
1815,44.23709,-76.59115,93,6236
1815,44.23712,-76.59095,94,6252
1815,44.23722,-76.59072,95,6272
1815,44.23732,-76.5906,96,6286
1815,44.23737,-76.59056,97,6292
1815,44.23803,-76.59026,98,6369
1815,44.23777,-76.58892,99,6479
1815,44.23746,-76.58695,100,6639
1815,44.23724,-76.58496,101,6799
1815,44.23724,-76.5832,102,6939
1815,44.23715,-76.58266,103,6995
1815,44.23727,-76.58266,104,7009
1815,44.23757,-76.5799,105,7230
1815,44.23773,-76.57863,106,7332
1815,44.23759,-76.57724,107,7455
1815,44.23772,-76.57723,108,7470
1815,44.23758,-76.57459,109,7681
1815,44.23738,-76.57337,110,7794
1815,44.23751,-76.57335,111,7808
1815,44.23739,-76.57112,112,7987
1815,44.2372,-76.57033,113,8067
1815,44.23735,-76.57032,114,8083
1815,44.23719,-76.56746,115,8312
1815,44.2378,-76.56737,116,8391
1815,44.23779,-76.56753,117,8404
1815,44.24067,-76.56772,118,8724
1815,44.24181,-76.56776,119,8850
1815,44.24183,-76.56843,120,8907
1815,44.24168,-76.57206,121,9200
1815,44.24171,-76.5726,122,9249
1815,44.24166,-76.5726,123,9255
1815,44.24157,-76.5751,124,9455
1815,44.24133,-76.57661,125,9577
1815,44.24126,-76.57713,126,9624
1815,44.24121,-76.5771,127,9630
1815,44.24093,-76.57835,128,9734
1815,44.24084,-76.57968,129,9845
1815,44.24075,-76.57997,130,9874
1815,44.24054,-76.58229,131,10060
1815,44.2405,-76.58285,132,10103
1815,44.24055,-76.58317,133,10127
1815,44.24113,-76.58474,134,10272
1815,44.24126,-76.58528,135,10321
1815,44.24234,-76.58458,136,10454
1815,44.24245,-76.58455,137,10465
1815,44.24265,-76.5846,138,10486
1815,44.24373,-76.58556,139,10632
1815,44.2443,-76.5863,140,10719
1815,44.24482,-76.58742,141,10825
1815,44.24508,-76.58802,142,10877
1815,44.24511,-76.58823,143,10894
1815,44.24508,-76.58954,144,10997
1815,44.24512,-76.59018,145,11054
1815,44.24506,-76.59018,146,11060
1815,44.24503,-76.59236,147,11236
1815,44.24498,-76.59252,148,11252
1815,44.24497,-76.59292,149,11283
1815,44.24505,-76.59329,150,11312
1815,44.24519,-76.59357,151,11337
1815,44.24529,-76.59369,152,11351
1815,44.24556,-76.59386,153,11381
1815,44.24667,-76.59394,154,11503
1815,44.24722,-76.59402,155,11568
1815,44.24721,-76.5941,156,11574
1815,44.2481,-76.5944,157,11676
1815,44.24836,-76.59454,158,11706
1815,44.24843,-76.59461,159,11715
1815,44.24865,-76.59496,160,11750
1815,44.2487,-76.59513,161,11763
1815,44.24873,-76.59535,162,11780
1815,44.24872,-76.59734,163,11943
1815,44.24866,-76.59747,164,11958
1815,44.24856,-76.59892,165,12073
1815,44.24859,-76.59968,166,12137
1815,44.24848,-76.60112,167,12257
1815,44.24849,-76.60266,168,12386
1815,44.24843,-76.60266,169,12392
1815,44.24841,-76.60355,170,12463
1815,44.24752,-76.60351,171,12561
1815,44.24745,-76.60348,172,12567
1815,44.24738,-76.60352,173,12574
1815,44.24735,-76.6036,174,12580
1815,44.24739,-76.60452,175,12658
1815,44.24733,-76.60452,176,12664
1815,44.2473,-76.60542,177,12734
1815,44.24735,-76.60562,178,12749
1815,44.24748,-76.60593,179,12776
1815,44.24751,-76.60623,180,12798
1815,44.24747,-76.60698,181,12858
1815,44.24745,-76.60706,182,12864
1815,44.24736,-76.60725,183,12882
1815,44.24713,-76.60757,184,12916
1815,44.24708,-76.60772,185,12928
1815,44.2471,-76.60852,186,12998
1815,44.24705,-76.60852,187,13004
1815,44.24697,-76.61045,188,13157
1815,44.24695,-76.61119,189,13216
1815,44.24653,-76.61123,190,13266
1815,44.24603,-76.61113,191,13327
1815,44.24586,-76.61123,192,13346
1815,44.24574,-76.61145,193,13367
1815,44.24556,-76.61331,194,13515
1815,44.24561,-76.61348,195,13535
1815,44.24554,-76.61347,196,13543
1815,44.24538,-76.61519,197,13681
1815,44.24531,-76.61538,198,13697
1815,44.24524,-76.61544,199,13705
1815,44.24512,-76.61548,200,13717
1815,44.24445,-76.61543,201,13791
1815,44.24438,-76.61545,202,13798
1815,44.24432,-76.61549,203,13804
1815,44.24425,-76.61559,204,13813
1815,44.24403,-76.61649,205,13887
1815,44.24403,-76.6166,206,13895
1815,44.24405,-76.6167,207,13901
1815,44.24418,-76.61685,208,13923
1815,44.24421,-76.61704,209,13943
1815,44.24518,-76.61625,210,14067
1815,44.24657,-76.61536,211,14237
1815,44.24675,-76.61517,212,14264
1815,44.24794,-76.61453,213,14411
1815,44.24814,-76.61437,214,14442
1815,44.24816,-76.61444,215,14448
1815,44.24906,-76.61406,216,14552
1815,44.24924,-76.61396,217,14574
1815,44.24931,-76.61387,218,14584
1815,44.24935,-76.61377,219,14593
1815,44.24946,-76.61247,220,14697
1815,44.24946,-76.61193,221,14744
1815,44.24953,-76.61085,222,14841
1815,44.24959,-76.61086,223,14848
1815,44.24961,-76.61064,224,14865
1815,44.25016,-76.61069,225,14926
1815,44.25038,-76.60833,226,15116
1815,44.25048,-76.60605,227,15298
1815,44.25065,-76.60478,228,15396
1815,44.25157,-76.60155,229,15671
1815,44.25275,-76.60212,230,15815
1815,44.25272,-76.60219,231,15821
1815,44.25302,-76.60239,232,15854
1815,44.25314,-76.60253,233,15869
1815,44.25326,-76.60277,234,15890
1815,44.25334,-76.60308,235,15913
1815,44.25336,-76.60434,236,16018
1815,44.25329,-76.60434,237,16025
1815,44.25326,-76.60564,238,16127
1815,44.25334,-76.60591,239,16149
1815,44.25349,-76.60616,240,16173
1815,44.25355,-76.60621,241,16180
1815,44.25441,-76.60658,242,16280
1815,44.25479,-76.60654,243,16327
1815,44.25479,-76.60662,244,16333
1815,44.25485,-76.60662,245,16339
1815,44.25526,-76.60641,246,16385
1815,44.25537,-76.60631,247,16398
1815,44.25554,-76.60608,248,16422
1815,44.25607,-76.60423,249,16587
1815,44.25617,-76.60404,250,16608
1815,44.25622,-76.60389,251,16621
1815,44.25631,-76.60373,252,16636
1815,44.25644,-76.60358,253,16654
1815,44.25672,-76.60351,254,16684
1815,44.25782,-76.60357,255,16812
1815,44.25782,-76.60365,256,16818
1815,44.25794,-76.60367,257,16832
1815,44.25812,-76.60031,258,17105
1815,44.25818,-76.60032,259,17111
1815,44.25837,-76.59763,260,17327
1815,44.25835,-76.59703,261,17379
1815,44.25841,-76.59705,262,17385
1815,44.25854,-76.59516,263,17536
1815,44.25738,-76.59508,264,17665
1815,44.25666,-76.59503,265,17744
1815,44.25628,-76.59516,266,17786
1815,44.25623,-76.59444,267,17849
1815,44.25628,-76.59444,268,17855
1815,44.25637,-76.59314,269,17958
1815,44.25642,-76.59142,270,18097
1815,44.25645,-76.5913,271,18111
1815,44.25636,-76.59091,272,18142
1815,44.25596,-76.59017,273,18212
1815,44.25572,-76.58988,274,18245
1815,44.25539,-76.58968,275,18280
1815,44.25532,-76.58966,276,18287
1815,44.25493,-76.58971,277,18329
1815,44.25457,-76.58996,278,18378
1815,44.25443,-76.58994,279,18396
1815,44.25378,-76.59027,280,18472
1815,44.25353,-76.5905,281,18504
1815,44.25337,-76.59073,282,18529
1815,44.2532,-76.59112,283,18564
1815,44.25312,-76.59142,284,18589
1815,44.25307,-76.59239,285,18672
1815,44.25301,-76.59238,286,18678
1815,44.25284,-76.59365,287,18781
1815,44.25284,-76.59405,288,18811
1815,44.25175,-76.59451,289,18944
1815,44.25173,-76.59444,290,18950
1815,44.25155,-76.5945,291,18970
1815,44.25097,-76.59255,292,19149
1815,44.25107,-76.59251,293,19161
1815,44.25039,-76.58969,294,19397
1815,44.25076,-76.58933,295,19459
1815,44.2508,-76.5895,296,19473
1815,44.25264,-76.5885,297,19699
1815,44.25266,-76.5886,298,19707
1815,44.25365,-76.58813,299,19822
1815,44.2546,-76.58749,300,19934
1815,44.2554,-76.58655,301,20046
1815,44.2555,-76.58622,302,20082
1815,44.25557,-76.58632,303,20093
1815,44.25651,-76.58503,304,20239
1815,44.25716,-76.58444,305,20319
1815,44.25887,-76.58399,306,20508
1815,44.26013,-76.58357,307,20651
1815,44.26026,-76.58338,308,20679
1815,44.2603,-76.58349,309,20689
1815,44.26051,-76.58335,310,20714
1815,44.26085,-76.58326,311,20749
1815,44.26133,-76.5834,312,20801
1815,44.26201,-76.58391,313,20885
1815,44.26221,-76.58398,314,20906
1815,44.26245,-76.58239,315,21045
1815,44.26251,-76.58236,316,21052
1815,44.26253,-76.58198,317,21082
1815,44.26248,-76.58163,318,21110
1815,44.26242,-76.58143,319,21127
1815,44.26186,-76.58024,320,21241
1815,44.26191,-76.58023,321,21247
1815,44.26178,-76.57908,322,21339
1815,44.26181,-76.57875,323,21364
1815,44.26184,-76.57862,324,21374
1815,44.26221,-76.57788,325,21450
1815,44.26225,-76.57794,326,21456
1815,44.26251,-76.57757,327,21495
1815,44.26284,-76.57735,328,21534
1815,44.26413,-76.57737,329,21676
1815,44.26493,-76.57731,330,21771
1815,44.26493,-76.57739,331,21777
1815,44.26535,-76.57747,332,21824
1815,44.26629,-76.57804,333,21935
1815,44.26696,-76.5783,334,22020
1815,44.26693,-76.57841,335,22029
1815,44.2677,-76.57887,336,22121
1815,44.2684,-76.57885,337,22197
1815,44.26893,-76.57859,338,22259
1815,44.27016,-76.57842,339,22399
1815,44.27025,-76.5785,340,22414
1815,44.27191,-76.57833,341,22604
1815,44.27191,-76.57842,342,22611
1815,44.272,-76.57842,343,22620
1815,44.27199,-76.5775,344,22693
1815,44.27204,-76.57741,345,22700
1815,44.27213,-76.57738,346,22708
1815,44.27274,-76.57741,347,22776
1815,44.2727,-76.57689,348,22822
1815,44.27279,-76.57427,349,23036
1815,44.27126,-76.57434,350,23212
1815,44.27126,-76.57425,351,23219
1815,44.27028,-76.57423,352,23328
1815,44.26877,-76.57427,353,23500
1815,44.26732,-76.57417,354,23664
1815,44.26659,-76.57426,355,23755
1815,44.26659,-76.57415,356,23764
1815,44.26516,-76.5741,357,23923
1815,44.26333,-76.57423,358,24138
1815,44.26332,-76.57407,359,24150
1815,44.26236,-76.57406,360,24257
1815,44.26134,-76.57406,361,24370
1815,44.26038,-76.57417,362,24485
1815,44.26037,-76.57405,363,24493
1815,44.25858,-76.57404,364,24692
1815,44.25738,-76.574,365,24824
1815,44.25709,-76.57422,366,24866
1815,44.25707,-76.57413,367,24873
1815,44.25671,-76.57431,368,24915
1815,44.25564,-76.57428,369,25030
1815,44.25506,-76.57424,370,25094
1815,44.25495,-76.57417,371,25105
1815,44.25485,-76.57399,372,25120
1815,44.25483,-76.57389,373,25128
1815,44.25485,-76.57314,374,25187
1815,44.25514,-76.57316,375,25219
1815,44.25508,-76.57271,376,25263
1816,44.2316,-76.48413,0,0
1816,44.23162,-76.48424,1,8
1816,44.23272,-76.48393,2,131
1816,44.23328,-76.48378,3,194
1816,44.23366,-76.48379,4,235
1816,44.23347,-76.48252,5,338
1816,44.23307,-76.48065,6,501
1816,44.23315,-76.48062,7,510
1816,44.23286,-76.47893,8,647
1816,44.23389,-76.47859,9,762
1816,44.23405,-76.47848,10,779
1816,44.23415,-76.47832,11,794
1816,44.23446,-76.47718,12,888
1816,44.23477,-76.47333,13,1196
1816,44.23495,-76.47199,14,1304
1816,44.23542,-76.4698,15,1486
1816,44.23596,-76.46816,16,1627
1816,44.23684,-76.46595,17,1828
1816,44.2369,-76.46556,18,1867
1816,44.23697,-76.46562,19,1876
1816,44.23781,-76.46354,20,2066
1816,44.23884,-76.46095,21,2301
1816,44.23941,-76.45944,22,2437
1816,44.23982,-76.45781,23,2574
1816,44.23973,-76.45767,24,2594
1816,44.23983,-76.45769,25,2605
1816,44.23999,-76.45548,26,2782
1816,44.24001,-76.45524,27,2801
1816,44.24057,-76.45532,28,2862
1816,44.24065,-76.45458,29,2921
1816,44.24072,-76.45444,30,2934
1816,44.24082,-76.45436,31,2945
1816,44.24088,-76.45433,32,2951
1816,44.24315,-76.45467,33,3204
1816,44.24311,-76.45447,34,3225
1816,44.24316,-76.45448,35,3231
1816,44.24328,-76.45295,36,3353
1816,44.24334,-76.4513,37,3492
1816,44.24342,-76.45131,38,3500
1816,44.2436,-76.4488,39,3700
1816,44.24367,-76.44706,40,3847
1816,44.24374,-76.44707,41,3855
1816,44.24395,-76.44444,42,4066
1816,44.24403,-76.44272,43,4210
1816,44.24409,-76.44273,44,4217
1816,44.24419,-76.44147,45,4316
1816,44.24416,-76.44129,46,4329
1816,44.24408,-76.44109,47,4345
1816,44.24328,-76.44008,48,4464
1816,44.24253,-76.43918,49,4573
1816,44.2423,-76.43909,50,4606
1816,44.24232,-76.43901,51,4613
1816,44.24114,-76.43889,52,4743
1816,44.2406,-76.4388,53,4803
1816,44.24059,-76.43969,54,4880
